Date,UST 2Y,UST 5Y,UST 10Y,UST 30Y
10-Apr-2026,3.81,3.94,4.31,4.91
09-Apr-2026,3.78,3.91,4.29,4.90
08-Apr-2026,3.79,3.92,4.29,4.89
07-Apr-2026,3.81,3.95,4.33,4.90
06-Apr-2026,3.84,3.98,4.34,4.89
03-Apr-2026,3.84,3.99,4.35,4.91
02-Apr-2026,3.79,3.94,4.31,4.88
01-Apr-2026,3.81,3.97,4.33,4.91
31-Mar-2026,3.79,3.92,4.30,4.88
30-Mar-2026,3.82,3.97,4.35,4.91
27-Mar-2026,3.88,4.06,4.44,4.98
26-Mar-2026,3.96,4.08,4.42,4.93
25-Mar-2026,3.84,3.96,4.33,4.89
24-Mar-2026,3.90,4.03,4.39,4.94
23-Mar-2026,3.83,3.95,4.34,4.91
20-Mar-2026,3.88,4.01,4.39,4.96
19-Mar-2026,3.79,3.88,4.25,4.83
18-Mar-2026,3.76,3.87,4.26,4.88
17-Mar-2026,3.68,3.79,4.20,4.85
16-Mar-2026,3.68,3.80,4.23,4.86
13-Mar-2026,3.73,3.87,4.28,4.90
12-Mar-2026,3.76,3.88,4.27,4.88
11-Mar-2026,3.64,3.79,4.21,4.86
10-Mar-2026,3.57,3.73,4.15,4.78
09-Mar-2026,3.56,3.71,4.12,4.72
06-Mar-2026,3.56,3.72,4.15,4.77
05-Mar-2026,3.57,3.72,4.13,4.74
04-Mar-2026,3.54,3.67,4.09,4.72
03-Mar-2026,3.51,3.63,4.06,4.70
02-Mar-2026,3.47,3.62,4.05,4.70
27-Feb-2026,3.38,3.51,3.97,4.64
26-Feb-2026,3.42,3.57,4.02,4.67
25-Feb-2026,3.45,3.61,4.05,4.70
24-Feb-2026,3.43,3.61,4.04,4.70
23-Feb-2026,3.43,3.59,4.03,4.70
20-Feb-2026,3.48,3.65,4.08,4.72
19-Feb-2026,3.47,3.65,4.08,4.70
18-Feb-2026,3.47,3.66,4.09,4.71
17-Feb-2026,3.43,3.63,4.05,4.68
13-Feb-2026,3.40,3.61,4.04,4.69
12-Feb-2026,3.47,3.67,4.09,4.72
11-Feb-2026,3.52,3.75,4.18,4.82
10-Feb-2026,3.45,3.70,4.16,4.78
09-Feb-2026,3.48,3.75,4.22,4.85
06-Feb-2026,3.50,3.76,4.22,4.85
05-Feb-2026,3.47,3.74,4.21,4.85
04-Feb-2026,3.57,3.83,4.29,4.91
03-Feb-2026,3.57,3.83,4.28,4.90
02-Feb-2026,3.57,3.83,4.29,4.90
30-Jan-2026,3.52,3.79,4.26,4.87
29-Jan-2026,3.53,3.80,4.24,4.85
28-Jan-2026,3.56,3.83,4.26,4.85
27-Jan-2026,3.53,3.81,4.24,4.83
26-Jan-2026,3.56,3.82,4.22,4.80
23-Jan-2026,3.60,3.84,4.24,4.82
22-Jan-2026,3.61,3.85,4.26,4.84
21-Jan-2026,3.60,3.83,4.26,4.87
20-Jan-2026,3.60,3.86,4.30,4.91
16-Jan-2026,3.59,3.82,4.24,4.83
15-Jan-2026,3.56,3.77,4.17,4.79
14-Jan-2026,3.51,3.72,4.15,4.79
13-Jan-2026,3.53,3.75,4.18,4.83
12-Jan-2026,3.54,3.77,4.19,4.83
09-Jan-2026,3.54,3.75,4.18,4.82
08-Jan-2026,3.49,3.74,4.19,4.85
07-Jan-2026,3.47,3.70,4.15,4.82
06-Jan-2026,3.47,3.72,4.18,4.86
05-Jan-2026,3.46,3.71,4.17,4.85
02-Jan-2026,3.47,3.74,4.19,4.86
31-Dec-2025,3.47,3.73,4.18,4.84
30-Dec-2025,3.45,3.68,4.14,4.81
29-Dec-2025,3.45,3.67,4.12,4.80
26-Dec-2025,3.46,3.68,4.14,4.81
24-Dec-2025,3.47,3.70,4.15,4.79
23-Dec-2025,3.48,3.72,4.18,4.83
22-Dec-2025,3.44,3.71,4.17,4.84
19-Dec-2025,3.48,3.70,4.16,4.82
18-Dec-2025,3.46,3.66,4.12,4.80
17-Dec-2025,3.49,3.70,4.16,4.83
16-Dec-2025,3.48,3.69,4.15,4.82
15-Dec-2025,3.51,3.73,4.18,4.84
12-Dec-2025,3.52,3.75,4.19,4.85
11-Dec-2025,3.52,3.72,4.14,4.79
10-Dec-2025,3.54,3.72,4.13,4.78
09-Dec-2025,3.61,3.78,4.18,4.80
08-Dec-2025,3.57,3.75,4.17,4.81
05-Dec-2025,3.56,3.72,4.14,4.79
04-Dec-2025,3.52,3.68,4.11,4.76
03-Dec-2025,3.49,3.62,4.06,4.73
02-Dec-2025,3.51,3.66,4.09,4.74
01-Dec-2025,3.54,3.67,4.09,4.74
28-Nov-2025,3.47,3.59,4.02,4.67
26-Nov-2025,3.45,3.56,4.00,4.64
25-Nov-2025,3.43,3.55,4.01,4.67
24-Nov-2025,3.46,3.61,4.04,4.68
21-Nov-2025,3.51,3.62,4.06,4.71
20-Nov-2025,3.55,3.68,4.10,4.73
19-Nov-2025,3.58,3.71,4.13,4.75
18-Nov-2025,3.58,3.70,4.12,4.74
17-Nov-2025,3.60,3.72,4.13,4.73
14-Nov-2025,3.62,3.74,4.14,4.74
13-Nov-2025,3.58,3.71,4.11,4.70
12-Nov-2025,3.56,3.68,4.08,4.67
10-Nov-2025,3.58,3.72,4.13,4.71
07-Nov-2025,3.55,3.67,4.11,4.70
06-Nov-2025,3.57,3.69,4.11,4.69
05-Nov-2025,3.63,3.76,4.17,4.74
04-Nov-2025,3.58,3.69,4.10,4.67
03-Nov-2025,3.60,3.72,4.13,4.69
31-Oct-2025,3.60,3.71,4.11,4.67
30-Oct-2025,3.61,3.72,4.11,4.65
29-Oct-2025,3.59,3.70,4.08,4.61
28-Oct-2025,3.47,3.60,3.99,4.55
27-Oct-2025,3.48,3.61,4.01,4.57
24-Oct-2025,3.48,3.61,4.02,4.59
23-Oct-2025,3.48,3.61,4.01,4.58
22-Oct-2025,3.45,3.56,3.97,4.54
21-Oct-2025,3.45,3.56,3.98,4.55
20-Oct-2025,3.46,3.58,4.00,4.58
17-Oct-2025,3.46,3.59,4.02,4.60
16-Oct-2025,3.41,3.55,3.99,4.58
15-Oct-2025,3.50,3.63,4.05,4.64
14-Oct-2025,3.48,3.60,4.03,4.62
10-Oct-2025,3.52,3.65,4.05,4.63
09-Oct-2025,3.60,3.74,4.14,4.72
08-Oct-2025,3.58,3.72,4.13,4.72
07-Oct-2025,3.57,3.71,4.14,4.73
06-Oct-2025,3.60,3.75,4.18,4.76
03-Oct-2025,3.58,3.72,4.13,4.71
02-Oct-2025,3.55,3.67,4.10,4.69
01-Oct-2025,3.55,3.68,4.12,4.72
30-Sep-2025,3.60,3.74,4.16,4.73
29-Sep-2025,3.63,3.74,4.15,4.71
26-Sep-2025,3.63,3.76,4.20,4.77
25-Sep-2025,3.64,3.75,4.18,4.75
24-Sep-2025,3.57,3.70,4.16,4.76
23-Sep-2025,3.53,3.68,4.12,4.73
22-Sep-2025,3.61,3.71,4.15,4.77
19-Sep-2025,3.57,3.68,4.14,4.75
18-Sep-2025,3.57,3.67,4.11,4.72
17-Sep-2025,3.52,3.62,4.06,4.66
16-Sep-2025,3.51,3.59,4.04,4.65
15-Sep-2025,3.54,3.61,4.05,4.66
12-Sep-2025,3.56,3.63,4.06,4.68
11-Sep-2025,3.52,3.59,4.01,4.65
10-Sep-2025,3.54,3.59,4.04,4.69
09-Sep-2025,3.54,3.61,4.08,4.72
08-Sep-2025,3.49,3.57,4.05,4.69
05-Sep-2025,3.51,3.59,4.10,4.78
04-Sep-2025,3.59,3.65,4.17,4.86
03-Sep-2025,3.61,3.69,4.22,4.90
02-Sep-2025,3.66,3.74,4.28,4.97
29-Aug-2025,3.59,3.68,4.23,4.92
28-Aug-2025,3.62,3.69,4.22,4.88
27-Aug-2025,3.59,3.69,4.24,4.91
26-Aug-2025,3.61,3.75,4.26,4.90
25-Aug-2025,3.73,3.80,4.28,4.89
22-Aug-2025,3.68,3.76,4.26,4.88
21-Aug-2025,3.79,3.86,4.33,4.92
20-Aug-2025,3.74,3.81,4.29,4.89
19-Aug-2025,3.75,3.82,4.30,4.90
18-Aug-2025,3.77,3.86,4.34,4.94
15-Aug-2025,3.75,3.85,4.33,4.92
14-Aug-2025,3.74,3.82,4.29,4.88
13-Aug-2025,3.67,3.77,4.24,4.83
12-Aug-2025,3.72,3.83,4.29,4.88
11-Aug-2025,3.76,3.83,4.27,4.84
08-Aug-2025,3.76,3.84,4.27,4.85
07-Aug-2025,3.72,3.79,4.23,4.81
06-Aug-2025,3.69,3.77,4.22,4.81
05-Aug-2025,3.72,3.77,4.22,4.78
04-Aug-2025,3.69,3.75,4.22,4.80
01-Aug-2025,3.69,3.77,4.23,4.81
31-Jul-2025,3.94,3.96,4.37,4.89
30-Jul-2025,3.94,3.96,4.38,4.89
29-Jul-2025,3.86,3.90,4.34,4.86
28-Jul-2025,3.91,3.96,4.42,4.96
25-Jul-2025,3.91,3.95,4.40,4.92
24-Jul-2025,3.91,3.98,4.43,4.96
23-Jul-2025,3.88,3.94,4.40,4.95
22-Jul-2025,3.83,3.88,4.35,4.90
21-Jul-2025,3.85,3.91,4.38,4.94
18-Jul-2025,3.88,3.96,4.44,5.00
17-Jul-2025,3.91,4.01,4.47,5.01
16-Jul-2025,3.88,3.99,4.46,5.01
15-Jul-2025,3.95,4.05,4.50,5.01
14-Jul-2025,3.90,3.98,4.43,4.97
11-Jul-2025,3.90,3.99,4.43,4.96
10-Jul-2025,3.86,3.93,4.35,4.86
09-Jul-2025,3.86,3.92,4.34,4.87
08-Jul-2025,3.90,3.99,4.42,4.94
07-Jul-2025,3.90,3.96,4.40,4.92
03-Jul-2025,3.88,3.94,4.35,4.86
02-Jul-2025,3.78,3.87,4.30,4.82
01-Jul-2025,3.78,3.84,4.26,4.78
30-Jun-2025,3.72,3.79,4.24,4.78
27-Jun-2025,3.73,3.83,4.29,4.85
26-Jun-2025,3.70,3.79,4.26,4.81
25-Jun-2025,3.74,3.83,4.29,4.83
24-Jun-2025,3.75,3.86,4.30,4.83
23-Jun-2025,3.84,3.91,4.34,4.87
20-Jun-2025,3.90,3.96,4.38,4.89
18-Jun-2025,3.94,3.98,4.38,4.88
17-Jun-2025,3.94,3.99,4.39,4.88
16-Jun-2025,3.97,4.04,4.46,4.96
13-Jun-2025,3.96,4.02,4.41,4.90
12-Jun-2025,3.90,3.97,4.36,4.84
11-Jun-2025,3.94,4.02,4.41,4.91
10-Jun-2025,4.01,4.08,4.47,4.93
09-Jun-2025,4.01,4.09,4.49,4.95
06-Jun-2025,4.04,4.13,4.51,4.97
05-Jun-2025,3.92,3.99,4.40,4.88
04-Jun-2025,3.87,3.93,4.37,4.89
03-Jun-2025,3.96,4.04,4.46,4.98
02-Jun-2025,3.94,4.01,4.46,4.99
30-May-2025,3.89,3.96,4.41,4.92
29-May-2025,3.92,4.00,4.43,4.92
28-May-2025,3.96,4.05,4.47,4.97
27-May-2025,3.92,4.04,4.43,4.94
23-May-2025,4.00,4.08,4.51,5.04
22-May-2025,4.00,4.11,4.54,5.05
21-May-2025,4.00,4.15,4.58,5.08
20-May-2025,3.97,4.07,4.48,4.96
19-May-2025,3.97,4.07,4.46,4.92
16-May-2025,3.98,4.06,4.43,4.89
15-May-2025,3.96,4.07,4.45,4.91
14-May-2025,4.05,4.17,4.53,4.97
13-May-2025,4.02,4.12,4.49,4.94
12-May-2025,3.98,4.09,4.45,4.89
09-May-2025,3.88,4.00,4.37,4.83
08-May-2025,3.90,4.00,4.37,4.83
07-May-2025,3.78,3.87,4.26,4.77
06-May-2025,3.78,3.90,4.30,4.81
05-May-2025,3.83,3.95,4.36,4.83
02-May-2025,3.83,3.92,4.33,4.79
01-May-2025,3.70,3.81,4.25,4.74
30-Apr-2025,3.60,3.72,4.17,4.66
29-Apr-2025,3.65,3.77,4.19,4.64
28-Apr-2025,3.67,3.81,4.23,4.69
25-Apr-2025,3.74,3.88,4.29,4.74
24-Apr-2025,3.77,3.91,4.32,4.77
23-Apr-2025,3.81,4.00,4.40,4.83
22-Apr-2025,3.76,3.98,4.41,4.88
21-Apr-2025,3.75,3.97,4.42,4.91
17-Apr-2025,3.81,3.95,4.34,4.80
16-Apr-2025,3.77,3.91,4.29,4.74
15-Apr-2025,3.84,3.98,4.35,4.79
14-Apr-2025,3.84,4.02,4.38,4.80
11-Apr-2025,3.96,4.15,4.48,4.85
10-Apr-2025,3.84,4.04,4.40,4.86
09-Apr-2025,3.91,4.06,4.34,4.72
08-Apr-2025,3.71,3.88,4.26,4.71
07-Apr-2025,3.73,3.82,4.15,4.58
04-Apr-2025,3.68,3.72,4.01,4.41
03-Apr-2025,3.71,3.75,4.06,4.49
02-Apr-2025,3.91,3.95,4.20,4.54
01-Apr-2025,3.87,3.91,4.17,4.52
31-Mar-2025,3.89,3.96,4.23,4.59
28-Mar-2025,3.89,3.98,4.27,4.64
27-Mar-2025,3.97,4.09,4.38,4.73
26-Mar-2025,3.98,4.08,4.35,4.69
25-Mar-2025,3.96,4.07,4.31,4.65
24-Mar-2025,4.04,4.09,4.34,4.66
21-Mar-2025,3.94,4.00,4.25,4.59
20-Mar-2025,3.95,4.01,4.24,4.55
19-Mar-2025,3.99,4.03,4.25,4.56
18-Mar-2025,4.04,4.07,4.29,4.58
17-Mar-2025,4.06,4.11,4.31,4.60
14-Mar-2025,4.02,4.09,4.31,4.62
13-Mar-2025,3.94,4.02,4.27,4.59
12-Mar-2025,4.01,4.09,4.32,4.63
11-Mar-2025,3.94,4.03,4.28,4.59
10-Mar-2025,3.89,3.98,4.22,4.54
07-Mar-2025,3.99,4.09,4.32,4.62
06-Mar-2025,3.96,4.06,4.29,4.58
05-Mar-2025,3.99,4.08,4.28,4.57
04-Mar-2025,3.96,4.01,4.22,4.53
03-Mar-2025,3.96,3.97,4.16,4.45
28-Feb-2025,3.99,4.03,4.24,4.51
27-Feb-2025,4.07,4.09,4.29,4.56
26-Feb-2025,4.05,4.06,4.25,4.51
25-Feb-2025,4.07,4.12,4.30,4.55
24-Feb-2025,4.13,4.23,4.40,4.66
21-Feb-2025,4.19,4.26,4.42,4.67
20-Feb-2025,4.28,4.34,4.50,4.74
19-Feb-2025,4.28,4.37,4.53,4.76
18-Feb-2025,4.29,4.40,4.55,4.77
14-Feb-2025,4.26,4.33,4.47,4.69
13-Feb-2025,4.31,4.39,4.52,4.72
12-Feb-2025,4.36,4.48,4.62,4.83
11-Feb-2025,4.29,4.37,4.54,4.75
10-Feb-2025,4.28,4.34,4.51,4.71
07-Feb-2025,4.29,4.34,4.49,4.69
06-Feb-2025,4.21,4.28,4.45,4.65
05-Feb-2025,4.17,4.24,4.43,4.64
04-Feb-2025,4.21,4.31,4.52,4.75
03-Feb-2025,4.26,4.35,4.54,4.77
31-Jan-2025,4.22,4.36,4.58,4.83
30-Jan-2025,4.18,4.31,4.52,4.76
29-Jan-2025,4.21,4.35,4.55,4.79
28-Jan-2025,4.19,4.33,4.55,4.78
27-Jan-2025,4.17,4.32,4.53,4.76
24-Jan-2025,4.27,4.43,4.63,4.85
23-Jan-2025,4.29,4.45,4.65,4.87
22-Jan-2025,4.29,4.43,4.60,4.82
21-Jan-2025,4.29,4.40,4.57,4.80
17-Jan-2025,4.27,4.42,4.61,4.84
16-Jan-2025,4.23,4.39,4.61,4.84
15-Jan-2025,4.27,4.45,4.66,4.88
14-Jan-2025,4.37,4.59,4.78,4.98
13-Jan-2025,4.40,4.61,4.79,4.97
10-Jan-2025,4.40,4.59,4.77,4.96
09-Jan-2025,4.27,4.46,4.68,4.92
08-Jan-2025,4.28,4.45,4.67,4.91
07-Jan-2025,4.30,4.46,4.67,4.91
06-Jan-2025,4.28,4.42,4.62,4.85
03-Jan-2025,4.28,4.41,4.60,4.82
02-Jan-2025,4.25,4.38,4.57,4.79
31-Dec-2024,4.25,4.38,4.58,4.78
30-Dec-2024,4.24,4.37,4.55,4.77
27-Dec-2024,4.31,4.45,4.62,4.82
26-Dec-2024,4.30,4.42,4.58,4.76
24-Dec-2024,4.29,4.43,4.59,4.76
23-Dec-2024,4.30,4.44,4.59,4.78
20-Dec-2024,4.30,4.37,4.52,4.72
19-Dec-2024,4.32,4.43,4.57,4.74
18-Dec-2024,4.35,4.40,4.50,4.65
17-Dec-2024,4.25,4.26,4.40,4.59
16-Dec-2024,4.25,4.25,4.39,4.60
13-Dec-2024,4.25,4.25,4.40,4.61
12-Dec-2024,4.18,4.18,4.32,4.55
11-Dec-2024,4.15,4.13,4.26,4.48
10-Dec-2024,4.15,4.09,4.22,4.41
09-Dec-2024,4.13,4.07,4.20,4.39
06-Dec-2024,4.10,4.03,4.15,4.34
05-Dec-2024,4.15,4.07,4.17,4.33
04-Dec-2024,4.13,4.07,4.19,4.35
03-Dec-2024,4.17,4.11,4.23,4.40
02-Dec-2024,4.17,4.08,4.19,4.36
29-Nov-2024,4.13,4.05,4.18,4.36
27-Nov-2024,4.19,4.11,4.25,4.44
26-Nov-2024,4.21,4.17,4.30,4.48
25-Nov-2024,4.21,4.17,4.27,4.45
22-Nov-2024,4.37,4.30,4.41,4.60
21-Nov-2024,4.34,4.30,4.43,4.61
20-Nov-2024,4.31,4.28,4.41,4.59
19-Nov-2024,4.27,4.25,4.39,4.57
18-Nov-2024,4.29,4.28,4.42,4.61
15-Nov-2024,4.31,4.30,4.43,4.60
14-Nov-2024,4.34,4.32,4.43,4.58
13-Nov-2024,4.27,4.30,4.44,4.63
12-Nov-2024,4.34,4.32,4.43,4.58
08-Nov-2024,4.26,4.20,4.30,4.47
07-Nov-2024,4.21,4.17,4.31,4.52
06-Nov-2024,4.27,4.27,4.42,4.60
05-Nov-2024,4.19,4.16,4.26,4.44
04-Nov-2024,4.17,4.17,4.31,4.50
01-Nov-2024,4.21,4.22,4.37,4.57
31-Oct-2024,4.16,4.15,4.28,4.47
30-Oct-2024,4.15,4.14,4.29,4.49
29-Oct-2024,4.11,4.11,4.28,4.52
28-Oct-2024,4.12,4.11,4.28,4.53
25-Oct-2024,4.11,4.07,4.25,4.51
24-Oct-2024,4.07,4.03,4.21,4.47
23-Oct-2024,4.07,4.05,4.24,4.51
22-Oct-2024,4.03,4.00,4.20,4.49
21-Oct-2024,4.02,3.98,4.19,4.49
18-Oct-2024,3.95,3.88,4.08,4.38
17-Oct-2024,3.96,3.90,4.09,4.39
16-Oct-2024,3.93,3.84,4.02,4.30
15-Oct-2024,3.95,3.86,4.03,4.32
11-Oct-2024,3.95,3.88,4.08,4.39
10-Oct-2024,3.98,3.91,4.09,4.38
09-Oct-2024,3.99,3.91,4.06,4.34
08-Oct-2024,3.98,3.86,4.04,4.32
07-Oct-2024,3.99,3.86,4.03,4.30
04-Oct-2024,3.93,3.81,3.98,4.26
03-Oct-2024,3.70,3.62,3.85,4.18
02-Oct-2024,3.63,3.55,3.79,4.14
01-Oct-2024,3.61,3.51,3.74,4.08
30-Sep-2024,3.66,3.58,3.81,4.14
27-Sep-2024,3.55,3.50,3.75,4.10
26-Sep-2024,3.60,3.55,3.79,4.12
25-Sep-2024,3.53,3.52,3.79,4.14
24-Sep-2024,3.49,3.47,3.74,4.09
23-Sep-2024,3.57,3.51,3.75,4.09
20-Sep-2024,3.55,3.48,3.73,4.07
19-Sep-2024,3.59,3.49,3.73,4.06
18-Sep-2024,3.61,3.47,3.70,4.03
17-Sep-2024,3.59,3.44,3.65,3.96
16-Sep-2024,3.56,3.41,3.63,3.94
13-Sep-2024,3.57,3.43,3.66,3.98
12-Sep-2024,3.64,3.47,3.68,4.00
11-Sep-2024,3.62,3.45,3.65,3.96
10-Sep-2024,3.59,3.43,3.65,3.97
09-Sep-2024,3.68,3.49,3.70,4.00
06-Sep-2024,3.66,3.50,3.72,4.03
05-Sep-2024,3.75,3.54,3.73,4.02
04-Sep-2024,3.76,3.56,3.77,4.06
03-Sep-2024,3.88,3.65,3.84,4.13
30-Aug-2024,3.91,3.71,3.91,4.20
29-Aug-2024,3.87,3.66,3.87,4.15
28-Aug-2024,3.83,3.63,3.84,4.13
27-Aug-2024,3.83,3.66,3.83,4.13
26-Aug-2024,3.91,3.66,3.82,4.11
23-Aug-2024,3.90,3.65,3.81,4.10
22-Aug-2024,3.99,3.72,3.86,4.13
21-Aug-2024,3.92,3.64,3.79,4.06
20-Aug-2024,3.99,3.70,3.82,4.07
19-Aug-2024,4.06,3.75,3.86,4.11
16-Aug-2024,4.06,3.77,3.89,4.15
15-Aug-2024,4.08,3.79,3.92,4.18
14-Aug-2024,3.94,3.67,3.83,4.12
13-Aug-2024,3.93,3.68,3.85,4.16
12-Aug-2024,4.01,3.75,3.90,4.19
09-Aug-2024,4.05,3.80,3.94,4.23
08-Aug-2024,4.04,3.83,3.99,4.28
07-Aug-2024,4.00,3.79,3.96,4.26
06-Aug-2024,3.99,3.73,3.90,4.18
05-Aug-2024,3.89,3.62,3.78,4.06
02-Aug-2024,3.88,3.62,3.80,4.11
01-Aug-2024,4.16,3.84,3.99,4.27
31-Jul-2024,4.29,3.97,4.09,4.35
30-Jul-2024,4.35,4.03,4.15,4.40
29-Jul-2024,4.36,4.05,4.17,4.42
26-Jul-2024,4.36,4.06,4.20,4.45
25-Jul-2024,4.41,4.13,4.27,4.50
24-Jul-2024,4.37,4.12,4.28,4.54
23-Jul-2024,4.40,4.15,4.25,4.48
22-Jul-2024,4.50,4.17,4.26,4.48
19-Jul-2024,4.49,4.16,4.25,4.45
18-Jul-2024,4.46,4.11,4.20,4.41
17-Jul-2024,4.42,4.07,4.16,4.37
16-Jul-2024,4.43,4.09,4.17,4.38
15-Jul-2024,4.44,4.13,4.23,4.46
12-Jul-2024,4.45,4.10,4.18,4.39
11-Jul-2024,4.50,4.13,4.20,4.41
10-Jul-2024,4.62,4.24,4.28,4.47
09-Jul-2024,4.62,4.24,4.30,4.49
08-Jul-2024,4.62,4.23,4.28,4.46
05-Jul-2024,4.60,4.22,4.28,4.47
03-Jul-2024,4.71,4.33,4.36,4.53
02-Jul-2024,4.74,4.39,4.43,4.60
01-Jul-2024,4.77,4.44,4.48,4.64
28-Jun-2024,4.71,4.33,4.36,4.51
27-Jun-2024,4.70,4.29,4.29,4.43
26-Jun-2024,4.71,4.32,4.32,4.45
25-Jun-2024,4.65,4.25,4.23,4.36
24-Jun-2024,4.71,4.27,4.25,4.38
21-Jun-2024,4.70,4.26,4.25,4.39
20-Jun-2024,4.70,4.26,4.25,4.39
18-Jun-2024,4.69,4.24,4.22,4.36
17-Jun-2024,4.75,4.30,4.28,4.40
14-Jun-2024,4.67,4.22,4.20,4.34
13-Jun-2024,4.68,4.24,4.24,4.40
12-Jun-2024,4.75,4.32,4.31,4.47
11-Jun-2024,4.81,4.41,4.39,4.53
10-Jun-2024,4.87,4.48,4.47,4.59
07-Jun-2024,4.87,4.46,4.43,4.55
06-Jun-2024,4.72,4.29,4.28,4.43
05-Jun-2024,4.72,4.31,4.29,4.44
04-Jun-2024,4.77,4.35,4.33,4.48
03-Jun-2024,4.82,4.42,4.41,4.55
31-May-2024,4.89,4.52,4.51,4.65
30-May-2024,4.92,4.57,4.55,4.69
29-May-2024,4.96,4.63,4.61,4.74
28-May-2024,4.94,4.56,4.54,4.66
24-May-2024,4.93,4.53,4.46,4.57
23-May-2024,4.91,4.52,4.47,4.58
22-May-2024,4.86,4.47,4.43,4.55
21-May-2024,4.82,4.43,4.41,4.55
20-May-2024,4.82,4.46,4.44,4.58
17-May-2024,4.83,4.44,4.42,4.56
16-May-2024,4.78,4.40,4.38,4.52
15-May-2024,4.73,4.35,4.36,4.52
14-May-2024,4.81,4.46,4.45,4.59
13-May-2024,4.85,4.50,4.48,4.63
10-May-2024,4.87,4.52,4.50,4.64
09-May-2024,4.80,4.47,4.45,4.60
08-May-2024,4.84,4.50,4.48,4.64
07-May-2024,4.82,4.48,4.47,4.61
06-May-2024,4.82,4.48,4.49,4.64
03-May-2024,4.81,4.48,4.50,4.66
02-May-2024,4.87,4.57,4.58,4.72
01-May-2024,4.96,4.64,4.63,4.74
30-Apr-2024,5.04,4.72,4.69,4.79
29-Apr-2024,4.97,4.65,4.63,4.75
26-Apr-2024,4.96,4.68,4.67,4.78
25-Apr-2024,4.96,4.70,4.70,4.82
24-Apr-2024,4.89,4.64,4.65,4.78
23-Apr-2024,4.86,4.63,4.61,4.73
22-Apr-2024,4.97,4.66,4.62,4.72
19-Apr-2024,4.97,4.66,4.62,4.72
18-Apr-2024,4.98,4.68,4.64,4.74
17-Apr-2024,4.93,4.62,4.59,4.71
16-Apr-2024,4.97,4.69,4.67,4.77
15-Apr-2024,4.93,4.65,4.63,4.74
12-Apr-2024,4.88,4.54,4.50,4.61
11-Apr-2024,4.93,4.61,4.56,4.65
10-Apr-2024,4.97,4.61,4.55,4.64
09-Apr-2024,4.74,4.37,4.36,4.50
08-Apr-2024,4.78,4.43,4.42,4.55
05-Apr-2024,4.73,4.38,4.39,4.54
04-Apr-2024,4.65,4.30,4.31,4.47
03-Apr-2024,4.68,4.34,4.36,4.51
02-Apr-2024,4.70,4.35,4.36,4.51
01-Apr-2024,4.72,4.34,4.33,4.47
28-Mar-2024,4.59,4.21,4.20,4.34
27-Mar-2024,4.54,4.18,4.20,4.36
26-Mar-2024,4.56,4.22,4.24,4.40
25-Mar-2024,4.54,4.23,4.25,4.42
22-Mar-2024,4.59,4.20,4.22,4.39
21-Mar-2024,4.62,4.26,4.27,4.44
20-Mar-2024,4.59,4.25,4.27,4.45
19-Mar-2024,4.68,4.31,4.30,4.44
18-Mar-2024,4.73,4.36,4.34,4.46
15-Mar-2024,4.72,4.33,4.31,4.43
14-Mar-2024,4.68,4.29,4.29,4.44
13-Mar-2024,4.61,4.19,4.19,4.35
12-Mar-2024,4.58,4.15,4.16,4.31
11-Mar-2024,4.51,4.08,4.10,4.26
08-Mar-2024,4.48,4.06,4.09,4.26
07-Mar-2024,4.50,4.07,4.09,4.25
06-Mar-2024,4.55,4.12,4.11,4.24
05-Mar-2024,4.54,4.13,4.13,4.27
04-Mar-2024,4.61,4.21,4.22,4.36
01-Mar-2024,4.54,4.17,4.19,4.33
29-Feb-2024,4.64,4.26,4.25,4.38
28-Feb-2024,4.64,4.26,4.27,4.40
27-Feb-2024,4.70,4.32,4.31,4.44
26-Feb-2024,4.69,4.29,4.28,4.40
23-Feb-2024,4.67,4.28,4.26,4.37
22-Feb-2024,4.69,4.33,4.33,4.47
21-Feb-2024,4.64,4.30,4.32,4.49
20-Feb-2024,4.59,4.25,4.27,4.44
16-Feb-2024,4.64,4.29,4.30,4.45
15-Feb-2024,4.56,4.22,4.24,4.42
14-Feb-2024,4.56,4.25,4.27,4.45
13-Feb-2024,4.64,4.31,4.31,4.46
12-Feb-2024,4.46,4.13,4.17,4.37
09-Feb-2024,4.48,4.14,4.17,4.37
08-Feb-2024,4.46,4.12,4.15,4.36
07-Feb-2024,4.41,4.06,4.09,4.31
06-Feb-2024,4.39,4.03,4.09,4.29
05-Feb-2024,4.46,4.13,4.17,4.35
02-Feb-2024,4.36,3.99,4.03,4.22
01-Feb-2024,4.20,3.80,3.87,4.10
31-Jan-2024,4.27,3.91,3.99,4.22
30-Jan-2024,4.36,4.00,4.06,4.28
29-Jan-2024,4.29,3.97,4.08,4.31
26-Jan-2024,4.34,4.04,4.15,4.38
25-Jan-2024,4.28,4.01,4.14,4.38
24-Jan-2024,4.34,4.06,4.18,4.41
23-Jan-2024,4.31,4.06,4.14,4.38
22-Jan-2024,4.37,4.03,4.11,4.32
19-Jan-2024,4.39,4.08,4.15,4.36
18-Jan-2024,4.34,4.04,4.14,4.37
17-Jan-2024,4.34,4.02,4.10,4.31
16-Jan-2024,4.22,3.95,4.07,4.30
12-Jan-2024,4.14,3.84,3.96,4.20
11-Jan-2024,4.26,3.90,3.98,4.18
10-Jan-2024,4.37,3.99,4.04,4.20
09-Jan-2024,4.36,3.97,4.02,4.18
08-Jan-2024,4.36,3.97,4.01,4.17
05-Jan-2024,4.40,4.02,4.05,4.21
04-Jan-2024,4.38,3.97,3.99,4.13
03-Jan-2024,4.33,3.90,3.91,4.05
02-Jan-2024,4.33,3.93,3.95,4.08
29-Dec-2023,4.23,3.84,3.88,4.03
28-Dec-2023,4.26,3.83,3.84,3.98
27-Dec-2023,4.20,3.78,3.79,3.95
26-Dec-2023,4.26,3.89,3.89,4.04
22-Dec-2023,4.31,3.87,3.90,4.05
21-Dec-2023,4.33,3.87,3.89,4.03
20-Dec-2023,4.34,3.86,3.86,3.98
19-Dec-2023,4.41,3.94,3.93,4.03
18-Dec-2023,4.43,3.94,3.95,4.05
15-Dec-2023,4.44,3.91,3.91,4.00
14-Dec-2023,4.37,3.90,3.92,4.03
13-Dec-2023,4.46,4.00,4.04,4.19
12-Dec-2023,4.73,4.23,4.20,4.30
11-Dec-2023,4.71,4.25,4.23,4.32
08-Dec-2023,4.71,4.24,4.23,4.31
07-Dec-2023,4.58,4.11,4.14,4.25
06-Dec-2023,4.60,4.12,4.12,4.22
05-Dec-2023,4.57,4.14,4.18,4.30
04-Dec-2023,4.64,4.23,4.28,4.43
01-Dec-2023,4.56,4.14,4.22,4.40
30-Nov-2023,4.73,4.31,4.37,4.54
29-Nov-2023,4.64,4.22,4.27,4.44
28-Nov-2023,4.73,4.29,4.34,4.52
27-Nov-2023,4.84,4.38,4.39,4.53
24-Nov-2023,4.92,4.49,4.47,4.60
22-Nov-2023,4.89,4.44,4.42,4.55
21-Nov-2023,4.86,4.41,4.41,4.57
20-Nov-2023,4.89,4.44,4.42,4.57
17-Nov-2023,4.88,4.45,4.44,4.59
16-Nov-2023,4.83,4.43,4.45,4.63
15-Nov-2023,4.90,4.52,4.53,4.68
14-Nov-2023,4.80,4.42,4.44,4.61
13-Nov-2023,5.02,4.66,4.63,4.75
10-Nov-2023,5.04,4.65,4.61,4.73
09-Nov-2023,5.03,4.65,4.62,4.77
08-Nov-2023,4.93,4.51,4.49,4.64
07-Nov-2023,4.91,4.53,4.58,4.75
06-Nov-2023,4.93,4.60,4.67,4.84
03-Nov-2023,4.83,4.49,4.57,4.77
02-Nov-2023,4.98,4.65,4.67,4.82
01-Nov-2023,4.95,4.67,4.77,4.96
31-Oct-2023,5.07,4.82,4.88,5.04
30-Oct-2023,5.03,4.80,4.88,5.04
27-Oct-2023,4.99,4.76,4.84,5.03
26-Oct-2023,5.02,4.79,4.86,5.01
25-Oct-2023,5.08,4.89,4.95,5.09
24-Oct-2023,5.02,4.82,4.83,4.96
23-Oct-2023,5.05,4.81,4.86,5.01
20-Oct-2023,5.07,4.86,4.93,5.09
19-Oct-2023,5.14,4.95,4.98,5.11
18-Oct-2023,5.19,4.92,4.91,5.00
17-Oct-2023,5.19,4.86,4.83,4.94
16-Oct-2023,5.09,4.72,4.71,4.87
13-Oct-2023,5.04,4.65,4.63,4.78
12-Oct-2023,5.06,4.69,4.70,4.86
11-Oct-2023,4.99,4.59,4.58,4.73
10-Oct-2023,4.96,4.62,4.66,4.85
06-Oct-2023,5.08,4.75,4.78,4.95
05-Oct-2023,5.03,4.68,4.72,4.89
04-Oct-2023,5.05,4.72,4.73,4.87
03-Oct-2023,5.15,4.80,4.81,4.95
02-Oct-2023,5.12,4.72,4.69,4.81
29-Sep-2023,5.03,4.60,4.59,4.73
28-Sep-2023,5.04,4.62,4.59,4.71
27-Sep-2023,5.10,4.67,4.61,4.73
26-Sep-2023,5.04,4.62,4.56,4.70
25-Sep-2023,5.09,4.62,4.55,4.67
22-Sep-2023,5.10,4.57,4.44,4.53
21-Sep-2023,5.12,4.61,4.49,4.56
20-Sep-2023,5.12,4.52,4.35,4.40
19-Sep-2023,5.08,4.51,4.37,4.43
18-Sep-2023,5.05,4.46,4.32,4.40
15-Sep-2023,5.02,4.45,4.33,4.42
14-Sep-2023,5.00,4.42,4.29,4.39
13-Sep-2023,4.96,4.39,4.25,4.34
12-Sep-2023,4.98,4.41,4.27,4.35
11-Sep-2023,4.97,4.40,4.29,4.37
08-Sep-2023,4.98,4.39,4.26,4.33
07-Sep-2023,4.94,4.38,4.27,4.36
06-Sep-2023,5.01,4.44,4.30,4.37
05-Sep-2023,4.94,4.37,4.27,4.38
01-Sep-2023,4.87,4.29,4.18,4.29
31-Aug-2023,4.85,4.23,4.09,4.20
30-Aug-2023,4.90,4.27,4.12,4.23
29-Aug-2023,4.87,4.26,4.12,4.23
28-Aug-2023,4.98,4.38,4.20,4.29
25-Aug-2023,5.03,4.44,4.25,4.30
24-Aug-2023,4.98,4.39,4.23,4.30
23-Aug-2023,4.95,4.36,4.19,4.27
22-Aug-2023,5.02,4.49,4.34,4.42
21-Aug-2023,4.97,4.46,4.34,4.45
18-Aug-2023,4.92,4.38,4.26,4.38
17-Aug-2023,4.94,4.42,4.30,4.41
16-Aug-2023,4.97,4.42,4.28,4.38
15-Aug-2023,4.92,4.36,4.21,4.32
14-Aug-2023,4.96,4.36,4.19,4.29
11-Aug-2023,4.89,4.31,4.16,4.27
10-Aug-2023,4.82,4.21,4.09,4.24
09-Aug-2023,4.79,4.12,4.00,4.18
08-Aug-2023,4.74,4.10,4.02,4.20
07-Aug-2023,4.76,4.16,4.09,4.27
04-Aug-2023,4.78,4.15,4.05,4.21
03-Aug-2023,4.90,4.30,4.20,4.32
02-Aug-2023,4.88,4.24,4.08,4.17
01-Aug-2023,4.92,4.24,4.05,4.11
31-Jul-2023,4.88,4.18,3.97,4.02
28-Jul-2023,4.87,4.18,3.96,4.03
27-Jul-2023,4.91,4.24,4.01,4.06
26-Jul-2023,4.82,4.09,3.86,3.94
25-Jul-2023,4.85,4.15,3.91,3.95
24-Jul-2023,4.81,4.13,3.86,3.92
21-Jul-2023,4.82,4.09,3.84,3.91
20-Jul-2023,4.80,4.08,3.85,3.91
19-Jul-2023,4.74,3.98,3.75,3.84
18-Jul-2023,4.74,4.00,3.80,3.91
17-Jul-2023,4.74,4.02,3.81,3.94
14-Jul-2023,4.74,4.04,3.83,3.93
13-Jul-2023,4.59,3.93,3.76,3.90
12-Jul-2023,4.72,4.07,3.86,3.96
11-Jul-2023,4.88,4.24,3.99,4.03
10-Jul-2023,4.85,4.25,4.01,4.05
07-Jul-2023,4.94,4.35,4.06,4.05
06-Jul-2023,4.99,4.37,4.05,4.01
05-Jul-2023,4.94,4.25,3.95,3.95
03-Jul-2023,4.94,4.19,3.86,3.87
30-Jun-2023,4.87,4.13,3.81,3.85
29-Jun-2023,4.87,4.14,3.85,3.92
28-Jun-2023,4.71,3.97,3.71,3.81
27-Jun-2023,4.74,4.02,3.77,3.84
26-Jun-2023,4.65,3.96,3.72,3.83
23-Jun-2023,4.71,3.99,3.74,3.82
22-Jun-2023,4.77,4.03,3.80,3.88
21-Jun-2023,4.68,3.95,3.72,3.81
20-Jun-2023,4.68,3.96,3.74,3.83
16-Jun-2023,4.70,3.99,3.77,3.86
15-Jun-2023,4.62,3.91,3.72,3.85
14-Jun-2023,4.74,4.06,3.83,3.90
13-Jun-2023,4.67,4.01,3.84,3.94
12-Jun-2023,4.55,3.89,3.73,3.87
09-Jun-2023,4.59,3.92,3.75,3.89
08-Jun-2023,4.52,3.87,3.73,3.89
07-Jun-2023,4.56,3.93,3.79,3.95
06-Jun-2023,4.51,3.85,3.70,3.87
05-Jun-2023,4.46,3.82,3.69,3.89
02-Jun-2023,4.50,3.84,3.69,3.88
01-Jun-2023,4.33,3.70,3.61,3.84
31-May-2023,4.40,3.74,3.64,3.85
30-May-2023,4.46,3.81,3.69,3.90
26-May-2023,4.54,3.92,3.80,3.96
25-May-2023,4.50,3.90,3.83,4.01
24-May-2023,4.31,3.75,3.73,3.97
23-May-2023,4.26,3.76,3.70,3.96
22-May-2023,4.29,3.77,3.72,3.97
19-May-2023,4.28,3.76,3.70,3.95
18-May-2023,4.24,3.69,3.65,3.91
17-May-2023,4.12,3.58,3.57,3.88
16-May-2023,4.06,3.52,3.54,3.87
15-May-2023,3.99,3.46,3.50,3.84
12-May-2023,3.98,3.45,3.46,3.78
11-May-2023,3.89,3.36,3.39,3.73
10-May-2023,3.90,3.37,3.43,3.80
09-May-2023,4.01,3.51,3.53,3.85
08-May-2023,4.00,3.49,3.52,3.84
05-May-2023,3.92,3.41,3.44,3.76
04-May-2023,3.75,3.29,3.37,3.73
03-May-2023,3.89,3.37,3.38,3.70
02-May-2023,3.97,3.46,3.44,3.72
01-May-2023,4.14,3.64,3.59,3.84
28-Apr-2023,4.04,3.51,3.44,3.67
27-Apr-2023,4.07,3.60,3.53,3.76
26-Apr-2023,3.90,3.46,3.43,3.70
25-Apr-2023,3.86,3.43,3.40,3.65
24-Apr-2023,4.12,3.60,3.52,3.73
21-Apr-2023,4.17,3.66,3.57,3.78
20-Apr-2023,4.14,3.63,3.54,3.75
19-Apr-2023,4.24,3.71,3.60,3.79
18-Apr-2023,4.19,3.69,3.58,3.79
17-Apr-2023,4.18,3.69,3.60,3.81
14-Apr-2023,4.08,3.60,3.52,3.74
13-Apr-2023,3.96,3.51,3.45,3.69
12-Apr-2023,3.95,3.46,3.41,3.64
11-Apr-2023,4.03,3.54,3.43,3.62
10-Apr-2023,4.00,3.52,3.41,3.62
07-Apr-2023,3.97,3.49,3.39,3.61
06-Apr-2023,3.82,3.37,3.30,3.54
05-Apr-2023,3.79,3.36,3.30,3.56
04-Apr-2023,3.84,3.39,3.35,3.60
03-Apr-2023,3.97,3.52,3.43,3.64
31-Mar-2023,4.06,3.60,3.48,3.67
30-Mar-2023,4.10,3.66,3.55,3.74
29-Mar-2023,4.08,3.67,3.57,3.78
28-Mar-2023,4.02,3.63,3.55,3.77
27-Mar-2023,3.94,3.59,3.53,3.77
24-Mar-2023,3.76,3.41,3.38,3.64
23-Mar-2023,3.76,3.39,3.38,3.66
22-Mar-2023,3.96,3.54,3.48,3.68
21-Mar-2023,4.17,3.73,3.59,3.73
20-Mar-2023,3.92,3.56,3.47,3.65
17-Mar-2023,3.81,3.44,3.39,3.60
16-Mar-2023,4.14,3.72,3.56,3.71
15-Mar-2023,3.93,3.59,3.51,3.70
14-Mar-2023,4.20,3.78,3.64,3.77
13-Mar-2023,4.03,3.68,3.55,3.70
10-Mar-2023,4.60,3.96,3.70,3.70
09-Mar-2023,4.90,4.22,3.93,3.88
08-Mar-2023,5.05,4.34,3.98,3.88
07-Mar-2023,5.00,4.31,3.97,3.88
06-Mar-2023,4.89,4.27,3.98,3.92
03-Mar-2023,4.86,4.26,3.97,3.90
02-Mar-2023,4.89,4.32,4.08,4.03
01-Mar-2023,4.89,4.27,4.01,3.97
28-Feb-2023,4.81,4.18,3.92,3.93
27-Feb-2023,4.78,4.17,3.92,3.93
24-Feb-2023,4.78,4.19,3.95,3.93
23-Feb-2023,4.66,4.09,3.88,3.88
22-Feb-2023,4.66,4.13,3.93,3.94
21-Feb-2023,4.67,4.16,3.95,3.98
17-Feb-2023,4.60,4.03,3.82,3.88
16-Feb-2023,4.62,4.06,3.86,3.92
15-Feb-2023,4.62,4.04,3.81,3.85
14-Feb-2023,4.60,4.00,3.77,3.81
13-Feb-2023,4.52,3.93,3.72,3.79
10-Feb-2023,4.50,3.93,3.74,3.83
09-Feb-2023,4.48,3.87,3.67,3.75
08-Feb-2023,4.45,3.82,3.63,3.70
07-Feb-2023,4.47,3.85,3.67,3.72
06-Feb-2023,4.44,3.81,3.63,3.67
03-Feb-2023,4.30,3.67,3.53,3.63
02-Feb-2023,4.09,3.49,3.40,3.55
01-Feb-2023,4.09,3.48,3.39,3.55
31-Jan-2023,4.21,3.63,3.52,3.65
30-Jan-2023,4.25,3.68,3.55,3.66
27-Jan-2023,4.19,3.62,3.52,3.64
26-Jan-2023,4.17,3.58,3.49,3.62
25-Jan-2023,4.11,3.54,3.46,3.62
24-Jan-2023,4.12,3.58,3.46,3.62
23-Jan-2023,4.21,3.61,3.52,3.69
20-Jan-2023,4.14,3.56,3.48,3.66
19-Jan-2023,4.09,3.48,3.39,3.57
18-Jan-2023,4.06,3.43,3.37,3.54
17-Jan-2023,4.18,3.60,3.53,3.64
13-Jan-2023,4.22,3.60,3.49,3.61
12-Jan-2023,4.12,3.53,3.43,3.56
11-Jan-2023,4.20,3.66,3.54,3.67
10-Jan-2023,4.24,3.72,3.61,3.74
09-Jan-2023,4.19,3.66,3.53,3.66
06-Jan-2023,4.24,3.69,3.55,3.67
05-Jan-2023,4.45,3.90,3.71,3.78
04-Jan-2023,4.36,3.85,3.69,3.81
03-Jan-2023,4.40,3.94,3.79,3.88
30-Dec-2022,4.41,3.99,3.88,3.97
29-Dec-2022,4.34,3.94,3.83,3.92
28-Dec-2022,4.31,3.97,3.88,3.98
27-Dec-2022,4.32,3.94,3.84,3.93
23-Dec-2022,4.31,3.86,3.75,3.82
22-Dec-2022,4.24,3.79,3.67,3.73
21-Dec-2022,4.21,3.78,3.68,3.74
20-Dec-2022,4.25,3.79,3.69,3.74
19-Dec-2022,4.25,3.70,3.57,3.62
16-Dec-2022,4.17,3.61,3.48,3.53
15-Dec-2022,4.23,3.62,3.44,3.48
14-Dec-2022,4.23,3.64,3.49,3.52
13-Dec-2022,4.22,3.66,3.51,3.53
12-Dec-2022,4.39,3.80,3.61,3.57
09-Dec-2022,4.33,3.75,3.57,3.56
08-Dec-2022,4.31,3.71,3.48,3.44
07-Dec-2022,4.26,3.62,3.42,3.42
06-Dec-2022,4.34,3.73,3.51,3.52
05-Dec-2022,4.41,3.80,3.60,3.62
02-Dec-2022,4.28,3.67,3.51,3.56
01-Dec-2022,4.25,3.68,3.53,3.64
30-Nov-2022,4.38,3.82,3.68,3.80
29-Nov-2022,4.48,3.92,3.75,3.81
28-Nov-2022,4.46,3.88,3.69,3.74
25-Nov-2022,4.42,3.85,3.68,3.74
23-Nov-2022,4.46,3.88,3.71,3.74
22-Nov-2022,4.47,3.93,3.76,3.83
21-Nov-2022,4.48,3.97,3.83,3.91
18-Nov-2022,4.51,3.99,3.82,3.92
17-Nov-2022,4.43,3.93,3.77,3.89
16-Nov-2022,4.35,3.83,3.67,3.85
15-Nov-2022,4.37,3.93,3.80,3.98
14-Nov-2022,4.40,4.00,3.88,4.07
10-Nov-2022,4.34,3.95,3.82,4.03
09-Nov-2022,4.61,4.27,4.12,4.31
08-Nov-2022,4.67,4.31,4.14,4.28
07-Nov-2022,4.72,4.39,4.22,4.34
04-Nov-2022,4.66,4.33,4.17,4.27
03-Nov-2022,4.71,4.36,4.14,4.18
02-Nov-2022,4.61,4.30,4.10,4.15
01-Nov-2022,4.54,4.27,4.07,4.14
31-Oct-2022,4.51,4.27,4.10,4.22
28-Oct-2022,4.41,4.19,4.02,4.15
27-Oct-2022,4.30,4.09,3.96,4.12
26-Oct-2022,4.39,4.20,4.04,4.19
25-Oct-2022,4.42,4.25,4.10,4.26
24-Oct-2022,4.50,4.36,4.25,4.40
21-Oct-2022,4.49,4.34,4.21,4.33
20-Oct-2022,4.62,4.45,4.24,4.24
19-Oct-2022,4.55,4.35,4.14,4.15
18-Oct-2022,4.43,4.21,4.01,4.04
17-Oct-2022,4.45,4.24,4.02,4.04
14-Oct-2022,4.48,4.25,4.00,3.99
13-Oct-2022,4.47,4.21,3.97,3.97
12-Oct-2022,4.28,4.12,3.91,3.90
11-Oct-2022,4.30,4.14,3.93,3.92
07-Oct-2022,4.30,4.14,3.89,3.86
06-Oct-2022,4.23,4.05,3.83,3.81
05-Oct-2022,4.15,3.96,3.76,3.78
04-Oct-2022,4.10,3.84,3.62,3.70
03-Oct-2022,4.12,3.90,3.67,3.73
30-Sep-2022,4.22,4.06,3.83,3.79
29-Sep-2022,4.16,3.98,3.76,3.71
28-Sep-2022,4.07,3.92,3.72,3.70
27-Sep-2022,4.30,4.21,3.97,3.87
26-Sep-2022,4.27,4.15,3.88,3.72
23-Sep-2022,4.20,3.96,3.69,3.61
22-Sep-2022,4.11,3.91,3.70,3.65
21-Sep-2022,4.02,3.74,3.51,3.50
20-Sep-2022,3.96,3.75,3.57,3.59
19-Sep-2022,3.95,3.69,3.49,3.52
16-Sep-2022,3.85,3.62,3.45,3.52
15-Sep-2022,3.87,3.66,3.45,3.48
14-Sep-2022,3.78,3.60,3.41,3.47
13-Sep-2022,3.75,3.58,3.42,3.51
12-Sep-2022,3.58,3.47,3.37,3.53
09-Sep-2022,3.56,3.45,3.33,3.47
08-Sep-2022,3.48,3.39,3.29,3.45
07-Sep-2022,3.45,3.37,3.27,3.42
06-Sep-2022,3.50,3.43,3.33,3.49
02-Sep-2022,3.40,3.30,3.20,3.35
01-Sep-2022,3.51,3.39,3.26,3.37
31-Aug-2022,3.45,3.30,3.15,3.27
30-Aug-2022,3.46,3.27,3.11,3.23
29-Aug-2022,3.42,3.27,3.12,3.25
26-Aug-2022,3.37,3.20,3.04,3.21
25-Aug-2022,3.35,3.15,3.03,3.25
24-Aug-2022,3.36,3.20,3.11,3.32
23-Aug-2022,3.29,3.18,3.05,3.26
22-Aug-2022,3.32,3.17,3.03,3.24
19-Aug-2022,3.25,3.11,2.98,3.22
18-Aug-2022,3.22,3.02,2.88,3.14
17-Aug-2022,3.28,3.04,2.89,3.15
16-Aug-2022,3.25,2.95,2.82,3.11
15-Aug-2022,3.20,2.91,2.79,3.10
12-Aug-2022,3.25,2.97,2.84,3.12
11-Aug-2022,3.23,2.98,2.87,3.15
10-Aug-2022,3.23,2.93,2.78,3.04
09-Aug-2022,3.28,2.97,2.80,3.01
08-Aug-2022,3.21,2.91,2.77,3.00
05-Aug-2022,3.24,2.97,2.83,3.06
04-Aug-2022,3.03,2.76,2.68,2.97
03-Aug-2022,3.10,2.86,2.73,2.96
02-Aug-2022,3.06,2.85,2.75,3.00
01-Aug-2022,2.90,2.66,2.60,2.92
29-Jul-2022,2.89,2.70,2.67,3.00
28-Jul-2022,2.85,2.69,2.68,3.02
27-Jul-2022,2.96,2.82,2.78,3.03
26-Jul-2022,3.02,2.89,2.81,3.03
25-Jul-2022,3.00,2.89,2.81,3.04
22-Jul-2022,2.98,2.87,2.77,3.00
21-Jul-2022,3.10,3.00,2.91,3.08
20-Jul-2022,3.25,3.18,3.04,3.17
19-Jul-2022,3.23,3.14,3.01,3.17
18-Jul-2022,3.15,3.06,2.96,3.14
15-Jul-2022,3.13,3.05,2.93,3.10
14-Jul-2022,3.15,3.06,2.96,3.11
13-Jul-2022,3.13,3.02,2.91,3.08
12-Jul-2022,3.03,3.01,2.96,3.13
11-Jul-2022,3.07,3.05,2.99,3.18
08-Jul-2022,3.12,3.13,3.09,3.27
07-Jul-2022,3.03,3.05,3.01,3.20
06-Jul-2022,2.97,2.96,2.93,3.14
05-Jul-2022,2.82,2.82,2.82,3.05
01-Jul-2022,2.84,2.88,2.88,3.11
30-Jun-2022,2.92,3.01,2.98,3.14
29-Jun-2022,3.06,3.15,3.10,3.22
28-Jun-2022,3.10,3.25,3.20,3.30
27-Jun-2022,3.08,3.24,3.20,3.31
24-Jun-2022,3.04,3.18,3.13,3.26
23-Jun-2022,3.01,3.14,3.09,3.21
22-Jun-2022,3.06,3.22,3.16,3.25
21-Jun-2022,3.21,3.38,3.31,3.39
17-Jun-2022,3.17,3.34,3.25,3.30
16-Jun-2022,3.14,3.35,3.28,3.35
15-Jun-2022,3.20,3.38,3.33,3.39
14-Jun-2022,3.45,3.61,3.49,3.45
13-Jun-2022,3.40,3.56,3.43,3.42
10-Jun-2022,3.06,3.25,3.15,3.20
09-Jun-2022,2.83,3.07,3.04,3.18
08-Jun-2022,2.78,3.03,3.03,3.18
07-Jun-2022,2.75,2.99,2.98,3.13
06-Jun-2022,2.73,3.03,3.04,3.19
03-Jun-2022,2.66,2.95,2.96,3.11
02-Jun-2022,2.65,2.92,2.92,3.09
01-Jun-2022,2.66,2.94,2.94,3.09
31-May-2022,2.53,2.81,2.85,3.07
27-May-2022,2.47,2.71,2.74,2.97
26-May-2022,2.46,2.70,2.75,2.99
25-May-2022,2.48,2.71,2.75,2.97
24-May-2022,2.50,2.76,2.76,2.98
23-May-2022,2.65,2.88,2.86,3.08
20-May-2022,2.60,2.80,2.78,2.99
19-May-2022,2.63,2.84,2.84,3.05
18-May-2022,2.68,2.89,2.89,3.07
17-May-2022,2.71,2.96,2.98,3.17
16-May-2022,2.58,2.83,2.88,3.09
13-May-2022,2.61,2.89,2.93,3.10
12-May-2022,2.56,2.81,2.84,3.00
11-May-2022,2.66,2.89,2.91,3.05
10-May-2022,2.62,2.91,2.99,3.12
09-May-2022,2.61,2.95,3.05,3.19
06-May-2022,2.72,3.06,3.12,3.23
05-May-2022,2.71,3.01,3.05,3.15
04-May-2022,2.66,2.93,2.93,3.01
03-May-2022,2.78,3.01,2.97,3.03
02-May-2022,2.73,3.01,2.99,3.07
29-Apr-2022,2.70,2.92,2.89,2.96
28-Apr-2022,2.63,2.86,2.85,2.92
27-Apr-2022,2.58,2.81,2.82,2.91
26-Apr-2022,2.54,2.79,2.77,2.86
25-Apr-2022,2.63,2.84,2.81,2.88
22-Apr-2022,2.72,2.94,2.90,2.95
21-Apr-2022,2.68,2.96,2.90,2.94
20-Apr-2022,2.60,2.87,2.85,2.90
19-Apr-2022,2.61,2.91,2.93,3.01
18-Apr-2022,2.46,2.79,2.85,2.95
14-Apr-2022,2.47,2.79,2.83,2.92
13-Apr-2022,2.37,2.66,2.70,2.81
12-Apr-2022,2.39,2.66,2.72,2.82
11-Apr-2022,2.50,2.79,2.79,2.84
08-Apr-2022,2.53,2.76,2.72,2.76
07-Apr-2022,2.47,2.70,2.66,2.69
06-Apr-2022,2.50,2.70,2.61,2.63
05-Apr-2022,2.51,2.69,2.54,2.57
04-Apr-2022,2.43,2.56,2.42,2.48
01-Apr-2022,2.44,2.55,2.39,2.44
31-Mar-2022,2.28,2.42,2.32,2.44
30-Mar-2022,2.31,2.44,2.35,2.48
29-Mar-2022,2.35,2.49,2.41,2.53
28-Mar-2022,2.35,2.54,2.46,2.57
25-Mar-2022,2.30,2.55,2.48,2.60
24-Mar-2022,2.13,2.37,2.34,2.51
23-Mar-2022,2.13,2.34,2.32,2.52
22-Mar-2022,2.18,2.39,2.38,2.60
21-Mar-2022,2.14,2.33,2.32,2.55
18-Mar-2022,1.97,2.14,2.14,2.42
17-Mar-2022,1.94,2.17,2.20,2.50
16-Mar-2022,1.95,2.18,2.19,2.46
15-Mar-2022,1.85,2.10,2.15,2.49
14-Mar-2022,1.87,2.10,2.14,2.47
11-Mar-2022,1.75,1.96,2.00,2.36
10-Mar-2022,1.72,1.92,1.98,2.38
09-Mar-2022,1.68,1.87,1.94,2.29
08-Mar-2022,1.63,1.80,1.86,2.24
07-Mar-2022,1.55,1.71,1.78,2.19
04-Mar-2022,1.50,1.65,1.74,2.16
03-Mar-2022,1.53,1.74,1.86,2.24
02-Mar-2022,1.50,1.74,1.86,2.24
01-Mar-2022,1.31,1.56,1.72,2.11
28-Feb-2022,1.44,1.71,1.83,2.17
25-Feb-2022,1.55,1.86,1.97,2.29
24-Feb-2022,1.54,1.84,1.96,2.28
23-Feb-2022,1.58,1.89,1.99,2.29
22-Feb-2022,1.56,1.85,1.94,2.24
18-Feb-2022,1.47,1.82,1.92,2.24
17-Feb-2022,1.49,1.85,1.97,2.31
16-Feb-2022,1.52,1.90,2.03,2.34
15-Feb-2022,1.58,1.94,2.05,2.37
14-Feb-2022,1.58,1.90,1.98,2.29
11-Feb-2022,1.50,1.84,1.92,2.24
10-Feb-2022,1.61,1.96,2.03,2.30
09-Feb-2022,1.36,1.82,1.94,2.25
08-Feb-2022,1.35,1.81,1.96,2.25
07-Feb-2022,1.30,1.76,1.92,2.22
04-Feb-2022,1.31,1.78,1.93,2.23
03-Feb-2022,1.19,1.66,1.82,2.14
02-Feb-2022,1.16,1.60,1.78,2.11
01-Feb-2022,1.18,1.63,1.81,2.12
31-Jan-2022,1.18,1.62,1.79,2.11
28-Jan-2022,1.15,1.61,1.78,2.07
27-Jan-2022,1.18,1.66,1.81,2.09
26-Jan-2022,1.13,1.66,1.85,2.16
25-Jan-2022,1.02,1.56,1.78,2.12
24-Jan-2022,0.99,1.53,1.75,2.10
21-Jan-2022,1.01,1.54,1.75,2.07
20-Jan-2022,1.08,1.62,1.83,2.14
19-Jan-2022,1.04,1.62,1.83,2.14
18-Jan-2022,1.06,1.65,1.87,2.18
14-Jan-2022,0.99,1.55,1.78,2.12
13-Jan-2022,0.91,1.47,1.70,2.05
12-Jan-2022,0.92,1.50,1.74,2.08
11-Jan-2022,0.90,1.51,1.75,2.08
10-Jan-2022,0.92,1.53,1.78,2.11
07-Jan-2022,0.87,1.50,1.76,2.11
06-Jan-2022,0.88,1.47,1.73,2.09
05-Jan-2022,0.83,1.43,1.71,2.09
04-Jan-2022,0.77,1.37,1.66,2.07
03-Jan-2022,0.78,1.37,1.63,2.01
31-Dec-2021,0.73,1.26,1.52,1.90
30-Dec-2021,0.73,1.27,1.52,1.93
29-Dec-2021,0.75,1.29,1.55,1.96
28-Dec-2021,0.74,1.27,1.49,1.90
27-Dec-2021,0.76,1.26,1.48,1.88
23-Dec-2021,0.71,1.25,1.50,1.91
22-Dec-2021,0.68,1.23,1.46,1.86
21-Dec-2021,0.70,1.24,1.48,1.89
20-Dec-2021,0.65,1.17,1.43,1.85
17-Dec-2021,0.66,1.18,1.41,1.82
16-Dec-2021,0.64,1.19,1.44,1.87
15-Dec-2021,0.69,1.26,1.47,1.86
14-Dec-2021,0.67,1.23,1.44,1.82
13-Dec-2021,0.66,1.21,1.42,1.81
10-Dec-2021,0.67,1.25,1.48,1.88
09-Dec-2021,0.70,1.26,1.49,1.87
08-Dec-2021,0.68,1.27,1.52,1.87
07-Dec-2021,0.70,1.26,1.48,1.80
06-Dec-2021,0.65,1.21,1.43,1.75
03-Dec-2021,0.60,1.13,1.35,1.69
02-Dec-2021,0.63,1.21,1.44,1.76
01-Dec-2021,0.56,1.15,1.43,1.77
30-Nov-2021,0.52,1.14,1.43,1.78
29-Nov-2021,0.51,1.18,1.52,1.87
26-Nov-2021,0.50,1.16,1.48,1.83
24-Nov-2021,0.64,1.34,1.64,1.96
23-Nov-2021,0.60,1.33,1.67,2.02
22-Nov-2021,0.63,1.33,1.63,1.98
19-Nov-2021,0.52,1.22,1.54,1.91
18-Nov-2021,0.52,1.22,1.59,1.97
17-Nov-2021,0.52,1.24,1.60,2.00
16-Nov-2021,0.54,1.27,1.63,2.02
15-Nov-2021,0.53,1.26,1.63,2.01
12-Nov-2021,0.53,1.24,1.58,1.95
10-Nov-2021,0.51,1.23,1.56,1.92
09-Nov-2021,0.41,1.08,1.46,1.83
08-Nov-2021,0.45,1.13,1.51,1.89
05-Nov-2021,0.39,1.04,1.45,1.87
04-Nov-2021,0.41,1.10,1.53,1.96
03-Nov-2021,0.47,1.19,1.60,2.00
02-Nov-2021,0.46,1.15,1.56,1.96
01-Nov-2021,0.50,1.20,1.58,1.98
29-Oct-2021,0.48,1.18,1.55,1.93
28-Oct-2021,0.50,1.18,1.57,1.96
27-Oct-2021,0.50,1.16,1.54,1.95
26-Oct-2021,0.47,1.20,1.63,2.05
25-Oct-2021,0.47,1.19,1.64,2.09
22-Oct-2021,0.48,1.22,1.66,2.08
21-Oct-2021,0.45,1.23,1.68,2.13
20-Oct-2021,0.40,1.16,1.65,2.12
19-Oct-2021,0.41,1.17,1.65,2.09
18-Oct-2021,0.44,1.16,1.59,2.01
15-Oct-2021,0.41,1.13,1.59,2.05
14-Oct-2021,0.36,1.05,1.52,2.02
13-Oct-2021,0.37,1.09,1.56,2.05
12-Oct-2021,0.35,1.08,1.59,2.10
08-Oct-2021,0.32,1.05,1.61,2.16
07-Oct-2021,0.32,1.02,1.58,2.13
06-Oct-2021,0.30,0.99,1.53,2.08
05-Oct-2021,0.28,0.98,1.54,2.10
04-Oct-2021,0.27,0.95,1.49,2.05
01-Oct-2021,0.27,0.93,1.48,2.04
30-Sep-2021,0.28,0.98,1.52,2.08
29-Sep-2021,0.30,1.01,1.55,2.09
28-Sep-2021,0.31,1.02,1.54,2.07
27-Sep-2021,0.31,0.98,1.48,1.99
24-Sep-2021,0.29,0.97,1.47,1.99
23-Sep-2021,0.27,0.94,1.41,1.92
22-Sep-2021,0.25,0.86,1.32,1.84
21-Sep-2021,0.22,0.84,1.33,1.86
20-Sep-2021,0.23,0.83,1.31,1.85
17-Sep-2021,0.23,0.88,1.37,1.91
16-Sep-2021,0.23,0.84,1.34,1.88
15-Sep-2021,0.21,0.81,1.31,1.87
14-Sep-2021,0.21,0.79,1.28,1.85
13-Sep-2021,0.21,0.81,1.33,1.91
10-Sep-2021,0.23,0.82,1.35,1.94
09-Sep-2021,0.23,0.79,1.30,1.90
08-Sep-2021,0.22,0.81,1.35,1.95
07-Sep-2021,0.22,0.82,1.38,1.99
03-Sep-2021,0.21,0.78,1.33,1.94
02-Sep-2021,0.20,0.78,1.29,1.90
01-Sep-2021,0.20,0.78,1.31,1.92
31-Aug-2021,0.20,0.77,1.30,1.92
30-Aug-2021,0.20,0.77,1.29,1.90
27-Aug-2021,0.22,0.79,1.31,1.91
26-Aug-2021,0.25,0.84,1.34,1.94
25-Aug-2021,0.23,0.84,1.35,1.96
24-Aug-2021,0.24,0.80,1.29,1.91
23-Aug-2021,0.23,0.78,1.25,1.87
20-Aug-2021,0.23,0.80,1.26,1.87
19-Aug-2021,0.22,0.78,1.24,1.88
18-Aug-2021,0.23,0.79,1.27,1.91
17-Aug-2021,0.23,0.77,1.26,1.92
16-Aug-2021,0.21,0.75,1.26,1.92
13-Aug-2021,0.23,0.79,1.29,1.94
12-Aug-2021,0.23,0.83,1.36,2.03
11-Aug-2021,0.23,0.81,1.35,1.99
10-Aug-2021,0.24,0.82,1.36,1.99
09-Aug-2021,0.23,0.79,1.33,1.96
06-Aug-2021,0.21,0.77,1.31,1.94
05-Aug-2021,0.21,0.72,1.23,1.86
04-Aug-2021,0.17,0.67,1.19,1.83
03-Aug-2021,0.17,0.65,1.19,1.85
02-Aug-2021,0.17,0.66,1.20,1.86
30-Jul-2021,0.19,0.69,1.24,1.89
29-Jul-2021,0.20,0.73,1.28,1.91
28-Jul-2021,0.20,0.72,1.26,1.90
27-Jul-2021,0.20,0.71,1.25,1.89
26-Jul-2021,0.22,0.73,1.29,1.93
23-Jul-2021,0.22,0.72,1.30,1.92
22-Jul-2021,0.20,0.71,1.27,1.90
21-Jul-2021,0.22,0.74,1.30,1.94
20-Jul-2021,0.20,0.69,1.23,1.88
19-Jul-2021,0.21,0.70,1.19,1.81
16-Jul-2021,0.25,0.79,1.31,1.93
15-Jul-2021,0.23,0.78,1.31,1.92
14-Jul-2021,0.23,0.80,1.37,1.98
13-Jul-2021,0.26,0.85,1.42,2.04
12-Jul-2021,0.23,0.81,1.38,2.00
09-Jul-2021,0.23,0.79,1.37,1.99
08-Jul-2021,0.19,0.74,1.30,1.91
07-Jul-2021,0.22,0.79,1.33,1.94
06-Jul-2021,0.22,0.81,1.37,2.00
02-Jul-2021,0.24,0.86,1.44,2.05
01-Jul-2021,0.25,0.89,1.48,2.07
30-Jun-2021,0.25,0.87,1.45,2.06
29-Jun-2021,0.27,0.89,1.49,2.10
28-Jun-2021,0.25,0.90,1.49,2.10
25-Jun-2021,0.28,0.92,1.54,2.16
24-Jun-2021,0.26,0.90,1.49,2.10
23-Jun-2021,0.26,0.90,1.50,2.11
22-Jun-2021,0.25,0.87,1.48,2.10
21-Jun-2021,0.27,0.90,1.50,2.11
18-Jun-2021,0.26,0.89,1.45,2.01
17-Jun-2021,0.23,0.90,1.52,2.11
16-Jun-2021,0.21,0.89,1.57,2.20
15-Jun-2021,0.16,0.79,1.51,2.20
14-Jun-2021,0.16,0.80,1.51,2.19
11-Jun-2021,0.16,0.76,1.47,2.15
10-Jun-2021,0.14,0.73,1.45,2.15
09-Jun-2021,0.16,0.75,1.50,2.17
08-Jun-2021,0.14,0.77,1.53,2.21
07-Jun-2021,0.16,0.79,1.57,2.25
04-Jun-2021,0.14,0.78,1.56,2.24
03-Jun-2021,0.16,0.84,1.63,2.30
02-Jun-2021,0.13,0.80,1.59,2.28
01-Jun-2021,0.16,0.81,1.62,2.30
28-May-2021,0.14,0.79,1.58,2.26
27-May-2021,0.14,0.81,1.61,2.29
26-May-2021,0.14,0.80,1.58,2.27
25-May-2021,0.15,0.79,1.56,2.26
24-May-2021,0.15,0.82,1.61,2.31
21-May-2021,0.17,0.84,1.63,2.33
20-May-2021,0.15,0.83,1.63,2.34
19-May-2021,0.16,0.87,1.68,2.38
18-May-2021,0.16,0.83,1.64,2.37
17-May-2021,0.16,0.84,1.64,2.36
14-May-2021,0.16,0.82,1.63,2.35
13-May-2021,0.16,0.84,1.66,2.39
12-May-2021,0.16,0.87,1.69,2.40
11-May-2021,0.16,0.80,1.64,2.35
10-May-2021,0.16,0.80,1.63,2.32
07-May-2021,0.14,0.77,1.60,2.28
06-May-2021,0.16,0.81,1.58,2.24
05-May-2021,0.16,0.80,1.59,2.25
04-May-2021,0.16,0.82,1.61,2.27
03-May-2021,0.16,0.84,1.63,2.30
30-Apr-2021,0.16,0.86,1.65,2.30
29-Apr-2021,0.16,0.86,1.65,2.31
28-Apr-2021,0.17,0.86,1.63,2.29
27-Apr-2021,0.17,0.88,1.63,2.29
26-Apr-2021,0.18,0.85,1.58,2.24
23-Apr-2021,0.16,0.83,1.58,2.25
22-Apr-2021,0.16,0.81,1.57,2.24
21-Apr-2021,0.15,0.81,1.57,2.26
20-Apr-2021,0.15,0.81,1.58,2.27
19-Apr-2021,0.16,0.85,1.61,2.29
16-Apr-2021,0.16,0.84,1.59,2.26
15-Apr-2021,0.16,0.81,1.56,2.23
14-Apr-2021,0.16,0.87,1.64,2.32
13-Apr-2021,0.16,0.85,1.64,2.32
12-Apr-2021,0.18,0.89,1.69,2.34
09-Apr-2021,0.16,0.87,1.67,2.34
08-Apr-2021,0.14,0.85,1.64,2.32
07-Apr-2021,0.16,0.87,1.68,2.35
06-Apr-2021,0.16,0.88,1.67,2.32
05-Apr-2021,0.17,0.94,1.73,2.36
02-Apr-2021,0.19,0.97,1.72,2.35
01-Apr-2021,0.17,0.90,1.69,2.34
31-Mar-2021,0.16,0.92,1.74,2.41
30-Mar-2021,0.16,0.90,1.73,2.38
29-Mar-2021,0.14,0.89,1.73,2.43
26-Mar-2021,0.14,0.85,1.67,2.37
25-Mar-2021,0.14,0.82,1.63,2.34
24-Mar-2021,0.14,0.83,1.62,2.31
23-Mar-2021,0.15,0.83,1.63,2.34
22-Mar-2021,0.15,0.87,1.69,2.38
19-Mar-2021,0.16,0.90,1.74,2.45
18-Mar-2021,0.16,0.86,1.71,2.45
17-Mar-2021,0.13,0.80,1.63,2.42
16-Mar-2021,0.15,0.83,1.62,2.38
15-Mar-2021,0.14,0.84,1.62,2.37
12-Mar-2021,0.14,0.85,1.64,2.40
11-Mar-2021,0.14,0.78,1.54,2.29
10-Mar-2021,0.16,0.80,1.53,2.24
09-Mar-2021,0.17,0.83,1.55,2.26
08-Mar-2021,0.17,0.86,1.59,2.31
05-Mar-2021,0.14,0.79,1.56,2.28
04-Mar-2021,0.14,0.77,1.54,2.30
03-Mar-2021,0.14,0.73,1.47,2.25
02-Mar-2021,0.13,0.67,1.42,2.21
01-Mar-2021,0.13,0.71,1.45,2.23
26-Feb-2021,0.14,0.75,1.44,2.17
25-Feb-2021,0.17,0.81,1.54,2.33
24-Feb-2021,0.12,0.62,1.38,2.24
23-Feb-2021,0.11,0.59,1.37,2.21
22-Feb-2021,0.11,0.61,1.37,2.19
19-Feb-2021,0.11,0.59,1.34,2.14
18-Feb-2021,0.11,0.56,1.29,2.08
17-Feb-2021,0.11,0.57,1.29,2.06
16-Feb-2021,0.13,0.57,1.30,2.08
12-Feb-2021,0.11,0.50,1.20,2.01
11-Feb-2021,0.11,0.46,1.16,1.94
10-Feb-2021,0.11,0.46,1.15,1.92
09-Feb-2021,0.11,0.48,1.18,1.95
08-Feb-2021,0.11,0.48,1.19,1.96
05-Feb-2021,0.09,0.47,1.19,1.97
04-Feb-2021,0.11,0.46,1.15,1.93
03-Feb-2021,0.11,0.46,1.15,1.92
02-Feb-2021,0.11,0.45,1.12,1.87
01-Feb-2021,0.11,0.42,1.09,1.84
29-Jan-2021,0.11,0.45,1.11,1.87
28-Jan-2021,0.12,0.42,1.07,1.81
27-Jan-2021,0.12,0.41,1.04,1.79
26-Jan-2021,0.11,0.42,1.05,1.80
25-Jan-2021,0.13,0.42,1.05,1.80
22-Jan-2021,0.13,0.44,1.10,1.85
21-Jan-2021,0.13,0.45,1.12,1.87
20-Jan-2021,0.13,0.45,1.10,1.84
19-Jan-2021,0.14,0.45,1.10,1.84
15-Jan-2021,0.13,0.46,1.11,1.85
14-Jan-2021,0.16,0.49,1.15,1.88
13-Jan-2021,0.14,0.48,1.10,1.82
12-Jan-2021,0.14,0.50,1.15,1.88
11-Jan-2021,0.14,0.50,1.15,1.88
08-Jan-2021,0.14,0.49,1.13,1.87
07-Jan-2021,0.14,0.46,1.08,1.85
06-Jan-2021,0.14,0.43,1.04,1.81
05-Jan-2021,0.13,0.38,0.96,1.70
04-Jan-2021,0.11,0.36,0.93,1.66
31-Dec-2020,0.13,0.36,0.93,1.65
30-Dec-2020,0.12,0.37,0.93,1.66
29-Dec-2020,0.12,0.37,0.94,1.67
28-Dec-2020,0.13,0.38,0.94,1.67
24-Dec-2020,0.13,0.37,0.94,1.66
23-Dec-2020,0.13,0.38,0.96,1.70
22-Dec-2020,0.13,0.37,0.93,1.65
21-Dec-2020,0.13,0.39,0.95,1.68
18-Dec-2020,0.13,0.39,0.95,1.70
17-Dec-2020,0.13,0.38,0.94,1.68
16-Dec-2020,0.13,0.37,0.92,1.66
15-Dec-2020,0.11,0.37,0.92,1.65
14-Dec-2020,0.13,0.37,0.90,1.63
11-Dec-2020,0.11,0.37,0.90,1.63
10-Dec-2020,0.14,0.39,0.92,1.65
09-Dec-2020,0.16,0.41,0.95,1.69
08-Dec-2020,0.14,0.39,0.92,1.67
07-Dec-2020,0.14,0.40,0.94,1.69
04-Dec-2020,0.16,0.42,0.97,1.73
03-Dec-2020,0.16,0.40,0.92,1.67
02-Dec-2020,0.16,0.42,0.95,1.70
01-Dec-2020,0.17,0.42,0.92,1.66
30-Nov-2020,0.16,0.36,0.84,1.58
27-Nov-2020,0.16,0.37,0.84,1.57
25-Nov-2020,0.17,0.39,0.88,1.62
24-Nov-2020,0.16,0.39,0.88,1.60
23-Nov-2020,0.16,0.39,0.86,1.56
20-Nov-2020,0.16,0.38,0.83,1.53
19-Nov-2020,0.18,0.39,0.86,1.58
18-Nov-2020,0.16,0.40,0.88,1.62
17-Nov-2020,0.18,0.39,0.87,1.62
16-Nov-2020,0.19,0.41,0.91,1.66
13-Nov-2020,0.17,0.41,0.89,1.65
12-Nov-2020,0.17,0.40,0.88,1.64
10-Nov-2020,0.19,0.46,0.98,1.75
09-Nov-2020,0.17,0.44,0.96,1.73
06-Nov-2020,0.16,0.36,0.83,1.60
05-Nov-2020,0.14,0.33,0.79,1.54
04-Nov-2020,0.14,0.33,0.78,1.55
03-Nov-2020,0.17,0.39,0.90,1.66
02-Nov-2020,0.16,0.38,0.87,1.63
30-Oct-2020,0.14,0.38,0.88,1.65
29-Oct-2020,0.16,0.38,0.85,1.62
28-Oct-2020,0.16,0.34,0.79,1.56
27-Oct-2020,0.16,0.34,0.79,1.57
26-Oct-2020,0.16,0.35,0.81,1.59
23-Oct-2020,0.18,0.37,0.85,1.64
22-Oct-2020,0.16,0.38,0.87,1.67
21-Oct-2020,0.14,0.36,0.83,1.62
20-Oct-2020,0.14,0.34,0.81,1.60
19-Oct-2020,0.16,0.34,0.78,1.55
16-Oct-2020,0.14,0.32,0.76,1.52
15-Oct-2020,0.14,0.32,0.74,1.52
14-Oct-2020,0.14,0.30,0.73,1.50
13-Oct-2020,0.16,0.31,0.74,1.52
09-Oct-2020,0.16,0.34,0.79,1.58
08-Oct-2020,0.13,0.33,0.78,1.57
07-Oct-2020,0.16,0.35,0.81,1.60
06-Oct-2020,0.14,0.32,0.76,1.56
05-Oct-2020,0.14,0.33,0.78,1.57
02-Oct-2020,0.13,0.28,0.70,1.48
01-Oct-2020,0.14,0.27,0.68,1.45
30-Sep-2020,0.13,0.28,0.69,1.46
29-Sep-2020,0.11,0.24,0.66,1.41
28-Sep-2020,0.14,0.26,0.67,1.42
25-Sep-2020,0.12,0.26,0.66,1.40
24-Sep-2020,0.14,0.27,0.67,1.40
23-Sep-2020,0.14,0.28,0.68,1.42
22-Sep-2020,0.13,0.27,0.68,1.42
21-Sep-2020,0.14,0.27,0.68,1.43
18-Sep-2020,0.14,0.29,0.70,1.45
17-Sep-2020,0.13,0.28,0.69,1.43
16-Sep-2020,0.14,0.28,0.69,1.45
15-Sep-2020,0.14,0.27,0.68,1.43
14-Sep-2020,0.14,0.27,0.68,1.42
11-Sep-2020,0.13,0.26,0.67,1.42
10-Sep-2020,0.14,0.26,0.68,1.43
09-Sep-2020,0.14,0.28,0.71,1.45
08-Sep-2020,0.14,0.28,0.69,1.43
04-Sep-2020,0.14,0.30,0.72,1.46
03-Sep-2020,0.13,0.24,0.63,1.34
02-Sep-2020,0.14,0.26,0.66,1.38
01-Sep-2020,0.13,0.26,0.68,1.43
31-Aug-2020,0.14,0.28,0.72,1.49
28-Aug-2020,0.14,0.28,0.74,1.52
27-Aug-2020,0.16,0.31,0.74,1.50
26-Aug-2020,0.16,0.28,0.69,1.41
25-Aug-2020,0.15,0.30,0.69,1.39
24-Aug-2020,0.14,0.28,0.65,1.35
21-Aug-2020,0.16,0.27,0.64,1.35
20-Aug-2020,0.13,0.26,0.65,1.38
19-Aug-2020,0.14,0.29,0.68,1.42
18-Aug-2020,0.14,0.27,0.67,1.40
17-Aug-2020,0.14,0.29,0.69,1.43
14-Aug-2020,0.14,0.29,0.71,1.45
13-Aug-2020,0.16,0.32,0.71,1.42
12-Aug-2020,0.16,0.30,0.69,1.37
11-Aug-2020,0.16,0.27,0.64,1.32
10-Aug-2020,0.14,0.24,0.59,1.25
07-Aug-2020,0.13,0.23,0.57,1.23
06-Aug-2020,0.11,0.21,0.55,1.20
05-Aug-2020,0.11,0.22,0.55,1.22
04-Aug-2020,0.11,0.19,0.52,1.19
03-Aug-2020,0.11,0.22,0.56,1.23
31-Jul-2020,0.11,0.21,0.55,1.20
30-Jul-2020,0.11,0.23,0.55,1.20
29-Jul-2020,0.12,0.25,0.58,1.24
28-Jul-2020,0.14,0.26,0.59,1.22
27-Jul-2020,0.15,0.30,0.62,1.25
24-Jul-2020,0.14,0.27,0.59,1.23
23-Jul-2020,0.16,0.27,0.59,1.24
22-Jul-2020,0.14,0.27,0.60,1.29
21-Jul-2020,0.14,0.27,0.61,1.31
20-Jul-2020,0.16,0.29,0.62,1.32
17-Jul-2020,0.14,0.29,0.64,1.33
16-Jul-2020,0.16,0.28,0.62,1.31
15-Jul-2020,0.16,0.28,0.64,1.33
14-Jul-2020,0.14,0.28,0.63,1.30
13-Jul-2020,0.16,0.30,0.64,1.33
10-Jul-2020,0.16,0.30,0.65,1.33
09-Jul-2020,0.16,0.28,0.62,1.32
08-Jul-2020,0.16,0.30,0.67,1.39
07-Jul-2020,0.16,0.29,0.65,1.38
06-Jul-2020,0.16,0.31,0.69,1.45
02-Jul-2020,0.16,0.29,0.68,1.43
01-Jul-2020,0.17,0.31,0.69,1.43
30-Jun-2020,0.16,0.29,0.66,1.41
29-Jun-2020,0.16,0.28,0.64,1.39
26-Jun-2020,0.17,0.30,0.64,1.37
25-Jun-2020,0.17,0.32,0.68,1.43
24-Jun-2020,0.19,0.33,0.69,1.44
23-Jun-2020,0.18,0.33,0.72,1.49
22-Jun-2020,0.19,0.34,0.71,1.46
19-Jun-2020,0.19,0.33,0.70,1.47
18-Jun-2020,0.19,0.34,0.71,1.47
17-Jun-2020,0.19,0.34,0.74,1.52
16-Jun-2020,0.21,0.34,0.75,1.54
15-Jun-2020,0.19,0.33,0.71,1.45
12-Jun-2020,0.19,0.33,0.71,1.45
11-Jun-2020,0.19,0.32,0.66,1.41
10-Jun-2020,0.17,0.33,0.75,1.53
09-Jun-2020,0.20,0.40,0.84,1.59
08-Jun-2020,0.22,0.45,0.88,1.65
05-Jun-2020,0.22,0.47,0.91,1.68
04-Jun-2020,0.19,0.40,0.82,1.61
03-Jun-2020,0.19,0.38,0.77,1.56
02-Jun-2020,0.17,0.32,0.68,1.48
01-Jun-2020,0.14,0.31,0.66,1.46
29-May-2020,0.16,0.30,0.65,1.41
28-May-2020,0.17,0.34,0.70,1.47
27-May-2020,0.19,0.34,0.68,1.44
26-May-2020,0.18,0.35,0.69,1.43
22-May-2020,0.17,0.34,0.66,1.37
21-May-2020,0.17,0.35,0.68,1.40
20-May-2020,0.16,0.34,0.68,1.40
19-May-2020,0.17,0.35,0.70,1.43
18-May-2020,0.18,0.38,0.73,1.44
15-May-2020,0.16,0.31,0.64,1.32
14-May-2020,0.16,0.31,0.63,1.30
13-May-2020,0.16,0.31,0.64,1.35
12-May-2020,0.17,0.34,0.69,1.38
11-May-2020,0.17,0.36,0.73,1.43
08-May-2020,0.16,0.33,0.69,1.39
07-May-2020,0.13,0.29,0.63,1.31
06-May-2020,0.17,0.37,0.72,1.41
05-May-2020,0.19,0.36,0.66,1.32
04-May-2020,0.19,0.36,0.64,1.29
01-May-2020,0.20,0.36,0.64,1.27
30-Apr-2020,0.20,0.36,0.64,1.28
29-Apr-2020,0.20,0.36,0.63,1.24
28-Apr-2020,0.20,0.37,0.62,1.20
27-Apr-2020,0.24,0.41,0.67,1.25
24-Apr-2020,0.22,0.36,0.60,1.17
23-Apr-2020,0.22,0.37,0.61,1.18
22-Apr-2020,0.22,0.37,0.63,1.22
21-Apr-2020,0.20,0.34,0.58,1.17
20-Apr-2020,0.20,0.35,0.63,1.23
17-Apr-2020,0.20,0.36,0.65,1.27
16-Apr-2020,0.20,0.35,0.61,1.21
15-Apr-2020,0.20,0.34,0.63,1.27
14-Apr-2020,0.23,0.42,0.76,1.41
13-Apr-2020,0.25,0.44,0.76,1.39
09-Apr-2020,0.23,0.41,0.73,1.35
08-Apr-2020,0.27,0.47,0.77,1.37
07-Apr-2020,0.28,0.48,0.75,1.32
06-Apr-2020,0.27,0.44,0.67,1.27
03-Apr-2020,0.23,0.39,0.62,1.24
02-Apr-2020,0.23,0.39,0.63,1.26
01-Apr-2020,0.23,0.37,0.62,1.27
31-Mar-2020,0.23,0.37,0.70,1.35
30-Mar-2020,0.23,0.39,0.70,1.31
27-Mar-2020,0.25,0.41,0.72,1.29
26-Mar-2020,0.30,0.51,0.83,1.42
25-Mar-2020,0.34,0.56,0.88,1.45
24-Mar-2020,0.38,0.52,0.84,1.39
23-Mar-2020,0.28,0.38,0.76,1.33
20-Mar-2020,0.37,0.52,0.92,1.55
19-Mar-2020,0.44,0.66,1.12,1.78
18-Mar-2020,0.54,0.79,1.18,1.77
17-Mar-2020,0.47,0.66,1.02,1.63
16-Mar-2020,0.36,0.49,0.73,1.34
13-Mar-2020,0.49,0.70,0.94,1.56
12-Mar-2020,0.50,0.66,0.88,1.49
11-Mar-2020,0.50,0.66,0.82,1.30
10-Mar-2020,0.50,0.63,0.76,1.28
09-Mar-2020,0.38,0.46,0.54,0.99
06-Mar-2020,0.49,0.58,0.74,1.25
05-Mar-2020,0.59,0.67,0.92,1.56
04-Mar-2020,0.67,0.75,1.02,1.67
03-Mar-2020,0.71,0.77,1.02,1.64
02-Mar-2020,0.84,0.88,1.10,1.66
28-Feb-2020,0.86,0.89,1.13,1.65
27-Feb-2020,1.11,1.11,1.30,1.79
26-Feb-2020,1.16,1.14,1.33,1.81
25-Feb-2020,1.20,1.16,1.33,1.80
24-Feb-2020,1.26,1.21,1.38,1.84
21-Feb-2020,1.34,1.30,1.46,1.90
20-Feb-2020,1.39,1.37,1.52,1.97
19-Feb-2020,1.42,1.41,1.56,2.01
18-Feb-2020,1.41,1.39,1.55,2.00
14-Feb-2020,1.42,1.42,1.59,2.04
13-Feb-2020,1.44,1.43,1.61,2.07
12-Feb-2020,1.44,1.45,1.62,2.09
11-Feb-2020,1.41,1.40,1.59,2.05
10-Feb-2020,1.37,1.38,1.56,2.03
07-Feb-2020,1.41,1.41,1.59,2.05
06-Feb-2020,1.44,1.45,1.65,2.11
05-Feb-2020,1.44,1.46,1.66,2.14
04-Feb-2020,1.41,1.42,1.61,2.08
03-Feb-2020,1.36,1.35,1.54,2.01
31-Jan-2020,1.33,1.32,1.51,1.99
30-Jan-2020,1.41,1.39,1.57,2.04
29-Jan-2020,1.42,1.41,1.60,2.05
28-Jan-2020,1.45,1.47,1.65,2.10
27-Jan-2020,1.44,1.44,1.61,2.05
24-Jan-2020,1.49,1.51,1.70,2.14
23-Jan-2020,1.51,1.55,1.74,2.18
22-Jan-2020,1.53,1.57,1.77,2.22
21-Jan-2020,1.53,1.57,1.78,2.23
17-Jan-2020,1.58,1.63,1.84,2.29
16-Jan-2020,1.58,1.63,1.81,2.26
15-Jan-2020,1.56,1.60,1.79,2.23
14-Jan-2020,1.58,1.63,1.82,2.27
13-Jan-2020,1.58,1.65,1.85,2.30
10-Jan-2020,1.56,1.63,1.83,2.28
09-Jan-2020,1.58,1.65,1.85,2.38
08-Jan-2020,1.58,1.67,1.87,2.35
07-Jan-2020,1.54,1.62,1.83,2.31
06-Jan-2020,1.54,1.61,1.81,2.28
03-Jan-2020,1.53,1.59,1.80,2.26
02-Jan-2020,1.58,1.67,1.88,2.33
31-Dec-2019,1.58,1.69,1.92,2.39
30-Dec-2019,1.58,1.68,1.90,2.34
27-Dec-2019,1.59,1.68,1.88,2.32
26-Dec-2019,1.64,1.72,1.90,2.33
24-Dec-2019,1.62,1.72,1.90,2.33
23-Dec-2019,1.64,1.75,1.93,2.35
20-Dec-2019,1.63,1.73,1.92,2.34
19-Dec-2019,1.62,1.73,1.92,2.35
18-Dec-2019,1.63,1.74,1.92,2.35
17-Dec-2019,1.63,1.71,1.89,2.31
16-Dec-2019,1.65,1.72,1.89,2.30
13-Dec-2019,1.61,1.66,1.82,2.26
12-Dec-2019,1.66,1.73,1.90,2.32
11-Dec-2019,1.61,1.64,1.79,2.23
10-Dec-2019,1.65,1.68,1.85,2.26
09-Dec-2019,1.63,1.67,1.83,2.27
06-Dec-2019,1.61,1.67,1.84,2.29
05-Dec-2019,1.58,1.62,1.80,2.24
04-Dec-2019,1.58,1.60,1.77,2.22
03-Dec-2019,1.53,1.54,1.72,2.17
02-Dec-2019,1.61,1.65,1.83,2.28
29-Nov-2019,1.61,1.62,1.78,2.21
27-Nov-2019,1.63,1.63,1.77,2.19
26-Nov-2019,1.58,1.58,1.74,2.18
25-Nov-2019,1.61,1.62,1.76,2.21
22-Nov-2019,1.61,1.62,1.77,2.22
21-Nov-2019,1.60,1.62,1.77,2.24
20-Nov-2019,1.56,1.58,1.73,2.20
19-Nov-2019,1.60,1.63,1.79,2.26
18-Nov-2019,1.60,1.63,1.81,2.30
15-Nov-2019,1.61,1.65,1.84,2.31
14-Nov-2019,1.58,1.63,1.82,2.31
13-Nov-2019,1.63,1.69,1.88,2.36
12-Nov-2019,1.66,1.73,1.92,2.39
08-Nov-2019,1.68,1.74,1.94,2.43
07-Nov-2019,1.68,1.74,1.92,2.40
06-Nov-2019,1.61,1.63,1.81,2.30
05-Nov-2019,1.63,1.66,1.86,2.34
04-Nov-2019,1.60,1.60,1.79,2.27
01-Nov-2019,1.56,1.55,1.73,2.21
31-Oct-2019,1.52,1.51,1.69,2.17
30-Oct-2019,1.61,1.61,1.78,2.26
29-Oct-2019,1.64,1.66,1.84,2.33
28-Oct-2019,1.64,1.66,1.85,2.34
25-Oct-2019,1.63,1.62,1.80,2.29
24-Oct-2019,1.58,1.58,1.77,2.26
23-Oct-2019,1.58,1.58,1.77,2.25
22-Oct-2019,1.60,1.60,1.78,2.26
21-Oct-2019,1.62,1.61,1.80,2.28
18-Oct-2019,1.58,1.56,1.76,2.25
17-Oct-2019,1.60,1.57,1.76,2.24
16-Oct-2019,1.58,1.57,1.75,2.23
15-Oct-2019,1.61,1.59,1.77,2.23
11-Oct-2019,1.63,1.59,1.76,2.22
10-Oct-2019,1.53,1.48,1.67,2.16
09-Oct-2019,1.47,1.40,1.59,2.08
08-Oct-2019,1.42,1.36,1.54,2.04
07-Oct-2019,1.46,1.38,1.56,2.05
04-Oct-2019,1.40,1.34,1.52,2.01
03-Oct-2019,1.39,1.34,1.54,2.04
02-Oct-2019,1.48,1.43,1.60,2.09
01-Oct-2019,1.56,1.51,1.65,2.11
30-Sep-2019,1.63,1.55,1.68,2.12
27-Sep-2019,1.63,1.56,1.69,2.13
26-Sep-2019,1.66,1.59,1.70,2.15
25-Sep-2019,1.68,1.60,1.73,2.18
24-Sep-2019,1.60,1.52,1.64,2.09
23-Sep-2019,1.68,1.59,1.72,2.16
20-Sep-2019,1.69,1.61,1.74,2.17
19-Sep-2019,1.74,1.66,1.79,2.22
18-Sep-2019,1.77,1.68,1.80,2.25
17-Sep-2019,1.72,1.66,1.81,2.27
16-Sep-2019,1.74,1.69,1.84,2.31
13-Sep-2019,1.79,1.75,1.90,2.37
12-Sep-2019,1.72,1.65,1.79,2.22
11-Sep-2019,1.68,1.60,1.75,2.22
10-Sep-2019,1.67,1.58,1.72,2.19
09-Sep-2019,1.58,1.49,1.63,2.11
06-Sep-2019,1.53,1.42,1.55,2.02
05-Sep-2019,1.55,1.43,1.57,2.06
04-Sep-2019,1.43,1.32,1.47,1.97
03-Sep-2019,1.47,1.35,1.47,1.95
30-Aug-2019,1.50,1.39,1.50,1.96
29-Aug-2019,1.53,1.40,1.50,1.97
28-Aug-2019,1.50,1.37,1.47,1.94
27-Aug-2019,1.53,1.40,1.49,1.97
26-Aug-2019,1.54,1.43,1.54,2.04
23-Aug-2019,1.51,1.40,1.52,2.02
22-Aug-2019,1.61,1.50,1.62,2.11
21-Aug-2019,1.56,1.47,1.59,2.07
20-Aug-2019,1.50,1.42,1.55,2.04
19-Aug-2019,1.53,1.47,1.60,2.08
16-Aug-2019,1.48,1.42,1.55,2.01
15-Aug-2019,1.48,1.42,1.52,1.98
14-Aug-2019,1.58,1.51,1.59,2.03
13-Aug-2019,1.66,1.57,1.68,2.15
12-Aug-2019,1.58,1.49,1.65,2.14
09-Aug-2019,1.63,1.57,1.74,2.26
08-Aug-2019,1.62,1.54,1.72,2.25
07-Aug-2019,1.59,1.52,1.71,2.22
06-Aug-2019,1.60,1.53,1.73,2.25
05-Aug-2019,1.59,1.55,1.75,2.30
02-Aug-2019,1.72,1.66,1.86,2.39
01-Aug-2019,1.73,1.68,1.90,2.44
31-Jul-2019,1.89,1.84,2.02,2.53
30-Jul-2019,1.85,1.84,2.06,2.58
29-Jul-2019,1.85,1.84,2.06,2.59
26-Jul-2019,1.86,1.85,2.08,2.59
25-Jul-2019,1.86,1.85,2.08,2.60
24-Jul-2019,1.83,1.82,2.05,2.58
23-Jul-2019,1.83,1.83,2.08,2.61
22-Jul-2019,1.80,1.80,2.05,2.58
19-Jul-2019,1.80,1.80,2.05,2.57
18-Jul-2019,1.77,1.78,2.04,2.56
17-Jul-2019,1.83,1.83,2.06,2.57
16-Jul-2019,1.87,1.88,2.13,2.63
15-Jul-2019,1.83,1.84,2.09,2.61
12-Jul-2019,1.84,1.86,2.12,2.64
11-Jul-2019,1.85,1.88,2.13,2.65
10-Jul-2019,1.82,1.82,2.07,2.57
09-Jul-2019,1.92,1.88,2.07,2.54
08-Jul-2019,1.88,1.86,2.05,2.53
05-Jul-2019,1.87,1.84,2.04,2.54
03-Jul-2019,1.77,1.74,1.96,2.47
02-Jul-2019,1.77,1.75,1.98,2.51
01-Jul-2019,1.78,1.79,2.03,2.55
28-Jun-2019,1.75,1.76,2.00,2.52
27-Jun-2019,1.74,1.76,2.01,2.52
26-Jun-2019,1.77,1.80,2.05,2.57
25-Jun-2019,1.71,1.73,2.00,2.53
24-Jun-2019,1.72,1.75,2.02,2.55
21-Jun-2019,1.77,1.80,2.07,2.59
20-Jun-2019,1.72,1.74,2.01,2.53
19-Jun-2019,1.74,1.77,2.03,2.54
18-Jun-2019,1.86,1.83,2.06,2.55
17-Jun-2019,1.86,1.85,2.09,2.58
14-Jun-2019,1.84,1.85,2.09,2.59
13-Jun-2019,1.83,1.84,2.10,2.61
12-Jun-2019,1.88,1.88,2.13,2.62
11-Jun-2019,1.93,1.92,2.15,2.62
10-Jun-2019,1.90,1.91,2.15,2.62
07-Jun-2019,1.85,1.85,2.09,2.57
06-Jun-2019,1.88,1.88,2.12,2.62
05-Jun-2019,1.83,1.86,2.12,2.63
04-Jun-2019,1.88,1.89,2.12,2.60
03-Jun-2019,1.82,1.83,2.07,2.53
31-May-2019,1.95,1.93,2.14,2.58
30-May-2019,2.06,2.03,2.22,2.65
29-May-2019,2.09,2.05,2.25,2.69
28-May-2019,2.12,2.06,2.26,2.70
24-May-2019,2.16,2.12,2.32,2.75
23-May-2019,2.12,2.11,2.31,2.75
22-May-2019,2.23,2.19,2.39,2.82
21-May-2019,2.26,2.23,2.43,2.84
20-May-2019,2.21,2.21,2.41,2.83
17-May-2019,2.20,2.17,2.39,2.82
16-May-2019,2.20,2.18,2.40,2.84
15-May-2019,2.16,2.15,2.37,2.82
14-May-2019,2.20,2.20,2.42,2.86
13-May-2019,2.18,2.18,2.40,2.83
10-May-2019,2.26,2.26,2.47,2.89
09-May-2019,2.26,2.25,2.45,2.87
08-May-2019,2.30,2.28,2.49,2.89
07-May-2019,2.28,2.25,2.45,2.86
06-May-2019,2.31,2.30,2.51,2.91
03-May-2019,2.33,2.33,2.54,2.93
02-May-2019,2.35,2.34,2.55,2.94
01-May-2019,2.31,2.31,2.52,2.92
30-Apr-2019,2.27,2.28,2.51,2.93
29-Apr-2019,2.30,2.32,2.54,2.96
26-Apr-2019,2.28,2.29,2.51,2.92
25-Apr-2019,2.33,2.33,2.54,2.94
24-Apr-2019,2.32,2.32,2.53,2.94
23-Apr-2019,2.36,2.36,2.57,2.98
22-Apr-2019,2.38,2.39,2.59,2.99
18-Apr-2019,2.38,2.38,2.57,2.96
17-Apr-2019,2.40,2.40,2.59,2.99
16-Apr-2019,2.41,2.41,2.60,2.99
15-Apr-2019,2.40,2.37,2.55,2.96
12-Apr-2019,2.40,2.38,2.56,2.97
11-Apr-2019,2.35,2.31,2.51,2.94
10-Apr-2019,2.31,2.28,2.48,2.90
09-Apr-2019,2.35,2.31,2.51,2.92
08-Apr-2019,2.36,2.33,2.52,2.93
05-Apr-2019,2.35,2.31,2.50,2.91
04-Apr-2019,2.33,2.32,2.51,2.92
03-Apr-2019,2.33,2.32,2.52,2.93
02-Apr-2019,2.30,2.28,2.48,2.88
01-Apr-2019,2.33,2.31,2.49,2.89
29-Mar-2019,2.27,2.23,2.41,2.81
28-Mar-2019,2.23,2.20,2.39,2.81
27-Mar-2019,2.22,2.18,2.39,2.83
26-Mar-2019,2.24,2.18,2.41,2.86
25-Mar-2019,2.26,2.21,2.43,2.87
22-Mar-2019,2.31,2.24,2.44,2.88
21-Mar-2019,2.41,2.34,2.54,2.96
20-Mar-2019,2.40,2.34,2.54,2.98
19-Mar-2019,2.46,2.42,2.61,3.02
18-Mar-2019,2.45,2.42,2.60,3.01
15-Mar-2019,2.43,2.40,2.59,3.02
14-Mar-2019,2.46,2.43,2.63,3.04
13-Mar-2019,2.45,2.42,2.61,3.02
12-Mar-2019,2.45,2.41,2.61,3.00
11-Mar-2019,2.47,2.44,2.64,3.03
08-Mar-2019,2.45,2.42,2.62,3.00
07-Mar-2019,2.47,2.44,2.64,3.03
06-Mar-2019,2.52,2.49,2.69,3.06
05-Mar-2019,2.55,2.53,2.72,3.08
04-Mar-2019,2.55,2.53,2.72,3.09
01-Mar-2019,2.55,2.56,2.76,3.13
28-Feb-2019,2.52,2.52,2.73,3.09
27-Feb-2019,2.50,2.49,2.69,3.07
26-Feb-2019,2.48,2.45,2.64,3.01
25-Feb-2019,2.51,2.48,2.67,3.03
22-Feb-2019,2.48,2.47,2.65,3.02
21-Feb-2019,2.53,2.51,2.69,3.05
20-Feb-2019,2.50,2.47,2.65,3.00
19-Feb-2019,2.50,2.47,2.65,2.99
15-Feb-2019,2.52,2.49,2.66,3.00
14-Feb-2019,2.50,2.48,2.66,3.01
13-Feb-2019,2.53,2.53,2.71,3.04
12-Feb-2019,2.50,2.49,2.68,3.02
11-Feb-2019,2.48,2.47,2.65,3.00
08-Feb-2019,2.45,2.44,2.63,2.97
07-Feb-2019,2.48,2.46,2.65,3.00
06-Feb-2019,2.52,2.50,2.70,3.03
05-Feb-2019,2.53,2.51,2.71,3.03
04-Feb-2019,2.53,2.53,2.73,3.06
01-Feb-2019,2.52,2.51,2.70,3.03
31-Jan-2019,2.45,2.43,2.63,2.99
30-Jan-2019,2.52,2.49,2.70,3.06
29-Jan-2019,2.56,2.55,2.72,3.04
28-Jan-2019,2.60,2.58,2.75,3.06
25-Jan-2019,2.60,2.59,2.76,3.06
24-Jan-2019,2.56,2.55,2.72,3.04
23-Jan-2019,2.58,2.59,2.76,3.07
22-Jan-2019,2.58,2.57,2.74,3.06
18-Jan-2019,2.62,2.62,2.79,3.09
17-Jan-2019,2.56,2.58,2.75,3.07
16-Jan-2019,2.55,2.54,2.73,3.07
15-Jan-2019,2.53,2.53,2.72,3.08
14-Jan-2019,2.53,2.53,2.71,3.06
11-Jan-2019,2.55,2.52,2.71,3.04
10-Jan-2019,2.56,2.56,2.74,3.06
09-Jan-2019,2.56,2.57,2.74,3.03
08-Jan-2019,2.58,2.58,2.73,3.00
07-Jan-2019,2.53,2.53,2.70,2.99
04-Jan-2019,2.50,2.49,2.67,2.98
03-Jan-2019,2.39,2.37,2.56,2.92
02-Jan-2019,2.50,2.49,2.66,2.97
31-Dec-2018,2.48,2.51,2.69,3.02
28-Dec-2018,2.52,2.56,2.72,3.04
27-Dec-2018,2.56,2.60,2.77,3.05
26-Dec-2018,2.61,2.67,2.81,3.06
24-Dec-2018,2.55,2.58,2.74,3.00
21-Dec-2018,2.63,2.64,2.79,3.03
20-Dec-2018,2.67,2.65,2.79,3.02
19-Dec-2018,2.63,2.62,2.77,3.00
18-Dec-2018,2.65,2.65,2.82,3.07
17-Dec-2018,2.70,2.69,2.86,3.11
14-Dec-2018,2.73,2.73,2.89,3.14
13-Dec-2018,2.75,2.75,2.91,3.16
12-Dec-2018,2.77,2.77,2.91,3.15
11-Dec-2018,2.78,2.75,2.89,3.13
10-Dec-2018,2.72,2.71,2.85,3.13
07-Dec-2018,2.72,2.70,2.85,3.14
06-Dec-2018,2.75,2.75,2.87,3.14
04-Dec-2018,2.80,2.79,2.91,3.16
03-Dec-2018,2.83,2.83,2.98,3.27
30-Nov-2018,2.80,2.84,3.01,3.30
29-Nov-2018,2.81,2.85,3.03,3.33
28-Nov-2018,2.81,2.87,3.06,3.34
27-Nov-2018,2.83,2.89,3.06,3.32
26-Nov-2018,2.84,2.90,3.07,3.32
23-Nov-2018,2.81,2.88,3.05,3.31
21-Nov-2018,2.81,2.89,3.06,3.31
20-Nov-2018,2.79,2.88,3.06,3.31
19-Nov-2018,2.79,2.87,3.06,3.32
16-Nov-2018,2.81,2.90,3.08,3.33
15-Nov-2018,2.86,2.94,3.11,3.36
14-Nov-2018,2.86,2.95,3.12,3.35
13-Nov-2018,2.89,2.99,3.14,3.36
09-Nov-2018,2.94,3.05,3.19,3.40
08-Nov-2018,2.98,3.09,3.24,3.43
07-Nov-2018,2.96,3.07,3.22,3.43
06-Nov-2018,2.93,3.05,3.22,3.43
05-Nov-2018,2.91,3.03,3.20,3.43
02-Nov-2018,2.91,3.04,3.22,3.46
01-Nov-2018,2.84,2.96,3.14,3.38
31-Oct-2018,2.87,2.98,3.15,3.39
30-Oct-2018,2.84,2.94,3.12,3.36
29-Oct-2018,2.81,2.91,3.08,3.33
26-Oct-2018,2.81,2.91,3.08,3.32
25-Oct-2018,2.86,2.98,3.14,3.35
24-Oct-2018,2.84,2.94,3.10,3.33
23-Oct-2018,2.89,3.01,3.17,3.37
22-Oct-2018,2.92,3.05,3.20,3.38
19-Oct-2018,2.92,3.05,3.20,3.38
18-Oct-2018,2.87,3.03,3.17,3.36
17-Oct-2018,2.89,3.04,3.19,3.35
16-Oct-2018,2.87,3.02,3.16,3.32
15-Oct-2018,2.85,3.01,3.16,3.34
12-Oct-2018,2.85,3.00,3.15,3.32
11-Oct-2018,2.85,3.00,3.14,3.32
10-Oct-2018,2.88,3.05,3.22,3.39
09-Oct-2018,2.88,3.05,3.21,3.37
05-Oct-2018,2.88,3.07,3.23,3.40
04-Oct-2018,2.87,3.05,3.19,3.35
03-Oct-2018,2.85,3.02,3.15,3.30
02-Oct-2018,2.82,2.94,3.05,3.20
01-Oct-2018,2.82,2.96,3.09,3.24
28-Sep-2018,2.81,2.94,3.05,3.19
27-Sep-2018,2.83,2.96,3.06,3.19
26-Sep-2018,2.83,2.96,3.06,3.19
25-Sep-2018,2.83,2.99,3.10,3.23
24-Sep-2018,2.83,2.96,3.08,3.21
21-Sep-2018,2.81,2.95,3.07,3.20
20-Sep-2018,2.81,2.96,3.07,3.21
19-Sep-2018,2.81,2.96,3.08,3.23
18-Sep-2018,2.81,2.94,3.05,3.20
17-Sep-2018,2.78,2.89,2.99,3.13
14-Sep-2018,2.78,2.90,2.99,3.13
13-Sep-2018,2.76,2.87,2.97,3.11
12-Sep-2018,2.74,2.87,2.97,3.11
11-Sep-2018,2.76,2.87,2.98,3.13
10-Sep-2018,2.73,2.83,2.94,3.09
07-Sep-2018,2.71,2.82,2.94,3.11
06-Sep-2018,2.64,2.76,2.88,3.06
05-Sep-2018,2.66,2.77,2.90,3.08
04-Sep-2018,2.66,2.78,2.90,3.07
31-Aug-2018,2.62,2.74,2.86,3.02
30-Aug-2018,2.64,2.75,2.86,3.00
29-Aug-2018,2.67,2.78,2.89,3.02
28-Aug-2018,2.67,2.77,2.88,3.03
27-Aug-2018,2.67,2.74,2.85,3.00
24-Aug-2018,2.63,2.72,2.82,2.97
23-Aug-2018,2.61,2.72,2.82,2.97
22-Aug-2018,2.60,2.70,2.82,2.99
21-Aug-2018,2.61,2.73,2.85,3.00
20-Aug-2018,2.60,2.70,2.82,2.99
17-Aug-2018,2.61,2.75,2.87,3.03
16-Aug-2018,2.63,2.75,2.87,3.03
15-Aug-2018,2.61,2.73,2.86,3.03
14-Aug-2018,2.63,2.77,2.89,3.06
13-Aug-2018,2.61,2.75,2.88,3.05
10-Aug-2018,2.61,2.75,2.87,3.03
09-Aug-2018,2.64,2.80,2.93,3.08
08-Aug-2018,2.68,2.83,2.96,3.12
07-Aug-2018,2.68,2.84,2.98,3.12
06-Aug-2018,2.64,2.80,2.94,3.08
03-Aug-2018,2.63,2.82,2.95,3.09
02-Aug-2018,2.66,2.85,2.98,3.12
01-Aug-2018,2.67,2.87,3.00,3.13
31-Jul-2018,2.67,2.85,2.96,3.08
30-Jul-2018,2.66,2.85,2.98,3.11
27-Jul-2018,2.67,2.84,2.96,3.09
26-Jul-2018,2.69,2.86,2.98,3.10
25-Jul-2018,2.66,2.82,2.94,3.06
24-Jul-2018,2.63,2.83,2.95,3.08
23-Jul-2018,2.64,2.83,2.96,3.10
20-Jul-2018,2.60,2.77,2.89,3.03
19-Jul-2018,2.60,2.74,2.84,2.96
18-Jul-2018,2.60,2.77,2.88,2.99
17-Jul-2018,2.62,2.76,2.86,2.97
16-Jul-2018,2.59,2.75,2.85,2.96
13-Jul-2018,2.59,2.73,2.83,2.94
12-Jul-2018,2.60,2.75,2.85,2.95
11-Jul-2018,2.58,2.74,2.85,2.95
10-Jul-2018,2.59,2.77,2.87,2.97
09-Jul-2018,2.57,2.75,2.86,2.96
06-Jul-2018,2.53,2.71,2.82,2.94
05-Jul-2018,2.55,2.74,2.84,2.95
03-Jul-2018,2.53,2.72,2.83,2.96
02-Jul-2018,2.57,2.75,2.87,2.99
29-Jun-2018,2.52,2.73,2.85,2.98
28-Jun-2018,2.52,2.73,2.84,2.97
27-Jun-2018,2.52,2.71,2.83,2.97
26-Jun-2018,2.53,2.75,2.88,3.03
25-Jun-2018,2.54,2.75,2.87,3.02
22-Jun-2018,2.56,2.77,2.90,3.04
21-Jun-2018,2.56,2.77,2.90,3.04
20-Jun-2018,2.56,2.80,2.93,3.06
19-Jun-2018,2.54,2.77,2.89,3.02
18-Jun-2018,2.56,2.80,2.92,3.05
15-Jun-2018,2.55,2.81,2.93,3.05
14-Jun-2018,2.59,2.81,2.94,3.05
13-Jun-2018,2.59,2.85,2.98,3.10
12-Jun-2018,2.54,2.81,2.96,3.09
11-Jun-2018,2.52,2.80,2.96,3.10
08-Jun-2018,2.50,2.77,2.93,3.08
07-Jun-2018,2.50,2.77,2.93,3.08
06-Jun-2018,2.52,2.81,2.97,3.13
05-Jun-2018,2.49,2.76,2.92,3.07
04-Jun-2018,2.52,2.78,2.94,3.08
01-Jun-2018,2.47,2.74,2.89,3.04
31-May-2018,2.40,2.68,2.83,3.00
30-May-2018,2.42,2.67,2.84,3.01
29-May-2018,2.32,2.58,2.77,2.96
25-May-2018,2.48,2.76,2.93,3.09
24-May-2018,2.50,2.82,2.98,3.13
23-May-2018,2.53,2.83,3.01,3.17
22-May-2018,2.59,2.90,3.06,3.21
21-May-2018,2.58,2.90,3.06,3.20
18-May-2018,2.55,2.90,3.06,3.20
17-May-2018,2.57,2.94,3.11,3.25
16-May-2018,2.58,2.94,3.09,3.21
15-May-2018,2.58,2.92,3.08,3.20
14-May-2018,2.55,2.85,3.00,3.13
11-May-2018,2.54,2.84,2.97,3.10
10-May-2018,2.54,2.83,2.97,3.12
09-May-2018,2.54,2.84,3.00,3.16
08-May-2018,2.51,2.81,2.97,3.13
07-May-2018,2.49,2.78,2.95,3.12
04-May-2018,2.51,2.78,2.95,3.12
03-May-2018,2.49,2.78,2.94,3.12
02-May-2018,2.49,2.80,2.97,3.14
01-May-2018,2.50,2.82,2.97,3.13
30-Apr-2018,2.49,2.79,2.95,3.11
27-Apr-2018,2.49,2.80,2.96,3.13
26-Apr-2018,2.49,2.82,3.00,3.18
25-Apr-2018,2.49,2.84,3.03,3.21
24-Apr-2018,2.48,2.83,3.00,3.18
23-Apr-2018,2.49,2.83,2.98,3.15
20-Apr-2018,2.46,2.80,2.96,3.14
19-Apr-2018,2.44,2.77,2.92,3.11
18-Apr-2018,2.42,2.73,2.87,3.06
17-Apr-2018,2.41,2.68,2.82,3.00
16-Apr-2018,2.39,2.69,2.83,3.03
13-Apr-2018,2.37,2.67,2.82,3.03
12-Apr-2018,2.34,2.67,2.83,3.05
11-Apr-2018,2.32,2.62,2.79,2.99
10-Apr-2018,2.32,2.62,2.80,3.02
09-Apr-2018,2.29,2.60,2.78,3.02
06-Apr-2018,2.27,2.58,2.77,3.01
05-Apr-2018,2.30,2.64,2.83,3.07
04-Apr-2018,2.28,2.61,2.79,3.03
03-Apr-2018,2.28,2.60,2.79,3.02
02-Apr-2018,2.25,2.55,2.73,2.97
29-Mar-2018,2.27,2.56,2.74,2.97
28-Mar-2018,2.28,2.59,2.77,3.01
27-Mar-2018,2.26,2.58,2.78,3.03
26-Mar-2018,2.33,2.64,2.85,3.08
23-Mar-2018,2.28,2.61,2.82,3.06
22-Mar-2018,2.29,2.63,2.83,3.06
21-Mar-2018,2.31,2.69,2.89,3.12
20-Mar-2018,2.34,2.69,2.89,3.12
19-Mar-2018,2.31,2.65,2.85,3.09
16-Mar-2018,2.31,2.65,2.85,3.08
15-Mar-2018,2.29,2.62,2.82,3.05
14-Mar-2018,2.26,2.61,2.81,3.05
13-Mar-2018,2.26,2.62,2.84,3.10
12-Mar-2018,2.27,2.64,2.87,3.13
09-Mar-2018,2.27,2.65,2.90,3.16
08-Mar-2018,2.25,2.63,2.86,3.13
07-Mar-2018,2.25,2.65,2.89,3.15
06-Mar-2018,2.25,2.65,2.88,3.14
05-Mar-2018,2.24,2.65,2.88,3.16
02-Mar-2018,2.25,2.63,2.86,3.14
01-Mar-2018,2.22,2.58,2.81,3.09
28-Feb-2018,2.25,2.65,2.87,3.13
27-Feb-2018,2.27,2.67,2.90,3.17
26-Feb-2018,2.22,2.60,2.86,3.15
23-Feb-2018,2.25,2.62,2.88,3.16
22-Feb-2018,2.25,2.66,2.92,3.21
21-Feb-2018,2.26,2.69,2.94,3.22
20-Feb-2018,2.25,2.65,2.88,3.15
16-Feb-2018,2.21,2.63,2.87,3.13
15-Feb-2018,2.19,2.65,2.90,3.15
14-Feb-2018,2.17,2.65,2.91,3.18
13-Feb-2018,2.10,2.54,2.83,3.11
12-Feb-2018,2.09,2.56,2.86,3.14
09-Feb-2018,2.05,2.52,2.83,3.14
08-Feb-2018,2.13,2.57,2.85,3.14
07-Feb-2018,2.15,2.57,2.84,3.12
06-Feb-2018,2.10,2.52,2.79,3.06
05-Feb-2018,2.08,2.50,2.77,3.04
02-Feb-2018,2.15,2.58,2.84,3.08
01-Feb-2018,2.16,2.56,2.78,3.01
31-Jan-2018,2.14,2.52,2.72,2.95
30-Jan-2018,2.13,2.51,2.73,2.98
29-Jan-2018,2.11,2.49,2.70,2.94
26-Jan-2018,2.13,2.47,2.66,2.91
25-Jan-2018,2.08,2.41,2.63,2.89
24-Jan-2018,2.08,2.43,2.65,2.93
23-Jan-2018,2.06,2.43,2.63,2.90
22-Jan-2018,2.08,2.46,2.66,2.93
19-Jan-2018,2.06,2.45,2.64,2.91
18-Jan-2018,2.05,2.43,2.62,2.90
17-Jan-2018,2.05,2.39,2.57,2.84
16-Jan-2018,2.03,2.36,2.54,2.83
12-Jan-2018,1.99,2.35,2.55,2.85
11-Jan-2018,1.98,2.32,2.54,2.91
10-Jan-2018,1.98,2.32,2.55,2.88
09-Jan-2018,1.98,2.33,2.55,2.88
08-Jan-2018,1.96,2.29,2.49,2.81
05-Jan-2018,1.96,2.29,2.47,2.81
04-Jan-2018,1.96,2.27,2.46,2.79
03-Jan-2018,1.94,2.25,2.44,2.78
02-Jan-2018,1.92,2.25,2.46,2.81
29-Dec-2017,1.89,2.20,2.40,2.74
28-Dec-2017,1.91,2.23,2.43,2.75
27-Dec-2017,1.89,2.22,2.42,2.75
26-Dec-2017,1.92,2.25,2.47,2.82
22-Dec-2017,1.91,2.26,2.48,2.83
21-Dec-2017,1.89,2.26,2.48,2.84
20-Dec-2017,1.87,2.24,2.49,2.88
19-Dec-2017,1.87,2.23,2.46,2.82
18-Dec-2017,1.84,2.17,2.39,2.74
15-Dec-2017,1.84,2.16,2.35,2.68
14-Dec-2017,1.82,2.14,2.35,2.71
13-Dec-2017,1.79,2.12,2.36,2.74
12-Dec-2017,1.83,2.18,2.40,2.79
11-Dec-2017,1.82,2.16,2.39,2.77
08-Dec-2017,1.80,2.14,2.38,2.77
07-Dec-2017,1.80,2.14,2.37,2.76
06-Dec-2017,1.78,2.11,2.33,2.71
05-Dec-2017,1.83,2.15,2.36,2.73
04-Dec-2017,1.80,2.15,2.37,2.77
01-Dec-2017,1.78,2.13,2.37,2.76
30-Nov-2017,1.78,2.14,2.42,2.83
29-Nov-2017,1.78,2.09,2.37,2.81
28-Nov-2017,1.75,2.07,2.34,2.77
27-Nov-2017,1.74,2.06,2.32,2.76
24-Nov-2017,1.75,2.07,2.34,2.76
22-Nov-2017,1.74,2.05,2.32,2.75
21-Nov-2017,1.77,2.11,2.36,2.76
20-Nov-2017,1.77,2.09,2.37,2.78
17-Nov-2017,1.73,2.06,2.35,2.78
16-Nov-2017,1.72,2.07,2.37,2.81
15-Nov-2017,1.68,2.04,2.33,2.77
14-Nov-2017,1.68,2.06,2.38,2.84
13-Nov-2017,1.70,2.08,2.40,2.87
10-Nov-2017,1.67,2.06,2.40,2.88
09-Nov-2017,1.63,2.01,2.33,2.81
08-Nov-2017,1.65,2.01,2.32,2.79
07-Nov-2017,1.63,1.99,2.32,2.77
06-Nov-2017,1.61,1.99,2.32,2.80
03-Nov-2017,1.63,1.99,2.34,2.82
02-Nov-2017,1.61,2.00,2.35,2.83
01-Nov-2017,1.61,2.01,2.37,2.85
31-Oct-2017,1.60,2.01,2.38,2.88
30-Oct-2017,1.58,2.00,2.37,2.88
27-Oct-2017,1.59,2.03,2.42,2.93
26-Oct-2017,1.63,2.07,2.46,2.96
25-Oct-2017,1.61,2.06,2.44,2.95
24-Oct-2017,1.60,2.05,2.42,2.92
23-Oct-2017,1.58,2.01,2.38,2.89
20-Oct-2017,1.60,2.03,2.39,2.89
19-Oct-2017,1.58,1.98,2.33,2.83
18-Oct-2017,1.59,1.99,2.34,2.85
17-Oct-2017,1.54,1.97,2.30,2.80
16-Oct-2017,1.54,1.95,2.30,2.82
13-Oct-2017,1.51,1.91,2.28,2.81
12-Oct-2017,1.51,1.95,2.33,2.86
11-Oct-2017,1.51,1.95,2.35,2.88
10-Oct-2017,1.51,1.95,2.35,2.88
06-Oct-2017,1.54,1.97,2.37,2.91
05-Oct-2017,1.49,1.94,2.35,2.89
04-Oct-2017,1.47,1.92,2.33,2.87
03-Oct-2017,1.47,1.92,2.33,2.87
02-Oct-2017,1.49,1.94,2.34,2.87
29-Sep-2017,1.47,1.92,2.33,2.86
28-Sep-2017,1.45,1.89,2.31,2.87
27-Sep-2017,1.47,1.91,2.31,2.86
26-Sep-2017,1.45,1.87,2.24,2.78
25-Sep-2017,1.44,1.85,2.22,2.76
22-Sep-2017,1.46,1.88,2.26,2.80
21-Sep-2017,1.45,1.89,2.27,2.80
20-Sep-2017,1.45,1.89,2.28,2.82
19-Sep-2017,1.40,1.84,2.24,2.81
18-Sep-2017,1.40,1.83,2.23,2.80
15-Sep-2017,1.39,1.81,2.20,2.77
14-Sep-2017,1.37,1.79,2.20,2.77
13-Sep-2017,1.35,1.78,2.20,2.79
12-Sep-2017,1.33,1.75,2.17,2.78
11-Sep-2017,1.32,1.71,2.14,2.75
08-Sep-2017,1.27,1.64,2.06,2.67
07-Sep-2017,1.27,1.63,2.05,2.66
06-Sep-2017,1.30,1.69,2.10,2.72
05-Sep-2017,1.30,1.65,2.07,2.69
01-Sep-2017,1.35,1.73,2.16,2.77
31-Aug-2017,1.33,1.70,2.12,2.73
30-Aug-2017,1.33,1.72,2.15,2.75
29-Aug-2017,1.33,1.70,2.13,2.74
28-Aug-2017,1.33,1.74,2.16,2.76
25-Aug-2017,1.35,1.77,2.17,2.75
24-Aug-2017,1.33,1.78,2.19,2.77
23-Aug-2017,1.32,1.76,2.17,2.75
22-Aug-2017,1.33,1.80,2.22,2.79
21-Aug-2017,1.32,1.76,2.18,2.77
18-Aug-2017,1.33,1.77,2.19,2.78
17-Aug-2017,1.32,1.76,2.19,2.78
16-Aug-2017,1.33,1.79,2.23,2.81
15-Aug-2017,1.35,1.83,2.27,2.84
14-Aug-2017,1.33,1.77,2.22,2.81
11-Aug-2017,1.30,1.74,2.19,2.79
10-Aug-2017,1.33,1.78,2.20,2.79
09-Aug-2017,1.33,1.81,2.24,2.82
08-Aug-2017,1.36,1.84,2.29,2.86
07-Aug-2017,1.36,1.81,2.26,2.84
04-Aug-2017,1.36,1.82,2.27,2.84
03-Aug-2017,1.34,1.79,2.24,2.81
02-Aug-2017,1.36,1.82,2.27,2.85
01-Aug-2017,1.34,1.80,2.26,2.86
31-Jul-2017,1.34,1.84,2.30,2.89
28-Jul-2017,1.34,1.83,2.30,2.89
27-Jul-2017,1.36,1.84,2.32,2.93
26-Jul-2017,1.36,1.83,2.29,2.89
25-Jul-2017,1.40,1.90,2.33,2.91
24-Jul-2017,1.37,1.83,2.26,2.83
21-Jul-2017,1.36,1.81,2.24,2.81
20-Jul-2017,1.37,1.82,2.27,2.83
19-Jul-2017,1.37,1.83,2.27,2.85
18-Jul-2017,1.36,1.82,2.27,2.85
17-Jul-2017,1.36,1.86,2.31,2.89
14-Jul-2017,1.35,1.87,2.33,2.91
13-Jul-2017,1.37,1.89,2.35,2.92
12-Jul-2017,1.35,1.88,2.33,2.89
11-Jul-2017,1.37,1.92,2.37,2.92
10-Jul-2017,1.40,1.93,2.38,2.93
07-Jul-2017,1.40,1.95,2.39,2.93
06-Jul-2017,1.40,1.94,2.37,2.90
05-Jul-2017,1.41,1.92,2.33,2.85
03-Jul-2017,1.41,1.93,2.35,2.86
30-Jun-2017,1.38,1.89,2.31,2.84
29-Jun-2017,1.38,1.85,2.27,2.82
28-Jun-2017,1.34,1.81,2.22,2.77
27-Jun-2017,1.38,1.83,2.21,2.75
26-Jun-2017,1.36,1.77,2.14,2.70
23-Jun-2017,1.34,1.77,2.15,2.71
22-Jun-2017,1.34,1.76,2.15,2.72
21-Jun-2017,1.36,1.78,2.16,2.73
20-Jun-2017,1.36,1.77,2.16,2.74
19-Jun-2017,1.36,1.80,2.19,2.79
16-Jun-2017,1.32,1.75,2.16,2.78
15-Jun-2017,1.35,1.76,2.16,2.78
14-Jun-2017,1.35,1.74,2.15,2.79
13-Jun-2017,1.38,1.79,2.21,2.87
12-Jun-2017,1.35,1.78,2.21,2.86
09-Jun-2017,1.35,1.77,2.21,2.86
08-Jun-2017,1.33,1.75,2.19,2.85
07-Jun-2017,1.32,1.74,2.18,2.84
06-Jun-2017,1.30,1.71,2.14,2.81
05-Jun-2017,1.32,1.74,2.18,2.84
02-Jun-2017,1.28,1.71,2.15,2.80
01-Jun-2017,1.28,1.76,2.21,2.87
31-May-2017,1.28,1.75,2.21,2.87
30-May-2017,1.28,1.76,2.21,2.88
26-May-2017,1.30,1.79,2.25,2.92
25-May-2017,1.30,1.78,2.25,2.92
24-May-2017,1.29,1.79,2.26,2.92
23-May-2017,1.31,1.84,2.29,2.95
22-May-2017,1.29,1.80,2.25,2.91
19-May-2017,1.28,1.79,2.23,2.90
18-May-2017,1.27,1.78,2.23,2.90
17-May-2017,1.26,1.76,2.22,2.91
16-May-2017,1.29,1.86,2.33,2.99
15-May-2017,1.31,1.86,2.34,3.00
12-May-2017,1.29,1.85,2.33,2.98
11-May-2017,1.35,1.93,2.39,3.03
10-May-2017,1.35,1.94,2.41,3.03
09-May-2017,1.37,1.94,2.42,3.04
08-May-2017,1.33,1.91,2.39,3.02
05-May-2017,1.32,1.89,2.36,2.99
04-May-2017,1.32,1.88,2.36,3.00
03-May-2017,1.30,1.86,2.33,2.97
02-May-2017,1.27,1.81,2.29,2.97
01-May-2017,1.28,1.84,2.33,3.00
28-Apr-2017,1.28,1.81,2.29,2.96
27-Apr-2017,1.25,1.81,2.30,2.96
26-Apr-2017,1.28,1.84,2.32,2.97
25-Apr-2017,1.29,1.87,2.35,2.99
24-Apr-2017,1.25,1.81,2.28,2.93
21-Apr-2017,1.20,1.77,2.24,2.89
20-Apr-2017,1.21,1.78,2.24,2.89
19-Apr-2017,1.19,1.74,2.21,2.87
18-Apr-2017,1.18,1.71,2.18,2.84
17-Apr-2017,1.21,1.79,2.26,2.92
13-Apr-2017,1.21,1.77,2.24,2.89
12-Apr-2017,1.24,1.81,2.28,2.92
11-Apr-2017,1.24,1.84,2.32,2.93
10-Apr-2017,1.29,1.91,2.37,2.99
07-Apr-2017,1.29,1.92,2.38,3.00
06-Apr-2017,1.24,1.87,2.34,2.99
05-Apr-2017,1.24,1.85,2.34,2.98
04-Apr-2017,1.25,1.88,2.36,2.99
03-Apr-2017,1.24,1.88,2.35,2.98
31-Mar-2017,1.27,1.93,2.40,3.02
30-Mar-2017,1.28,1.96,2.42,3.03
29-Mar-2017,1.26,1.93,2.39,2.99
28-Mar-2017,1.30,1.97,2.42,3.02
27-Mar-2017,1.27,1.93,2.38,2.98
24-Mar-2017,1.26,1.93,2.40,3.00
23-Mar-2017,1.26,1.95,2.41,3.02
22-Mar-2017,1.27,1.95,2.40,3.02
21-Mar-2017,1.27,1.96,2.43,3.04
20-Mar-2017,1.30,2.00,2.47,3.08
17-Mar-2017,1.33,2.03,2.50,3.11
16-Mar-2017,1.35,2.05,2.53,3.14
15-Mar-2017,1.33,2.02,2.51,3.11
14-Mar-2017,1.40,2.13,2.60,3.17
13-Mar-2017,1.40,2.14,2.62,3.20
10-Mar-2017,1.36,2.11,2.58,3.16
09-Mar-2017,1.37,2.13,2.60,3.19
08-Mar-2017,1.36,2.08,2.57,3.15
07-Mar-2017,1.32,2.05,2.52,3.11
06-Mar-2017,1.31,2.02,2.49,3.10
03-Mar-2017,1.32,2.02,2.49,3.08
02-Mar-2017,1.32,2.03,2.49,3.09
01-Mar-2017,1.29,1.99,2.46,3.06
28-Feb-2017,1.22,1.89,2.36,2.97
27-Feb-2017,1.20,1.87,2.36,2.98
24-Feb-2017,1.12,1.80,2.31,2.95
23-Feb-2017,1.18,1.87,2.38,3.02
22-Feb-2017,1.22,1.92,2.42,3.04
21-Feb-2017,1.22,1.93,2.43,3.04
17-Feb-2017,1.21,1.92,2.42,3.03
16-Feb-2017,1.22,1.95,2.45,3.05
15-Feb-2017,1.27,2.01,2.51,3.09
14-Feb-2017,1.25,1.98,2.47,3.07
13-Feb-2017,1.20,1.92,2.43,3.03
10-Feb-2017,1.20,1.89,2.41,3.01
09-Feb-2017,1.20,1.88,2.40,3.02
08-Feb-2017,1.15,1.81,2.34,2.96
07-Feb-2017,1.16,1.85,2.40,3.02
06-Feb-2017,1.16,1.86,2.42,3.05
03-Feb-2017,1.21,1.93,2.49,3.11
02-Feb-2017,1.21,1.92,2.48,3.09
01-Feb-2017,1.22,1.93,2.48,3.08
31-Jan-2017,1.19,1.90,2.45,3.05
30-Jan-2017,1.22,1.94,2.49,3.08
27-Jan-2017,1.22,1.94,2.49,3.06
26-Jan-2017,1.21,1.95,2.51,3.08
25-Jan-2017,1.23,1.99,2.53,3.10
24-Jan-2017,1.21,1.94,2.47,3.05
23-Jan-2017,1.16,1.88,2.41,2.99
20-Jan-2017,1.20,1.95,2.48,3.05
19-Jan-2017,1.25,1.97,2.47,3.04
18-Jan-2017,1.23,1.93,2.42,3.00
17-Jan-2017,1.17,1.84,2.33,2.93
13-Jan-2017,1.21,1.90,2.40,2.99
12-Jan-2017,1.18,1.87,2.36,3.01
11-Jan-2017,1.20,1.89,2.38,2.96
10-Jan-2017,1.19,1.89,2.38,2.97
09-Jan-2017,1.21,1.89,2.38,2.97
06-Jan-2017,1.22,1.92,2.42,3.00
05-Jan-2017,1.17,1.86,2.37,2.96
04-Jan-2017,1.24,1.94,2.46,3.05
03-Jan-2017,1.22,1.94,2.45,3.04
30-Dec-2016,1.20,1.93,2.45,3.06
29-Dec-2016,1.22,1.96,2.49,3.08
28-Dec-2016,1.26,2.02,2.51,3.09
27-Dec-2016,1.28,2.07,2.57,3.14
23-Dec-2016,1.22,2.04,2.55,3.12
22-Dec-2016,1.22,2.04,2.55,3.12
21-Dec-2016,1.21,2.04,2.55,3.12
20-Dec-2016,1.25,2.06,2.57,3.15
19-Dec-2016,1.24,2.03,2.54,3.12
16-Dec-2016,1.28,2.07,2.60,3.19
15-Dec-2016,1.29,2.10,2.60,3.16
14-Dec-2016,1.27,2.02,2.54,3.14
13-Dec-2016,1.17,1.92,2.48,3.14
12-Dec-2016,1.15,1.90,2.49,3.16
09-Dec-2016,1.15,1.89,2.47,3.16
08-Dec-2016,1.12,1.83,2.40,3.10
07-Dec-2016,1.10,1.80,2.34,3.02
06-Dec-2016,1.12,1.84,2.39,3.08
05-Dec-2016,1.13,1.84,2.39,3.05
02-Dec-2016,1.11,1.84,2.40,3.08
01-Dec-2016,1.14,1.90,2.45,3.10
30-Nov-2016,1.11,1.83,2.37,3.02
29-Nov-2016,1.09,1.78,2.30,2.95
28-Nov-2016,1.11,1.80,2.32,2.99
25-Nov-2016,1.12,1.83,2.36,3.01
23-Nov-2016,1.12,1.83,2.36,3.02
22-Nov-2016,1.07,1.77,2.31,3.00
21-Nov-2016,1.08,1.79,2.33,3.00
18-Nov-2016,1.07,1.80,2.34,3.01
17-Nov-2016,1.04,1.73,2.29,3.01
16-Nov-2016,1.00,1.68,2.22,2.92
15-Nov-2016,1.02,1.68,2.23,2.97
14-Nov-2016,1.00,1.66,2.23,2.99
10-Nov-2016,0.92,1.56,2.15,2.94
09-Nov-2016,0.90,1.49,2.07,2.88
08-Nov-2016,0.87,1.34,1.88,2.63
07-Nov-2016,0.82,1.29,1.83,2.60
04-Nov-2016,0.80,1.24,1.79,2.56
03-Nov-2016,0.81,1.26,1.82,2.60
02-Nov-2016,0.81,1.26,1.81,2.56
01-Nov-2016,0.83,1.30,1.83,2.58
31-Oct-2016,0.86,1.31,1.84,2.58
28-Oct-2016,0.86,1.33,1.86,2.62
27-Oct-2016,0.87,1.33,1.85,2.60
26-Oct-2016,0.86,1.30,1.79,2.53
25-Oct-2016,0.86,1.29,1.77,2.50
24-Oct-2016,0.84,1.27,1.77,2.52
21-Oct-2016,0.84,1.25,1.74,2.48
20-Oct-2016,0.84,1.26,1.76,2.50
19-Oct-2016,0.81,1.24,1.76,2.51
18-Oct-2016,0.82,1.24,1.75,2.51
17-Oct-2016,0.81,1.26,1.77,2.52
14-Oct-2016,0.84,1.28,1.80,2.55
13-Oct-2016,0.85,1.27,1.75,2.48
12-Oct-2016,0.87,1.31,1.79,2.51
11-Oct-2016,0.87,1.30,1.77,2.50
07-Oct-2016,0.83,1.26,1.73,2.46
06-Oct-2016,0.86,1.28,1.75,2.46
05-Oct-2016,0.85,1.26,1.72,2.44
04-Oct-2016,0.82,1.22,1.69,2.40
03-Oct-2016,0.80,1.18,1.63,2.34
30-Sep-2016,0.77,1.14,1.60,2.32
29-Sep-2016,0.73,1.12,1.56,2.28
28-Sep-2016,0.75,1.13,1.57,2.29
27-Sep-2016,0.75,1.12,1.56,2.28
26-Sep-2016,0.76,1.13,1.59,2.32
23-Sep-2016,0.77,1.16,1.62,2.34
22-Sep-2016,0.79,1.18,1.63,2.34
21-Sep-2016,0.79,1.20,1.66,2.39
20-Sep-2016,0.79,1.20,1.69,2.43
19-Sep-2016,0.79,1.22,1.70,2.45
16-Sep-2016,0.77,1.21,1.70,2.44
15-Sep-2016,0.74,1.20,1.71,2.48
14-Sep-2016,0.77,1.21,1.70,2.44
13-Sep-2016,0.80,1.26,1.73,2.47
12-Sep-2016,0.79,1.21,1.68,2.40
09-Sep-2016,0.79,1.23,1.67,2.39
08-Sep-2016,0.78,1.19,1.61,2.32
07-Sep-2016,0.74,1.12,1.54,2.23
06-Sep-2016,0.74,1.13,1.55,2.24
02-Sep-2016,0.80,1.20,1.60,2.28
01-Sep-2016,0.78,1.18,1.57,2.23
31-Aug-2016,0.80,1.19,1.58,2.23
30-Aug-2016,0.80,1.18,1.57,2.23
29-Aug-2016,0.81,1.18,1.57,2.22
26-Aug-2016,0.84,1.23,1.62,2.29
25-Aug-2016,0.78,1.16,1.58,2.27
24-Aug-2016,0.76,1.13,1.56,2.24
23-Aug-2016,0.74,1.15,1.55,2.24
22-Aug-2016,0.76,1.15,1.55,2.24
19-Aug-2016,0.76,1.17,1.58,2.29
18-Aug-2016,0.71,1.12,1.53,2.26
17-Aug-2016,0.74,1.15,1.56,2.27
16-Aug-2016,0.76,1.16,1.57,2.29
15-Aug-2016,0.72,1.14,1.55,2.27
12-Aug-2016,0.71,1.10,1.51,2.23
11-Aug-2016,0.76,1.16,1.57,2.28
10-Aug-2016,0.69,1.07,1.50,2.23
09-Aug-2016,0.71,1.11,1.55,2.25
08-Aug-2016,0.74,1.15,1.59,2.30
05-Aug-2016,0.72,1.13,1.59,2.32
04-Aug-2016,0.64,1.03,1.51,2.25
03-Aug-2016,0.67,1.07,1.55,2.29
02-Aug-2016,0.67,1.07,1.55,2.29
01-Aug-2016,0.67,1.06,1.51,2.24
29-Jul-2016,0.67,1.03,1.46,2.18
28-Jul-2016,0.72,1.09,1.52,2.23
27-Jul-2016,0.73,1.10,1.52,2.23
26-Jul-2016,0.75,1.15,1.57,2.28
25-Jul-2016,0.72,1.15,1.58,2.29
22-Jul-2016,0.71,1.13,1.57,2.29
21-Jul-2016,0.70,1.11,1.57,2.29
20-Jul-2016,0.73,1.15,1.59,2.30
19-Jul-2016,0.70,1.12,1.56,2.27
18-Jul-2016,0.68,1.14,1.59,2.30
15-Jul-2016,0.71,1.15,1.60,2.30
14-Jul-2016,0.68,1.10,1.53,2.25
13-Jul-2016,0.68,1.07,1.48,2.18
12-Jul-2016,0.69,1.10,1.53,2.24
11-Jul-2016,0.66,1.03,1.43,2.14
08-Jul-2016,0.61,0.95,1.37,2.11
07-Jul-2016,0.58,0.97,1.40,2.14
06-Jul-2016,0.58,0.95,1.38,2.14
05-Jul-2016,0.56,0.94,1.37,2.14
01-Jul-2016,0.59,1.00,1.46,2.24
30-Jun-2016,0.58,1.01,1.49,2.30
29-Jun-2016,0.62,1.03,1.50,2.30
28-Jun-2016,0.61,1.00,1.46,2.27
27-Jun-2016,0.61,1.00,1.46,2.28
24-Jun-2016,0.64,1.08,1.57,2.42
23-Jun-2016,0.78,1.25,1.74,2.55
22-Jun-2016,0.75,1.20,1.69,2.50
21-Jun-2016,0.76,1.22,1.71,2.50
20-Jun-2016,0.74,1.17,1.67,2.47
17-Jun-2016,0.70,1.13,1.62,2.43
16-Jun-2016,0.70,1.10,1.57,2.39
15-Jun-2016,0.69,1.10,1.60,2.43
14-Jun-2016,0.74,1.15,1.62,2.43
13-Jun-2016,0.73,1.14,1.62,2.43
10-Jun-2016,0.73,1.17,1.64,2.44
09-Jun-2016,0.77,1.22,1.68,2.48
08-Jun-2016,0.78,1.23,1.71,2.51
07-Jun-2016,0.78,1.23,1.72,2.54
06-Jun-2016,0.80,1.25,1.73,2.55
03-Jun-2016,0.78,1.23,1.71,2.52
02-Jun-2016,0.89,1.36,1.81,2.58
01-Jun-2016,0.91,1.39,1.85,2.63
31-May-2016,0.87,1.37,1.84,2.64
27-May-2016,0.90,1.39,1.85,2.65
26-May-2016,0.87,1.35,1.83,2.64
25-May-2016,0.92,1.40,1.87,2.67
24-May-2016,0.92,1.41,1.86,2.65
23-May-2016,0.91,1.38,1.84,2.63
20-May-2016,0.89,1.38,1.85,2.63
19-May-2016,0.89,1.38,1.85,2.64
18-May-2016,0.90,1.41,1.87,2.67
17-May-2016,0.82,1.29,1.76,2.59
16-May-2016,0.79,1.26,1.75,2.59
13-May-2016,0.76,1.22,1.71,2.55
12-May-2016,0.76,1.24,1.75,2.60
11-May-2016,0.74,1.20,1.73,2.58
10-May-2016,0.72,1.20,1.77,2.61
09-May-2016,0.72,1.20,1.77,2.61
06-May-2016,0.74,1.23,1.79,2.62
05-May-2016,0.72,1.20,1.76,2.60
04-May-2016,0.75,1.23,1.79,2.64
03-May-2016,0.75,1.25,1.81,2.66
02-May-2016,0.80,1.32,1.88,2.71
29-Apr-2016,0.77,1.28,1.83,2.66
28-Apr-2016,0.78,1.28,1.84,2.68
27-Apr-2016,0.83,1.33,1.87,2.71
26-Apr-2016,0.86,1.40,1.94,2.76
25-Apr-2016,0.85,1.38,1.91,2.72
22-Apr-2016,0.84,1.37,1.89,2.70
21-Apr-2016,0.82,1.35,1.88,2.69
20-Apr-2016,0.80,1.32,1.85,2.66
19-Apr-2016,0.77,1.26,1.79,2.60
18-Apr-2016,0.75,1.24,1.78,2.58
15-Apr-2016,0.74,1.22,1.76,2.56
14-Apr-2016,0.77,1.26,1.80,2.61
13-Apr-2016,0.75,1.22,1.77,2.58
12-Apr-2016,0.74,1.22,1.79,2.61
11-Apr-2016,0.70,1.16,1.73,2.56
08-Apr-2016,0.70,1.16,1.72,2.55
07-Apr-2016,0.70,1.14,1.70,2.52
06-Apr-2016,0.73,1.20,1.76,2.58
05-Apr-2016,0.72,1.17,1.73,2.54
04-Apr-2016,0.75,1.22,1.78,2.60
01-Apr-2016,0.76,1.24,1.79,2.62
31-Mar-2016,0.73,1.21,1.78,2.61
30-Mar-2016,0.76,1.26,1.83,2.65
29-Mar-2016,0.78,1.29,1.81,2.60
28-Mar-2016,0.89,1.37,1.89,2.66
24-Mar-2016,0.89,1.39,1.91,2.67
23-Mar-2016,0.87,1.37,1.88,2.65
22-Mar-2016,0.91,1.42,1.94,2.72
21-Mar-2016,0.87,1.38,1.92,2.72
18-Mar-2016,0.84,1.34,1.88,2.68
17-Mar-2016,0.87,1.39,1.91,2.69
16-Mar-2016,0.87,1.41,1.94,2.73
15-Mar-2016,0.98,1.50,1.97,2.73
14-Mar-2016,0.97,1.49,1.97,2.74
11-Mar-2016,0.97,1.49,1.98,2.75
10-Mar-2016,0.93,1.45,1.93,2.70
09-Mar-2016,0.90,1.39,1.90,2.68
08-Mar-2016,0.88,1.34,1.83,2.63
07-Mar-2016,0.91,1.42,1.91,2.71
04-Mar-2016,0.88,1.38,1.88,2.70
03-Mar-2016,0.85,1.33,1.83,2.65
02-Mar-2016,0.85,1.34,1.84,2.69
01-Mar-2016,0.85,1.31,1.83,2.70
29-Feb-2016,0.78,1.22,1.74,2.61
26-Feb-2016,0.80,1.23,1.76,2.63
25-Feb-2016,0.72,1.16,1.71,2.58
24-Feb-2016,0.75,1.21,1.75,2.61
23-Feb-2016,0.76,1.23,1.74,2.60
22-Feb-2016,0.78,1.25,1.77,2.62
19-Feb-2016,0.76,1.24,1.76,2.61
18-Feb-2016,0.71,1.21,1.75,2.62
17-Feb-2016,0.74,1.26,1.81,2.68
16-Feb-2016,0.74,1.23,1.78,2.64
12-Feb-2016,0.71,1.20,1.74,2.60
11-Feb-2016,0.64,1.11,1.63,2.50
10-Feb-2016,0.71,1.15,1.71,2.53
09-Feb-2016,0.69,1.15,1.74,2.55
08-Feb-2016,0.66,1.16,1.75,2.56
05-Feb-2016,0.74,1.25,1.86,2.68
04-Feb-2016,0.70,1.25,1.87,2.70
03-Feb-2016,0.72,1.27,1.88,2.70
02-Feb-2016,0.75,1.28,1.87,2.67
01-Feb-2016,0.81,1.38,1.97,2.77
29-Jan-2016,0.76,1.33,1.94,2.75
28-Jan-2016,0.83,1.40,2.00,2.79
27-Jan-2016,0.84,1.43,2.02,2.80
26-Jan-2016,0.85,1.45,2.01,2.79
25-Jan-2016,0.88,1.47,2.03,2.80
22-Jan-2016,0.88,1.49,2.07,2.83
21-Jan-2016,0.84,1.44,2.02,2.79
20-Jan-2016,0.85,1.44,2.01,2.77
19-Jan-2016,0.88,1.49,2.06,2.82
15-Jan-2016,0.85,1.46,2.03,2.81
14-Jan-2016,0.90,1.52,2.10,2.90
13-Jan-2016,0.91,1.51,2.08,2.85
12-Jan-2016,0.93,1.55,2.12,2.89
11-Jan-2016,0.94,1.58,2.17,2.96
08-Jan-2016,0.94,1.57,2.13,2.91
07-Jan-2016,0.96,1.61,2.16,2.92
06-Jan-2016,0.99,1.65,2.18,2.94
05-Jan-2016,1.04,1.73,2.25,3.01
04-Jan-2016,1.02,1.73,2.24,2.98
31-Dec-2015,1.06,1.76,2.27,3.01
30-Dec-2015,1.08,1.80,2.31,3.04
29-Dec-2015,1.09,1.81,2.32,3.04
28-Dec-2015,1.05,1.73,2.24,2.95
24-Dec-2015,1.03,1.73,2.25,2.96
23-Dec-2015,1.01,1.74,2.27,3.00
22-Dec-2015,0.99,1.71,2.24,2.96
21-Dec-2015,0.96,1.67,2.20,2.92
18-Dec-2015,0.97,1.67,2.19,2.90
17-Dec-2015,1.00,1.73,2.24,2.94
16-Dec-2015,1.02,1.75,2.30,3.02
15-Dec-2015,0.98,1.71,2.28,3.00
14-Dec-2015,0.97,1.66,2.23,2.96
11-Dec-2015,0.88,1.56,2.13,2.87
10-Dec-2015,0.95,1.68,2.24,2.98
09-Dec-2015,0.93,1.64,2.22,2.97
08-Dec-2015,0.94,1.68,2.24,2.97
07-Dec-2015,0.94,1.67,2.23,2.95
04-Dec-2015,0.96,1.71,2.28,3.01
03-Dec-2015,0.96,1.74,2.33,3.07
02-Dec-2015,0.94,1.63,2.18,2.91
01-Dec-2015,0.91,1.59,2.15,2.91
30-Nov-2015,0.94,1.65,2.21,2.98
27-Nov-2015,0.92,1.64,2.22,3.00
25-Nov-2015,0.93,1.66,2.23,3.00
24-Nov-2015,0.93,1.66,2.24,3.00
23-Nov-2015,0.94,1.70,2.25,3.00
20-Nov-2015,0.93,1.70,2.26,3.02
19-Nov-2015,0.91,1.68,2.24,3.00
18-Nov-2015,0.90,1.69,2.27,3.04
17-Nov-2015,0.86,1.66,2.25,3.04
16-Nov-2015,0.88,1.66,2.27,3.07
13-Nov-2015,0.86,1.67,2.28,3.06
12-Nov-2015,0.89,1.73,2.32,3.09
10-Nov-2015,0.87,1.72,2.32,3.10
09-Nov-2015,0.89,1.75,2.36,3.12
06-Nov-2015,0.90,1.73,2.34,3.09
05-Nov-2015,0.85,1.65,2.26,3.01
04-Nov-2015,0.84,1.64,2.25,3.00
03-Nov-2015,0.80,1.59,2.23,3.00
02-Nov-2015,0.77,1.57,2.20,2.95
30-Oct-2015,0.75,1.52,2.16,2.93
29-Oct-2015,0.75,1.53,2.19,2.96
28-Oct-2015,0.73,1.47,2.10,2.87
27-Oct-2015,0.65,1.38,2.05,2.86
26-Oct-2015,0.66,1.41,2.07,2.87
23-Oct-2015,0.66,1.43,2.09,2.90
22-Oct-2015,0.61,1.36,2.04,2.87
21-Oct-2015,0.64,1.37,2.04,2.87
20-Oct-2015,0.66,1.40,2.08,2.92
19-Oct-2015,0.61,1.35,2.04,2.89
16-Oct-2015,0.61,1.36,2.04,2.87
15-Oct-2015,0.61,1.34,2.04,2.87
14-Oct-2015,0.57,1.29,1.99,2.84
13-Oct-2015,0.64,1.36,2.06,2.89
09-Oct-2015,0.65,1.41,2.12,2.94
08-Oct-2015,0.65,1.40,2.12,2.96
07-Oct-2015,0.65,1.37,2.08,2.89
06-Oct-2015,0.61,1.34,2.05,2.88
05-Oct-2015,0.61,1.35,2.07,2.90
02-Oct-2015,0.58,1.29,1.99,2.82
01-Oct-2015,0.64,1.37,2.05,2.85
30-Sep-2015,0.64,1.37,2.06,2.87
29-Sep-2015,0.64,1.37,2.05,2.85
28-Sep-2015,0.67,1.42,2.10,2.87
25-Sep-2015,0.70,1.48,2.17,2.96
24-Sep-2015,0.67,1.44,2.13,2.91
23-Sep-2015,0.70,1.47,2.16,2.95
22-Sep-2015,0.69,1.44,2.14,2.94
21-Sep-2015,0.72,1.51,2.20,3.02
18-Sep-2015,0.69,1.45,2.13,2.93
17-Sep-2015,0.70,1.50,2.21,3.02
16-Sep-2015,0.82,1.62,2.30,3.08
15-Sep-2015,0.82,1.61,2.28,3.06
14-Sep-2015,0.73,1.51,2.18,2.95
11-Sep-2015,0.71,1.52,2.20,2.95
10-Sep-2015,0.75,1.55,2.23,2.98
09-Sep-2015,0.75,1.53,2.21,2.96
08-Sep-2015,0.74,1.53,2.20,2.97
04-Sep-2015,0.71,1.47,2.13,2.89
03-Sep-2015,0.71,1.49,2.18,2.95
02-Sep-2015,0.72,1.52,2.20,2.97
01-Sep-2015,0.70,1.49,2.17,2.93
31-Aug-2015,0.74,1.54,2.21,2.95
28-Aug-2015,0.72,1.52,2.19,2.92
27-Aug-2015,0.68,1.49,2.18,2.93
26-Aug-2015,0.67,1.49,2.18,2.94
25-Aug-2015,0.67,1.48,2.12,2.84
24-Aug-2015,0.59,1.39,2.01,2.73
21-Aug-2015,0.64,1.44,2.05,2.74
20-Aug-2015,0.69,1.50,2.09,2.76
19-Aug-2015,0.67,1.50,2.12,2.81
18-Aug-2015,0.74,1.60,2.20,2.87
17-Aug-2015,0.72,1.58,2.16,2.81
14-Aug-2015,0.73,1.61,2.20,2.84
13-Aug-2015,0.72,1.58,2.19,2.86
12-Aug-2015,0.67,1.52,2.14,2.84
11-Aug-2015,0.68,1.53,2.15,2.81
10-Aug-2015,0.73,1.62,2.24,2.89
07-Aug-2015,0.73,1.59,2.18,2.83
06-Aug-2015,0.71,1.62,2.23,2.90
05-Aug-2015,0.73,1.65,2.28,2.94
04-Aug-2015,0.74,1.60,2.23,2.90
03-Aug-2015,0.68,1.52,2.16,2.86
31-Jul-2015,0.67,1.54,2.20,2.92
30-Jul-2015,0.72,1.62,2.28,2.96
29-Jul-2015,0.70,1.62,2.29,2.99
28-Jul-2015,0.69,1.61,2.26,2.96
27-Jul-2015,0.68,1.58,2.23,2.93
24-Jul-2015,0.70,1.64,2.27,2.96
23-Jul-2015,0.71,1.65,2.28,2.98
22-Jul-2015,0.75,1.69,2.33,3.04
21-Jul-2015,0.71,1.69,2.35,3.08
20-Jul-2015,0.71,1.72,2.38,3.10
17-Jul-2015,0.68,1.67,2.34,3.08
16-Jul-2015,0.67,1.66,2.36,3.11
15-Jul-2015,0.64,1.63,2.36,3.13
14-Jul-2015,0.66,1.67,2.41,3.20
13-Jul-2015,0.69,1.71,2.44,3.21
10-Jul-2015,0.65,1.68,2.42,3.20
09-Jul-2015,0.60,1.58,2.32,3.11
08-Jul-2015,0.55,1.50,2.22,2.99
07-Jul-2015,0.58,1.55,2.27,3.04
06-Jul-2015,0.60,1.56,2.30,3.08
02-Jul-2015,0.64,1.64,2.40,3.19
01-Jul-2015,0.69,1.70,2.43,3.20
30-Jun-2015,0.64,1.63,2.35,3.11
29-Jun-2015,0.64,1.62,2.33,3.09
26-Jun-2015,0.72,1.75,2.49,3.25
25-Jun-2015,0.68,1.70,2.40,3.16
24-Jun-2015,0.68,1.69,2.38,3.16
23-Jun-2015,0.70,1.71,2.42,3.20
22-Jun-2015,0.68,1.68,2.37,3.16
19-Jun-2015,0.65,1.59,2.26,3.05
18-Jun-2015,0.66,1.65,2.35,3.14
17-Jun-2015,0.67,1.63,2.32,3.09
16-Jun-2015,0.71,1.68,2.32,3.06
15-Jun-2015,0.72,1.71,2.36,3.09
12-Jun-2015,0.74,1.75,2.39,3.10
11-Jun-2015,0.73,1.74,2.39,3.11
10-Jun-2015,0.75,1.80,2.50,3.22
09-Jun-2015,0.72,1.74,2.42,3.15
08-Jun-2015,0.70,1.72,2.39,3.11
05-Jun-2015,0.73,1.75,2.41,3.11
04-Jun-2015,0.66,1.65,2.31,3.03
03-Jun-2015,0.69,1.69,2.38,3.11
02-Jun-2015,0.64,1.61,2.27,3.02
01-Jun-2015,0.64,1.55,2.19,2.94
29-May-2015,0.61,1.49,2.12,2.88
28-May-2015,0.62,1.51,2.13,2.89
27-May-2015,0.64,1.53,2.14,2.88
26-May-2015,0.64,1.54,2.14,2.89
22-May-2015,0.64,1.57,2.21,2.99
21-May-2015,0.60,1.53,2.19,2.98
20-May-2015,0.60,1.57,2.26,3.06
19-May-2015,0.63,1.60,2.27,3.05
18-May-2015,0.58,1.54,2.23,3.02
15-May-2015,0.55,1.46,2.14,2.93
14-May-2015,0.56,1.51,2.23,3.03
13-May-2015,0.59,1.57,2.27,3.07
12-May-2015,0.61,1.58,2.28,3.02
11-May-2015,0.62,1.59,2.28,3.03
08-May-2015,0.59,1.50,2.16,2.90
07-May-2015,0.63,1.55,2.18,2.90
06-May-2015,0.65,1.58,2.25,2.98
05-May-2015,0.62,1.54,2.19,2.90
04-May-2015,0.60,1.51,2.16,2.88
01-May-2015,0.60,1.50,2.12,2.82
30-Apr-2015,0.58,1.43,2.05,2.75
29-Apr-2015,0.56,1.43,2.06,2.76
28-Apr-2015,0.56,1.39,2.00,2.68
27-Apr-2015,0.54,1.36,1.94,2.61
24-Apr-2015,0.54,1.34,1.93,2.62
23-Apr-2015,0.55,1.37,1.96,2.63
22-Apr-2015,0.57,1.41,1.99,2.66
21-Apr-2015,0.55,1.35,1.92,2.58
20-Apr-2015,0.55,1.33,1.90,2.56
17-Apr-2015,0.51,1.31,1.87,2.51
16-Apr-2015,0.50,1.31,1.90,2.56
15-Apr-2015,0.51,1.33,1.91,2.55
14-Apr-2015,0.53,1.34,1.90,2.54
13-Apr-2015,0.54,1.38,1.94,2.58
10-Apr-2015,0.57,1.41,1.96,2.58
09-Apr-2015,0.56,1.40,1.97,2.61
08-Apr-2015,0.54,1.35,1.92,2.53
07-Apr-2015,0.52,1.32,1.89,2.52
06-Apr-2015,0.51,1.31,1.92,2.57
03-Apr-2015,0.49,1.26,1.85,2.49
02-Apr-2015,0.55,1.35,1.92,2.53
01-Apr-2015,0.55,1.32,1.87,2.47
31-Mar-2015,0.56,1.37,1.94,2.54
30-Mar-2015,0.58,1.41,1.96,2.55
27-Mar-2015,0.58,1.42,1.95,2.53
26-Mar-2015,0.61,1.47,2.01,2.60
25-Mar-2015,0.59,1.41,1.93,2.50
24-Mar-2015,0.58,1.37,1.88,2.46
23-Mar-2015,0.60,1.41,1.92,2.51
20-Mar-2015,0.60,1.42,1.93,2.50
19-Mar-2015,0.63,1.48,1.98,2.54
18-Mar-2015,0.57,1.41,1.93,2.51
17-Mar-2015,0.70,1.56,2.06,2.61
16-Mar-2015,0.66,1.57,2.10,2.67
13-Mar-2015,0.68,1.60,2.13,2.70
12-Mar-2015,0.67,1.59,2.10,2.69
11-Mar-2015,0.70,1.60,2.11,2.69
10-Mar-2015,0.70,1.62,2.14,2.73
09-Mar-2015,0.70,1.66,2.20,2.80
06-Mar-2015,0.73,1.70,2.24,2.83
05-Mar-2015,0.65,1.57,2.11,2.71
04-Mar-2015,0.66,1.60,2.12,2.72
03-Mar-2015,0.68,1.61,2.12,2.71
02-Mar-2015,0.66,1.57,2.08,2.68
27-Feb-2015,0.63,1.50,2.00,2.60
26-Feb-2015,0.66,1.54,2.03,2.63
25-Feb-2015,0.61,1.47,1.96,2.56
24-Feb-2015,0.60,1.47,1.99,2.60
23-Feb-2015,0.64,1.56,2.06,2.66
20-Feb-2015,0.67,1.61,2.13,2.73
19-Feb-2015,0.67,1.58,2.11,2.73
18-Feb-2015,0.62,1.52,2.07,2.70
17-Feb-2015,0.70,1.62,2.14,2.73
13-Feb-2015,0.66,1.53,2.02,2.63
12-Feb-2015,0.61,1.50,1.99,2.58
11-Feb-2015,0.67,1.53,2.00,2.57
10-Feb-2015,0.67,1.52,2.01,2.58
09-Feb-2015,0.65,1.49,1.96,2.52
06-Feb-2015,0.65,1.48,1.95,2.51
05-Feb-2015,0.52,1.30,1.83,2.42
04-Feb-2015,0.52,1.29,1.81,2.39
03-Feb-2015,0.52,1.28,1.79,2.37
02-Feb-2015,0.49,1.19,1.68,2.25
30-Jan-2015,0.47,1.18,1.68,2.25
29-Jan-2015,0.51,1.28,1.77,2.33
28-Jan-2015,0.50,1.25,1.73,2.29
27-Jan-2015,0.54,1.34,1.83,2.40
26-Jan-2015,0.54,1.36,1.83,2.40
23-Jan-2015,0.52,1.33,1.81,2.38
22-Jan-2015,0.53,1.39,1.90,2.46
21-Jan-2015,0.53,1.35,1.87,2.44
20-Jan-2015,0.53,1.31,1.82,2.39
16-Jan-2015,0.49,1.29,1.83,2.44
15-Jan-2015,0.44,1.22,1.77,2.40
14-Jan-2015,0.51,1.33,1.86,2.47
13-Jan-2015,0.54,1.37,1.91,2.49
12-Jan-2015,0.56,1.39,1.92,2.49
09-Jan-2015,0.59,1.45,1.98,2.55
08-Jan-2015,0.62,1.50,2.03,2.59
07-Jan-2015,0.62,1.47,1.96,2.52
06-Jan-2015,0.65,1.50,1.97,2.52
05-Jan-2015,0.68,1.57,2.04,2.60
02-Jan-2015,0.66,1.61,2.12,2.69
31-Dec-2014,0.67,1.65,2.17,2.75
30-Dec-2014,0.69,1.68,2.20,2.76
29-Dec-2014,0.72,1.72,2.22,2.78
26-Dec-2014,0.73,1.75,2.25,2.81
24-Dec-2014,0.73,1.76,2.27,2.83
23-Dec-2014,0.73,1.76,2.26,2.85
22-Dec-2014,0.71,1.67,2.17,2.75
19-Dec-2014,0.67,1.66,2.17,2.77
18-Dec-2014,0.67,1.68,2.22,2.82
17-Dec-2014,0.62,1.61,2.14,2.74
16-Dec-2014,0.58,1.53,2.07,2.69
15-Dec-2014,0.60,1.58,2.12,2.74
12-Dec-2014,0.56,1.53,2.10,2.75
11-Dec-2014,0.62,1.62,2.19,2.84
10-Dec-2014,0.59,1.58,2.18,2.83
09-Dec-2014,0.64,1.63,2.22,2.87
08-Dec-2014,0.64,1.67,2.26,2.90
05-Dec-2014,0.65,1.69,2.31,2.97
04-Dec-2014,0.55,1.59,2.25,2.94
03-Dec-2014,0.57,1.61,2.29,2.99
02-Dec-2014,0.55,1.59,2.28,3.00
01-Dec-2014,0.49,1.52,2.22,2.95
28-Nov-2014,0.47,1.49,2.18,2.89
26-Nov-2014,0.53,1.56,2.24,2.95
25-Nov-2014,0.51,1.58,2.27,2.97
24-Nov-2014,0.53,1.62,2.30,3.01
21-Nov-2014,0.53,1.63,2.31,3.02
20-Nov-2014,0.53,1.64,2.34,3.05
19-Nov-2014,0.54,1.66,2.36,3.08
18-Nov-2014,0.53,1.63,2.32,3.05
17-Nov-2014,0.54,1.64,2.34,3.06
14-Nov-2014,0.54,1.62,2.32,3.04
13-Nov-2014,0.53,1.64,2.35,3.08
12-Nov-2014,0.55,1.65,2.37,3.09
10-Nov-2014,0.55,1.65,2.38,3.09
07-Nov-2014,0.51,1.60,2.32,3.04
06-Nov-2014,0.54,1.67,2.39,3.09
05-Nov-2014,0.52,1.63,2.36,3.06
04-Nov-2014,0.52,1.63,2.35,3.05
03-Nov-2014,0.52,1.63,2.36,3.07
31-Oct-2014,0.50,1.62,2.35,3.07
30-Oct-2014,0.48,1.58,2.32,3.04
29-Oct-2014,0.48,1.61,2.34,3.06
28-Oct-2014,0.42,1.53,2.30,3.06
27-Oct-2014,0.41,1.51,2.27,3.04
24-Oct-2014,0.41,1.52,2.29,3.05
23-Oct-2014,0.41,1.52,2.29,3.05
22-Oct-2014,0.41,1.46,2.25,3.01
21-Oct-2014,0.38,1.44,2.23,3.00
20-Oct-2014,0.37,1.41,2.20,2.96
17-Oct-2014,0.39,1.44,2.22,2.98
16-Oct-2014,0.35,1.39,2.17,2.94
15-Oct-2014,0.34,1.37,2.15,2.92
14-Oct-2014,0.39,1.45,2.21,2.95
10-Oct-2014,0.45,1.55,2.31,3.03
09-Oct-2014,0.46,1.58,2.34,3.07
08-Oct-2014,0.46,1.57,2.35,3.07
07-Oct-2014,0.52,1.64,2.36,3.06
06-Oct-2014,0.54,1.70,2.43,3.12
03-Oct-2014,0.57,1.73,2.45,3.13
02-Oct-2014,0.53,1.70,2.44,3.15
01-Oct-2014,0.53,1.69,2.42,3.12
30-Sep-2014,0.58,1.78,2.52,3.21
29-Sep-2014,0.58,1.77,2.50,3.18
26-Sep-2014,0.59,1.80,2.54,3.22
25-Sep-2014,0.56,1.75,2.52,3.22
24-Sep-2014,0.59,1.82,2.57,3.28
23-Sep-2014,0.57,1.78,2.54,3.25
22-Sep-2014,0.58,1.80,2.57,3.28
19-Sep-2014,0.59,1.83,2.59,3.29
18-Sep-2014,0.59,1.85,2.63,3.36
17-Sep-2014,0.59,1.82,2.62,3.37
16-Sep-2014,0.55,1.78,2.60,3.36
15-Sep-2014,0.58,1.80,2.60,3.34
12-Sep-2014,0.58,1.83,2.62,3.35
11-Sep-2014,0.58,1.79,2.54,3.27
10-Sep-2014,0.58,1.79,2.54,3.26
09-Sep-2014,0.56,1.76,2.50,3.23
08-Sep-2014,0.54,1.72,2.48,3.23
05-Sep-2014,0.52,1.69,2.46,3.23
04-Sep-2014,0.54,1.71,2.45,3.21
03-Sep-2014,0.52,1.69,2.41,3.15
02-Sep-2014,0.53,1.69,2.42,3.17
29-Aug-2014,0.48,1.63,2.35,3.09
28-Aug-2014,0.50,1.63,2.34,3.08
27-Aug-2014,0.51,1.65,2.37,3.11
26-Aug-2014,0.52,1.68,2.39,3.15
25-Aug-2014,0.53,1.69,2.39,3.13
22-Aug-2014,0.53,1.68,2.40,3.16
21-Aug-2014,0.49,1.64,2.41,3.19
20-Aug-2014,0.49,1.65,2.43,3.22
19-Aug-2014,0.46,1.59,2.40,3.21
18-Aug-2014,0.44,1.58,2.39,3.20
15-Aug-2014,0.42,1.55,2.34,3.13
14-Aug-2014,0.42,1.58,2.40,3.20
13-Aug-2014,0.43,1.59,2.43,3.24
12-Aug-2014,0.45,1.63,2.46,3.27
11-Aug-2014,0.47,1.62,2.44,3.24
08-Aug-2014,0.45,1.62,2.44,3.23
07-Aug-2014,0.44,1.60,2.43,3.23
06-Aug-2014,0.48,1.66,2.49,3.27
05-Aug-2014,0.47,1.66,2.49,3.28
04-Aug-2014,0.47,1.66,2.51,3.30
01-Aug-2014,0.47,1.67,2.52,3.29
31-Jul-2014,0.53,1.76,2.58,3.32
30-Jul-2014,0.56,1.77,2.57,3.31
29-Jul-2014,0.54,1.70,2.47,3.22
28-Jul-2014,0.54,1.73,2.50,3.26
25-Jul-2014,0.53,1.69,2.48,3.24
24-Jul-2014,0.53,1.72,2.52,3.30
23-Jul-2014,0.50,1.67,2.48,3.26
22-Jul-2014,0.49,1.68,2.48,3.25
21-Jul-2014,0.51,1.70,2.49,3.26
18-Jul-2014,0.51,1.69,2.50,3.29
17-Jul-2014,0.47,1.65,2.47,3.27
16-Jul-2014,0.50,1.71,2.55,3.35
15-Jul-2014,0.49,1.70,2.56,3.37
14-Jul-2014,0.48,1.68,2.55,3.36
11-Jul-2014,0.48,1.65,2.53,3.34
10-Jul-2014,0.46,1.66,2.55,3.38
09-Jul-2014,0.51,1.68,2.57,3.37
08-Jul-2014,0.51,1.70,2.58,3.38
07-Jul-2014,0.52,1.74,2.63,3.44
03-Jul-2014,0.52,1.74,2.65,3.47
02-Jul-2014,0.49,1.71,2.64,3.46
01-Jul-2014,0.47,1.66,2.58,3.40
30-Jun-2014,0.47,1.62,2.53,3.34
27-Jun-2014,0.45,1.64,2.54,3.36
26-Jun-2014,0.46,1.64,2.53,3.35
25-Jun-2014,0.48,1.68,2.57,3.38
24-Jun-2014,0.49,1.70,2.59,3.41
23-Jun-2014,0.48,1.72,2.63,3.45
20-Jun-2014,0.50,1.71,2.63,3.44
19-Jun-2014,0.48,1.71,2.64,3.47
18-Jun-2014,0.48,1.71,2.61,3.43
17-Jun-2014,0.51,1.77,2.66,3.44
16-Jun-2014,0.49,1.71,2.61,3.40
13-Jun-2014,0.45,1.70,2.60,3.41
12-Jun-2014,0.42,1.66,2.58,3.41
11-Jun-2014,0.44,1.70,2.65,3.47
10-Jun-2014,0.45,1.71,2.64,3.47
09-Jun-2014,0.43,1.69,2.62,3.45
06-Jun-2014,0.41,1.66,2.60,3.44
05-Jun-2014,0.40,1.63,2.59,3.44
04-Jun-2014,0.41,1.65,2.61,3.45
03-Jun-2014,0.41,1.65,2.60,3.43
02-Jun-2014,0.39,1.60,2.54,3.38
30-May-2014,0.37,1.54,2.48,3.33
29-May-2014,0.37,1.52,2.45,3.31
28-May-2014,0.37,1.50,2.44,3.29
27-May-2014,0.39,1.56,2.52,3.37
23-May-2014,0.37,1.55,2.54,3.40
22-May-2014,0.37,1.57,2.56,3.43
21-May-2014,0.37,1.55,2.54,3.42
20-May-2014,0.35,1.53,2.52,3.38
19-May-2014,0.36,1.56,2.54,3.39
16-May-2014,0.38,1.56,2.52,3.34
15-May-2014,0.38,1.55,2.50,3.33
14-May-2014,0.39,1.57,2.54,3.37
13-May-2014,0.39,1.62,2.61,3.45
12-May-2014,0.41,1.67,2.66,3.49
09-May-2014,0.40,1.63,2.62,3.47
08-May-2014,0.40,1.63,2.61,3.45
07-May-2014,0.41,1.65,2.62,3.40
06-May-2014,0.43,1.68,2.61,3.38
05-May-2014,0.43,1.68,2.63,3.41
02-May-2014,0.42,1.67,2.60,3.37
01-May-2014,0.41,1.66,2.63,3.41
30-Apr-2014,0.42,1.69,2.67,3.47
29-Apr-2014,0.44,1.74,2.71,3.49
28-Apr-2014,0.44,1.73,2.70,3.47
25-Apr-2014,0.43,1.72,2.68,3.45
24-Apr-2014,0.43,1.74,2.70,3.46
23-Apr-2014,0.43,1.73,2.70,3.47
22-Apr-2014,0.45,1.76,2.73,3.50
21-Apr-2014,0.42,1.74,2.73,3.52
17-Apr-2014,0.43,1.75,2.73,3.52
16-Apr-2014,0.39,1.67,2.65,3.45
15-Apr-2014,0.39,1.63,2.64,3.46
14-Apr-2014,0.37,1.61,2.65,3.48
11-Apr-2014,0.37,1.58,2.63,3.48
10-Apr-2014,0.37,1.59,2.65,3.52
09-Apr-2014,0.37,1.65,2.71,3.57
08-Apr-2014,0.40,1.67,2.69,3.54
07-Apr-2014,0.41,1.68,2.71,3.56
04-Apr-2014,0.43,1.71,2.74,3.59
03-Apr-2014,0.46,1.79,2.80,3.62
02-Apr-2014,0.47,1.80,2.82,3.65
01-Apr-2014,0.44,1.74,2.77,3.60
31-Mar-2014,0.44,1.73,2.73,3.56
28-Mar-2014,0.45,1.74,2.73,3.55
27-Mar-2014,0.45,1.70,2.69,3.52
26-Mar-2014,0.45,1.70,2.71,3.55
25-Mar-2014,0.47,1.76,2.75,3.59
24-Mar-2014,0.47,1.76,2.74,3.57
21-Mar-2014,0.45,1.73,2.75,3.61
20-Mar-2014,0.45,1.73,2.79,3.67
19-Mar-2014,0.47,1.75,2.78,3.66
18-Mar-2014,0.36,1.56,2.68,3.62
17-Mar-2014,0.38,1.58,2.70,3.63
14-Mar-2014,0.36,1.55,2.65,3.59
13-Mar-2014,0.34,1.53,2.66,3.60
12-Mar-2014,0.37,1.59,2.73,3.66
11-Mar-2014,0.37,1.62,2.77,3.70
10-Mar-2014,0.37,1.64,2.79,3.73
07-Mar-2014,0.38,1.65,2.80,3.72
06-Mar-2014,0.37,1.57,2.74,3.68
05-Mar-2014,0.33,1.54,2.70,3.64
04-Mar-2014,0.33,1.54,2.70,3.64
03-Mar-2014,0.32,1.46,2.60,3.55
28-Feb-2014,0.33,1.51,2.66,3.59
27-Feb-2014,0.33,1.49,2.65,3.60
26-Feb-2014,0.33,1.50,2.67,3.63
25-Feb-2014,0.34,1.53,2.70,3.66
24-Feb-2014,0.35,1.57,2.75,3.70
21-Feb-2014,0.33,1.56,2.73,3.69
20-Feb-2014,0.34,1.57,2.76,3.73
19-Feb-2014,0.33,1.53,2.73,3.71
18-Feb-2014,0.31,1.50,2.71,3.68
14-Feb-2014,0.32,1.53,2.75,3.69
13-Feb-2014,0.32,1.51,2.73,3.70
12-Feb-2014,0.35,1.59,2.80,3.72
11-Feb-2014,0.35,1.54,2.75,3.69
10-Feb-2014,0.32,1.48,2.70,3.66
07-Feb-2014,0.30,1.47,2.71,3.67
06-Feb-2014,0.33,1.52,2.73,3.67
05-Feb-2014,0.32,1.50,2.70,3.66
04-Feb-2014,0.31,1.46,2.64,3.59
03-Feb-2014,0.30,1.44,2.61,3.55
31-Jan-2014,0.34,1.49,2.67,3.61
30-Jan-2014,0.36,1.55,2.72,3.65
29-Jan-2014,0.36,1.52,2.69,3.62
28-Jan-2014,0.38,1.59,2.77,3.68
27-Jan-2014,0.37,1.61,2.78,3.67
24-Jan-2014,0.37,1.58,2.75,3.64
23-Jan-2014,0.39,1.62,2.79,3.68
22-Jan-2014,0.44,1.72,2.87,3.75
21-Jan-2014,0.40,1.67,2.85,3.74
17-Jan-2014,0.40,1.64,2.84,3.75
16-Jan-2014,0.41,1.66,2.86,3.77
15-Jan-2014,0.41,1.68,2.90,3.81
14-Jan-2014,0.39,1.65,2.88,3.80
13-Jan-2014,0.39,1.60,2.84,3.77
10-Jan-2014,0.39,1.64,2.88,3.80
09-Jan-2014,0.44,1.75,2.97,3.88
08-Jan-2014,0.43,1.77,3.01,3.90
07-Jan-2014,0.40,1.69,2.96,3.88
06-Jan-2014,0.40,1.70,2.98,3.90
03-Jan-2014,0.41,1.73,3.01,3.93
02-Jan-2014,0.39,1.72,3.00,3.92
31-Dec-2013,0.38,1.75,3.04,3.96
30-Dec-2013,0.39,1.71,2.99,3.90
27-Dec-2013,0.40,1.74,3.02,3.94
26-Dec-2013,0.42,1.74,3.00,3.92
24-Dec-2013,0.38,1.73,2.99,3.90
23-Dec-2013,0.38,1.68,2.94,3.85
20-Dec-2013,0.37,1.66,2.89,3.82
19-Dec-2013,0.35,1.63,2.94,3.91
18-Dec-2013,0.32,1.55,2.89,3.90
17-Dec-2013,0.34,1.52,2.85,3.88
16-Dec-2013,0.34,1.55,2.89,3.90
13-Dec-2013,0.34,1.55,2.88,3.88
12-Dec-2013,0.34,1.55,2.89,3.91
11-Dec-2013,0.31,1.50,2.86,3.87
10-Dec-2013,0.30,1.46,2.81,3.83
09-Dec-2013,0.30,1.50,2.86,3.88
06-Dec-2013,0.30,1.51,2.88,3.90
05-Dec-2013,0.30,1.49,2.88,3.92
04-Dec-2013,0.30,1.45,2.84,3.90
03-Dec-2013,0.28,1.40,2.79,3.84
02-Dec-2013,0.30,1.43,2.81,3.86
29-Nov-2013,0.28,1.37,2.75,3.82
27-Nov-2013,0.28,1.36,2.74,3.81
26-Nov-2013,0.29,1.34,2.71,3.80
25-Nov-2013,0.30,1.37,2.74,3.83
22-Nov-2013,0.31,1.37,2.75,3.84
21-Nov-2013,0.29,1.38,2.79,3.89
20-Nov-2013,0.28,1.39,2.80,3.90
19-Nov-2013,0.29,1.37,2.71,3.80
18-Nov-2013,0.31,1.33,2.67,3.76
15-Nov-2013,0.31,1.36,2.71,3.80
14-Nov-2013,0.29,1.34,2.69,3.79
13-Nov-2013,0.32,1.41,2.75,3.83
12-Nov-2013,0.34,1.47,2.80,3.86
08-Nov-2013,0.32,1.42,2.77,3.84
07-Nov-2013,0.29,1.31,2.63,3.71
06-Nov-2013,0.30,1.34,2.67,3.77
05-Nov-2013,0.32,1.39,2.69,3.76
04-Nov-2013,0.32,1.36,2.63,3.70
01-Nov-2013,0.33,1.37,2.65,3.69
31-Oct-2013,0.31,1.31,2.57,3.63
30-Oct-2013,0.33,1.30,2.55,3.63
29-Oct-2013,0.31,1.29,2.53,3.62
28-Oct-2013,0.32,1.31,2.54,3.61
25-Oct-2013,0.32,1.30,2.53,3.60
24-Oct-2013,0.33,1.32,2.53,3.61
23-Oct-2013,0.31,1.30,2.51,3.59
22-Oct-2013,0.31,1.30,2.54,3.61
21-Oct-2013,0.33,1.38,2.63,3.68
18-Oct-2013,0.33,1.35,2.60,3.65
17-Oct-2013,0.33,1.35,2.61,3.66
16-Oct-2013,0.34,1.41,2.69,3.72
15-Oct-2013,0.37,1.45,2.75,3.78
11-Oct-2013,0.35,1.42,2.70,3.74
10-Oct-2013,0.35,1.44,2.71,3.75
09-Oct-2013,0.37,1.43,2.68,3.73
08-Oct-2013,0.40,1.43,2.66,3.70
07-Oct-2013,0.37,1.41,2.65,3.70
04-Oct-2013,0.33,1.41,2.66,3.73
03-Oct-2013,0.33,1.36,2.62,3.71
02-Oct-2013,0.31,1.38,2.63,3.70
01-Oct-2013,0.33,1.42,2.66,3.72
30-Sep-2013,0.33,1.39,2.64,3.69
27-Sep-2013,0.34,1.40,2.64,3.68
26-Sep-2013,0.34,1.43,2.66,3.69
25-Sep-2013,0.36,1.41,2.63,3.65
24-Sep-2013,0.35,1.44,2.67,3.67
23-Sep-2013,0.35,1.48,2.72,3.73
20-Sep-2013,0.34,1.50,2.75,3.77
19-Sep-2013,0.34,1.49,2.76,3.80
18-Sep-2013,0.34,1.43,2.69,3.75
17-Sep-2013,0.39,1.62,2.86,3.84
16-Sep-2013,0.41,1.65,2.88,3.87
13-Sep-2013,0.45,1.71,2.90,3.84
12-Sep-2013,0.45,1.72,2.92,3.85
11-Sep-2013,0.47,1.72,2.93,3.85
10-Sep-2013,0.50,1.78,2.96,3.88
09-Sep-2013,0.45,1.71,2.90,3.84
06-Sep-2013,0.46,1.77,2.94,3.87
05-Sep-2013,0.52,1.85,2.98,3.88
04-Sep-2013,0.46,1.74,2.90,3.80
03-Sep-2013,0.43,1.68,2.86,3.79
30-Aug-2013,0.39,1.62,2.78,3.70
29-Aug-2013,0.39,1.60,2.75,3.70
28-Aug-2013,0.40,1.62,2.78,3.75
27-Aug-2013,0.38,1.56,2.72,3.70
26-Aug-2013,0.41,1.61,2.79,3.77
23-Aug-2013,0.40,1.66,2.82,3.80
22-Aug-2013,0.42,1.71,2.90,3.88
21-Aug-2013,0.38,1.64,2.87,3.90
20-Aug-2013,0.36,1.57,2.82,3.86
19-Aug-2013,0.36,1.63,2.88,3.89
16-Aug-2013,0.36,1.60,2.84,3.86
15-Aug-2013,0.36,1.54,2.77,3.81
14-Aug-2013,0.34,1.48,2.71,3.75
13-Aug-2013,0.34,1.49,2.71,3.75
12-Aug-2013,0.32,1.39,2.61,3.67
09-Aug-2013,0.32,1.36,2.57,3.63
08-Aug-2013,0.30,1.36,2.58,3.65
07-Aug-2013,0.32,1.38,2.61,3.68
06-Aug-2013,0.32,1.39,2.67,3.73
05-Aug-2013,0.32,1.39,2.67,3.73
02-Aug-2013,0.30,1.36,2.63,3.69
01-Aug-2013,0.35,1.49,2.74,3.77
31-Jul-2013,0.31,1.38,2.60,3.64
30-Jul-2013,0.33,1.39,2.63,3.67
29-Jul-2013,0.33,1.37,2.61,3.66
26-Jul-2013,0.31,1.36,2.58,3.61
25-Jul-2013,0.32,1.38,2.61,3.65
24-Jul-2013,0.34,1.40,2.61,3.65
23-Jul-2013,0.33,1.33,2.53,3.58
22-Jul-2013,0.32,1.32,2.50,3.55
19-Jul-2013,0.32,1.31,2.50,3.56
18-Jul-2013,0.32,1.35,2.56,3.63
17-Jul-2013,0.32,1.33,2.52,3.57
16-Jul-2013,0.34,1.38,2.55,3.58
15-Jul-2013,0.34,1.40,2.57,3.61
12-Jul-2013,0.37,1.43,2.61,3.64
11-Jul-2013,0.34,1.40,2.60,3.64
10-Jul-2013,0.38,1.54,2.70,3.68
09-Jul-2013,0.37,1.50,2.65,3.64
08-Jul-2013,0.37,1.51,2.65,3.63
05-Jul-2013,0.40,1.60,2.73,3.68
03-Jul-2013,0.36,1.42,2.52,3.49
02-Jul-2013,0.34,1.38,2.48,3.47
01-Jul-2013,0.34,1.39,2.50,3.48
28-Jun-2013,0.36,1.41,2.52,3.52
27-Jun-2013,0.36,1.38,2.49,3.54
26-Jun-2013,0.39,1.45,2.55,3.58
25-Jun-2013,0.43,1.49,2.60,3.60
24-Jun-2013,0.42,1.48,2.57,3.56
21-Jun-2013,0.38,1.42,2.52,3.56
20-Jun-2013,0.33,1.31,2.41,3.49
19-Jun-2013,0.31,1.24,2.33,3.41
18-Jun-2013,0.27,1.07,2.20,3.34
17-Jun-2013,0.27,1.06,2.19,3.35
14-Jun-2013,0.29,1.04,2.14,3.28
13-Jun-2013,0.32,1.11,2.19,3.33
12-Jun-2013,0.34,1.15,2.25,3.37
11-Jun-2013,0.34,1.12,2.20,3.33
10-Jun-2013,0.32,1.13,2.22,3.36
07-Jun-2013,0.32,1.10,2.17,3.33
06-Jun-2013,0.30,1.01,2.08,3.23
05-Jun-2013,0.30,1.02,2.10,3.25
04-Jun-2013,0.32,1.05,2.14,3.30
03-Jun-2013,0.30,1.03,2.13,3.27
31-May-2013,0.30,1.05,2.16,3.30
30-May-2013,0.31,1.01,2.13,3.28
29-May-2013,0.30,1.02,2.13,3.27
28-May-2013,0.29,1.02,2.15,3.31
24-May-2013,0.26,0.90,2.01,3.18
23-May-2013,0.26,0.91,2.02,3.20
22-May-2013,0.26,0.91,2.03,3.21
21-May-2013,0.26,0.84,1.94,3.14
20-May-2013,0.26,0.85,1.97,3.18
17-May-2013,0.26,0.84,1.95,3.17
16-May-2013,0.23,0.79,1.87,3.09
15-May-2013,0.26,0.84,1.94,3.16
14-May-2013,0.26,0.85,1.96,3.17
13-May-2013,0.24,0.83,1.92,3.13
10-May-2013,0.26,0.82,1.90,3.10
09-May-2013,0.22,0.75,1.81,3.01
08-May-2013,0.22,0.75,1.81,2.99
07-May-2013,0.22,0.75,1.82,3.00
06-May-2013,0.22,0.74,1.80,2.98
03-May-2013,0.22,0.73,1.78,2.96
02-May-2013,0.20,0.65,1.66,2.82
01-May-2013,0.20,0.65,1.66,2.83
30-Apr-2013,0.22,0.68,1.70,2.88
29-Apr-2013,0.20,0.68,1.70,2.88
26-Apr-2013,0.22,0.68,1.70,2.87
25-Apr-2013,0.23,0.71,1.74,2.91
24-Apr-2013,0.23,0.70,1.73,2.89
23-Apr-2013,0.23,0.71,1.74,2.90
22-Apr-2013,0.24,0.70,1.72,2.88
19-Apr-2013,0.24,0.72,1.73,2.88
18-Apr-2013,0.24,0.71,1.72,2.87
17-Apr-2013,0.24,0.71,1.73,2.89
16-Apr-2013,0.24,0.71,1.75,2.91
15-Apr-2013,0.22,0.69,1.72,2.88
12-Apr-2013,0.22,0.70,1.75,2.92
11-Apr-2013,0.24,0.74,1.82,3.01
10-Apr-2013,0.24,0.74,1.84,3.01
09-Apr-2013,0.24,0.70,1.78,2.94
08-Apr-2013,0.24,0.71,1.76,2.91
05-Apr-2013,0.24,0.68,1.72,2.87
04-Apr-2013,0.22,0.69,1.78,2.99
03-Apr-2013,0.24,0.73,1.83,3.05
02-Apr-2013,0.25,0.78,1.88,3.10
01-Apr-2013,0.23,0.76,1.86,3.08
28-Mar-2013,0.25,0.77,1.87,3.10
27-Mar-2013,0.25,0.76,1.87,3.09
26-Mar-2013,0.25,0.79,1.92,3.13
25-Mar-2013,0.24,0.80,1.93,3.14
22-Mar-2013,0.26,0.80,1.93,3.13
21-Mar-2013,0.27,0.81,1.95,3.15
20-Mar-2013,0.26,0.81,1.96,3.19
19-Mar-2013,0.24,0.79,1.92,3.13
18-Mar-2013,0.26,0.81,1.96,3.18
15-Mar-2013,0.25,0.84,2.01,3.22
14-Mar-2013,0.27,0.88,2.04,3.25
13-Mar-2013,0.27,0.89,2.04,3.22
12-Mar-2013,0.27,0.88,2.03,3.22
11-Mar-2013,0.27,0.90,2.07,3.26
08-Mar-2013,0.27,0.90,2.06,3.25
07-Mar-2013,0.25,0.85,2.00,3.20
06-Mar-2013,0.25,0.81,1.95,3.15
05-Mar-2013,0.25,0.77,1.90,3.10
04-Mar-2013,0.24,0.76,1.88,3.08
01-Mar-2013,0.25,0.75,1.86,3.06
28-Feb-2013,0.25,0.77,1.89,3.10
27-Feb-2013,0.27,0.78,1.91,3.11
26-Feb-2013,0.25,0.78,1.88,3.08
25-Feb-2013,0.25,0.78,1.88,3.08
22-Feb-2013,0.27,0.84,1.97,3.15
21-Feb-2013,0.26,0.86,1.99,3.17
20-Feb-2013,0.27,0.88,2.02,3.20
19-Feb-2013,0.29,0.89,2.03,3.21
15-Feb-2013,0.29,0.87,2.01,3.18
14-Feb-2013,0.27,0.86,2.00,3.17
13-Feb-2013,0.29,0.92,2.05,3.23
12-Feb-2013,0.29,0.88,2.02,3.19
11-Feb-2013,0.27,0.85,1.99,3.16
08-Feb-2013,0.25,0.84,1.99,3.17
07-Feb-2013,0.25,0.83,1.99,3.17
06-Feb-2013,0.27,0.84,2.00,3.18
05-Feb-2013,0.27,0.88,2.04,3.21
04-Feb-2013,0.25,0.85,2.00,3.17
01-Feb-2013,0.27,0.88,2.04,3.21
31-Jan-2013,0.27,0.88,2.02,3.17
30-Jan-2013,0.27,0.88,2.03,3.19
29-Jan-2013,0.30,0.90,2.03,3.18
28-Jan-2013,0.29,0.89,2.00,3.15
25-Jan-2013,0.28,0.87,1.98,3.14
24-Jan-2013,0.23,0.78,1.88,3.04
23-Jan-2013,0.26,0.76,1.86,3.02
22-Jan-2013,0.26,0.76,1.86,3.02
18-Jan-2013,0.26,0.77,1.87,3.03
17-Jan-2013,0.28,0.79,1.89,3.06
16-Jan-2013,0.26,0.75,1.84,3.01
15-Jan-2013,0.26,0.75,1.86,3.02
14-Jan-2013,0.26,0.78,1.89,3.05
11-Jan-2013,0.26,0.78,1.89,3.05
10-Jan-2013,0.26,0.80,1.91,3.08
09-Jan-2013,0.24,0.77,1.88,3.06
08-Jan-2013,0.25,0.79,1.89,3.06
07-Jan-2013,0.27,0.82,1.92,3.10
04-Jan-2013,0.27,0.82,1.93,3.10
03-Jan-2013,0.27,0.81,1.92,3.12
02-Jan-2013,0.27,0.76,1.86,3.04
31-Dec-2012,0.25,0.72,1.78,2.95
28-Dec-2012,0.27,0.72,1.73,2.88
27-Dec-2012,0.26,0.72,1.74,2.89
26-Dec-2012,0.26,0.76,1.77,2.94
24-Dec-2012,0.26,0.77,1.79,2.94
21-Dec-2012,0.26,0.75,1.77,2.93
20-Dec-2012,0.28,0.77,1.81,2.98
19-Dec-2012,0.28,0.77,1.82,2.99
18-Dec-2012,0.28,0.78,1.84,3.00
17-Dec-2012,0.25,0.74,1.78,2.94
14-Dec-2012,0.24,0.70,1.72,2.87
13-Dec-2012,0.27,0.70,1.74,2.90
12-Dec-2012,0.25,0.66,1.72,2.90
11-Dec-2012,0.24,0.64,1.66,2.83
10-Dec-2012,0.24,0.62,1.63,2.80
07-Dec-2012,0.25,0.63,1.64,2.81
06-Dec-2012,0.25,0.60,1.59,2.76
05-Dec-2012,0.25,0.61,1.60,2.78
04-Dec-2012,0.25,0.63,1.62,2.78
03-Dec-2012,0.25,0.63,1.63,2.80
30-Nov-2012,0.25,0.61,1.62,2.81
29-Nov-2012,0.25,0.63,1.62,2.79
28-Nov-2012,0.27,0.64,1.63,2.79
27-Nov-2012,0.27,0.66,1.64,2.79
26-Nov-2012,0.27,0.68,1.66,2.80
23-Nov-2012,0.29,0.70,1.70,2.83
21-Nov-2012,0.27,0.69,1.69,2.83
20-Nov-2012,0.27,0.67,1.66,2.82
19-Nov-2012,0.25,0.64,1.61,2.76
16-Nov-2012,0.24,0.62,1.58,2.73
15-Nov-2012,0.24,0.62,1.58,2.72
14-Nov-2012,0.25,0.63,1.59,2.73
13-Nov-2012,0.27,0.63,1.59,2.72
09-Nov-2012,0.27,0.65,1.61,2.75
08-Nov-2012,0.27,0.65,1.62,2.77
07-Nov-2012,0.27,0.67,1.68,2.83
06-Nov-2012,0.30,0.75,1.78,2.92
05-Nov-2012,0.28,0.70,1.72,2.88
02-Nov-2012,0.28,0.73,1.75,2.91
01-Nov-2012,0.30,0.73,1.75,2.89
31-Oct-2012,0.30,0.72,1.72,2.85
29-Oct-2012,0.30,0.74,1.74,2.87
26-Oct-2012,0.30,0.76,1.78,2.92
25-Oct-2012,0.31,0.82,1.86,2.98
24-Oct-2012,0.29,0.76,1.80,2.93
23-Oct-2012,0.29,0.77,1.79,2.91
22-Oct-2012,0.32,0.79,1.83,2.95
19-Oct-2012,0.30,0.77,1.79,2.94
18-Oct-2012,0.29,0.79,1.86,3.02
17-Oct-2012,0.30,0.78,1.83,2.98
16-Oct-2012,0.27,0.70,1.75,2.91
15-Oct-2012,0.27,0.67,1.70,2.85
12-Oct-2012,0.27,0.67,1.69,2.83
11-Oct-2012,0.28,0.67,1.70,2.86
10-Oct-2012,0.27,0.66,1.72,2.89
09-Oct-2012,0.25,0.67,1.74,2.93
05-Oct-2012,0.27,0.67,1.75,2.96
04-Oct-2012,0.23,0.63,1.70,2.89
03-Oct-2012,0.23,0.61,1.64,2.82
02-Oct-2012,0.23,0.61,1.64,2.81
01-Oct-2012,0.25,0.62,1.64,2.81
28-Sep-2012,0.23,0.62,1.65,2.82
27-Sep-2012,0.25,0.64,1.66,2.83
26-Sep-2012,0.26,0.63,1.64,2.79
25-Sep-2012,0.27,0.66,1.70,2.86
24-Sep-2012,0.27,0.68,1.74,2.91
21-Sep-2012,0.27,0.68,1.77,2.95
20-Sep-2012,0.27,0.70,1.80,2.96
19-Sep-2012,0.27,0.70,1.79,2.97
18-Sep-2012,0.25,0.71,1.82,3.00
17-Sep-2012,0.25,0.73,1.85,3.03
14-Sep-2012,0.27,0.72,1.88,3.09
13-Sep-2012,0.24,0.65,1.75,2.95
12-Sep-2012,0.25,0.70,1.77,2.92
11-Sep-2012,0.25,0.67,1.70,2.84
10-Sep-2012,0.25,0.66,1.68,2.83
07-Sep-2012,0.25,0.64,1.67,2.81
06-Sep-2012,0.27,0.68,1.68,2.80
05-Sep-2012,0.25,0.62,1.60,2.70
04-Sep-2012,0.23,0.62,1.59,2.69
31-Aug-2012,0.22,0.59,1.57,2.68
30-Aug-2012,0.27,0.66,1.63,2.75
29-Aug-2012,0.27,0.69,1.66,2.77
28-Aug-2012,0.27,0.69,1.64,2.75
27-Aug-2012,0.28,0.70,1.65,2.76
24-Aug-2012,0.28,0.72,1.68,2.79
23-Aug-2012,0.26,0.71,1.68,2.79
22-Aug-2012,0.26,0.71,1.71,2.82
21-Aug-2012,0.31,0.80,1.80,2.90
20-Aug-2012,0.29,0.80,1.82,2.93
17-Aug-2012,0.29,0.81,1.81,2.93
16-Aug-2012,0.29,0.83,1.83,2.96
15-Aug-2012,0.27,0.80,1.80,2.90
14-Aug-2012,0.27,0.75,1.73,2.82
13-Aug-2012,0.27,0.71,1.65,2.74
10-Aug-2012,0.27,0.71,1.65,2.74
09-Aug-2012,0.29,0.74,1.69,2.78
08-Aug-2012,0.29,0.73,1.68,2.75
07-Aug-2012,0.27,0.71,1.66,2.72
06-Aug-2012,0.24,0.65,1.59,2.65
03-Aug-2012,0.24,0.67,1.60,2.65
02-Aug-2012,0.24,0.61,1.51,2.55
01-Aug-2012,0.24,0.63,1.56,2.60
31-Jul-2012,0.23,0.60,1.51,2.56
30-Jul-2012,0.23,0.61,1.53,2.58
27-Jul-2012,0.25,0.65,1.58,2.63
26-Jul-2012,0.23,0.58,1.45,2.49
25-Jul-2012,0.22,0.56,1.43,2.46
24-Jul-2012,0.22,0.57,1.44,2.47
23-Jul-2012,0.22,0.57,1.47,2.52
20-Jul-2012,0.22,0.59,1.49,2.55
19-Jul-2012,0.22,0.62,1.54,2.61
18-Jul-2012,0.22,0.60,1.52,2.59
17-Jul-2012,0.25,0.62,1.53,2.59
16-Jul-2012,0.24,0.60,1.50,2.56
13-Jul-2012,0.25,0.63,1.52,2.58
12-Jul-2012,0.25,0.63,1.50,2.57
11-Jul-2012,0.27,0.64,1.54,2.60
10-Jul-2012,0.27,0.63,1.53,2.60
09-Jul-2012,0.27,0.63,1.53,2.62
06-Jul-2012,0.27,0.64,1.57,2.66
05-Jul-2012,0.28,0.68,1.62,2.72
03-Jul-2012,0.30,0.69,1.65,2.74
02-Jul-2012,0.30,0.67,1.61,2.69
29-Jun-2012,0.33,0.72,1.67,2.76
28-Jun-2012,0.31,0.69,1.60,2.67
27-Jun-2012,0.31,0.73,1.65,2.70
26-Jun-2012,0.31,0.75,1.66,2.71
25-Jun-2012,0.31,0.72,1.63,2.69
22-Jun-2012,0.31,0.76,1.69,2.75
21-Jun-2012,0.32,0.73,1.63,2.68
20-Jun-2012,0.32,0.74,1.65,2.72
19-Jun-2012,0.30,0.71,1.64,2.73
18-Jun-2012,0.29,0.69,1.59,2.67
15-Jun-2012,0.29,0.68,1.60,2.70
14-Jun-2012,0.30,0.73,1.64,2.73
13-Jun-2012,0.30,0.71,1.61,2.70
12-Jun-2012,0.30,0.75,1.67,2.77
11-Jun-2012,0.27,0.69,1.60,2.71
08-Jun-2012,0.28,0.71,1.65,2.77
07-Jun-2012,0.27,0.72,1.66,2.75
06-Jun-2012,0.26,0.73,1.66,2.73
05-Jun-2012,0.25,0.68,1.57,2.63
04-Jun-2012,0.25,0.68,1.53,2.56
01-Jun-2012,0.25,0.62,1.47,2.53
31-May-2012,0.27,0.67,1.59,2.67
30-May-2012,0.27,0.69,1.63,2.72
29-May-2012,0.30,0.76,1.74,2.85
25-May-2012,0.30,0.76,1.75,2.85
24-May-2012,0.29,0.77,1.77,2.86
23-May-2012,0.28,0.74,1.73,2.81
22-May-2012,0.30,0.78,1.79,2.88
21-May-2012,0.30,0.75,1.75,2.80
18-May-2012,0.32,0.75,1.71,2.80
17-May-2012,0.32,0.74,1.70,2.80
16-May-2012,0.30,0.75,1.76,2.90
15-May-2012,0.29,0.74,1.76,2.91
14-May-2012,0.29,0.73,1.78,2.95
11-May-2012,0.27,0.75,1.84,3.02
10-May-2012,0.27,0.79,1.89,3.07
09-May-2012,0.27,0.77,1.87,3.03
08-May-2012,0.27,0.77,1.88,3.03
07-May-2012,0.27,0.79,1.92,3.07
04-May-2012,0.27,0.78,1.91,3.07
03-May-2012,0.28,0.82,1.96,3.12
02-May-2012,0.27,0.82,1.96,3.11
01-May-2012,0.27,0.84,1.98,3.16
30-Apr-2012,0.27,0.82,1.95,3.12
27-Apr-2012,0.26,0.82,1.96,3.12
26-Apr-2012,0.26,0.83,1.98,3.13
25-Apr-2012,0.26,0.86,2.01,3.15
24-Apr-2012,0.27,0.86,2.00,3.12
23-Apr-2012,0.27,0.83,1.96,3.08
20-Apr-2012,0.29,0.86,1.99,3.12
19-Apr-2012,0.27,0.84,1.98,3.12
18-Apr-2012,0.27,0.86,2.00,3.13
17-Apr-2012,0.27,0.88,2.03,3.15
16-Apr-2012,0.27,0.85,2.00,3.12
13-Apr-2012,0.27,0.86,2.02,3.14
12-Apr-2012,0.29,0.90,2.08,3.22
11-Apr-2012,0.30,0.89,2.05,3.18
10-Apr-2012,0.28,0.85,2.01,3.13
09-Apr-2012,0.32,0.90,2.06,3.18
06-Apr-2012,0.32,0.89,2.07,3.21
05-Apr-2012,0.35,1.01,2.19,3.32
04-Apr-2012,0.35,1.05,2.25,3.37
03-Apr-2012,0.36,1.10,2.30,3.41
02-Apr-2012,0.33,1.03,2.22,3.35
30-Mar-2012,0.33,1.04,2.23,3.35
29-Mar-2012,0.33,1.01,2.18,3.27
28-Mar-2012,0.34,1.05,2.21,3.31
27-Mar-2012,0.33,1.04,2.20,3.29
26-Mar-2012,0.36,1.09,2.26,3.33
23-Mar-2012,0.37,1.10,2.25,3.31
22-Mar-2012,0.37,1.13,2.29,3.37
21-Mar-2012,0.39,1.15,2.31,3.38
20-Mar-2012,0.41,1.22,2.38,3.46
19-Mar-2012,0.39,1.20,2.39,3.48
16-Mar-2012,0.37,1.13,2.31,3.41
15-Mar-2012,0.37,1.11,2.29,3.41
14-Mar-2012,0.40,1.13,2.29,3.43
13-Mar-2012,0.35,0.99,2.14,3.26
12-Mar-2012,0.33,0.92,2.04,3.17
09-Mar-2012,0.33,0.90,2.04,3.19
08-Mar-2012,0.32,0.89,2.03,3.18
07-Mar-2012,0.30,0.85,1.98,3.12
06-Mar-2012,0.30,0.83,1.96,3.08
05-Mar-2012,0.31,0.87,2.00,3.13
02-Mar-2012,0.28,0.84,1.99,3.11
01-Mar-2012,0.30,0.89,2.03,3.15
29-Feb-2012,0.30,0.87,1.98,3.08
28-Feb-2012,0.30,0.84,1.94,3.07
27-Feb-2012,0.30,0.84,1.92,3.04
24-Feb-2012,0.31,0.89,1.98,3.10
23-Feb-2012,0.31,0.88,1.99,3.13
22-Feb-2012,0.29,0.88,2.01,3.15
21-Feb-2012,0.31,0.92,2.05,3.20
17-Feb-2012,0.29,0.88,2.01,3.16
16-Feb-2012,0.29,0.87,1.99,3.14
15-Feb-2012,0.29,0.81,1.93,3.09
14-Feb-2012,0.29,0.81,1.92,3.06
13-Feb-2012,0.29,0.85,1.99,3.14
10-Feb-2012,0.27,0.81,1.96,3.11
09-Feb-2012,0.27,0.86,2.04,3.20
08-Feb-2012,0.27,0.82,2.01,3.14
07-Feb-2012,0.25,0.82,2.00,3.14
06-Feb-2012,0.24,0.76,1.93,3.08
03-Feb-2012,0.23,0.78,1.97,3.13
02-Feb-2012,0.23,0.71,1.86,3.01
01-Feb-2012,0.23,0.72,1.87,3.01
31-Jan-2012,0.22,0.71,1.83,2.94
30-Jan-2012,0.22,0.73,1.87,2.99
27-Jan-2012,0.22,0.75,1.93,3.07
26-Jan-2012,0.22,0.77,1.96,3.10
25-Jan-2012,0.22,0.81,2.01,3.13
24-Jan-2012,0.24,0.92,2.08,3.15
23-Jan-2012,0.26,0.93,2.09,3.15
20-Jan-2012,0.26,0.91,2.05,3.10
19-Jan-2012,0.26,0.87,2.01,3.05
18-Jan-2012,0.24,0.82,1.92,2.96
17-Jan-2012,0.21,0.79,1.87,2.89
13-Jan-2012,0.24,0.80,1.89,2.91
12-Jan-2012,0.22,0.84,1.94,2.97
11-Jan-2012,0.24,0.82,1.93,2.96
10-Jan-2012,0.24,0.86,2.00,3.04
09-Jan-2012,0.26,0.85,1.98,3.02
06-Jan-2012,0.25,0.86,1.98,3.02
05-Jan-2012,0.27,0.88,2.02,3.06
04-Jan-2012,0.25,0.89,2.00,3.03
03-Jan-2012,0.27,0.89,1.97,2.98
30-Dec-2011,0.25,0.83,1.89,2.89
29-Dec-2011,0.28,0.88,1.91,2.90
28-Dec-2011,0.28,0.91,1.93,2.91
27-Dec-2011,0.30,0.96,2.02,3.04
23-Dec-2011,0.28,0.97,2.03,3.05
22-Dec-2011,0.28,0.91,1.97,2.99
21-Dec-2011,0.28,0.91,1.98,3.00
20-Dec-2011,0.26,0.88,1.94,2.93
19-Dec-2011,0.24,0.82,1.82,2.79
16-Dec-2011,0.24,0.81,1.86,2.86
15-Dec-2011,0.26,0.86,1.92,2.92
14-Dec-2011,0.25,0.86,1.92,2.91
13-Dec-2011,0.24,0.85,1.96,2.98
12-Dec-2011,0.24,0.87,2.03,3.06
09-Dec-2011,0.22,0.89,2.07,3.10
08-Dec-2011,0.22,0.86,1.99,3.00
07-Dec-2011,0.24,0.89,2.02,3.04
06-Dec-2011,0.25,0.94,2.08,3.09
05-Dec-2011,0.27,0.93,2.04,3.02
02-Dec-2011,0.25,0.92,2.05,3.03
01-Dec-2011,0.27,0.97,2.11,3.12
30-Nov-2011,0.25,0.96,2.08,3.06
29-Nov-2011,0.27,0.93,2.00,2.96
28-Nov-2011,0.26,0.91,1.97,2.93
25-Nov-2011,0.28,0.93,1.97,2.92
23-Nov-2011,0.26,0.88,1.89,2.82
22-Nov-2011,0.26,0.91,1.94,2.91
21-Nov-2011,0.27,0.92,1.97,2.96
18-Nov-2011,0.29,0.94,2.01,2.99
17-Nov-2011,0.27,0.88,1.96,2.98
16-Nov-2011,0.26,0.90,2.01,3.05
15-Nov-2011,0.26,0.93,2.06,3.10
14-Nov-2011,0.24,0.91,2.04,3.09
10-Nov-2011,0.24,0.90,2.04,3.12
09-Nov-2011,0.24,0.88,2.00,3.03
08-Nov-2011,0.25,0.92,2.10,3.13
07-Nov-2011,0.25,0.88,2.04,3.05
04-Nov-2011,0.22,0.88,2.06,3.09
03-Nov-2011,0.24,0.91,2.09,3.10
02-Nov-2011,0.23,0.89,2.03,3.03
01-Nov-2011,0.23,0.90,2.01,2.99
31-Oct-2011,0.25,0.99,2.17,3.16
28-Oct-2011,0.28,1.13,2.34,3.36
27-Oct-2011,0.31,1.20,2.42,3.45
26-Oct-2011,0.28,1.09,2.23,3.22
25-Oct-2011,0.26,1.01,2.14,3.13
24-Oct-2011,0.30,1.10,2.25,3.27
21-Oct-2011,0.30,1.08,2.23,3.26
20-Oct-2011,0.28,1.07,2.20,3.19
19-Oct-2011,0.28,1.05,2.18,3.17
18-Oct-2011,0.28,1.07,2.19,3.17
17-Oct-2011,0.28,1.08,2.18,3.13
14-Oct-2011,0.28,1.12,2.26,3.22
13-Oct-2011,0.29,1.11,2.19,3.15
12-Oct-2011,0.29,1.17,2.24,3.19
11-Oct-2011,0.32,1.14,2.18,3.11
07-Oct-2011,0.30,1.08,2.10,3.02
06-Oct-2011,0.29,1.01,2.01,2.96
05-Oct-2011,0.25,0.96,1.92,2.87
04-Oct-2011,0.25,0.90,1.81,2.77
03-Oct-2011,0.24,0.87,1.80,2.76
30-Sep-2011,0.25,0.96,1.92,2.90
29-Sep-2011,0.27,0.98,1.99,3.03
28-Sep-2011,0.27,0.99,2.03,3.10
27-Sep-2011,0.25,0.97,2.00,3.08
26-Sep-2011,0.25,0.92,1.91,2.99
23-Sep-2011,0.23,0.89,1.84,2.89
22-Sep-2011,0.20,0.79,1.72,2.78
21-Sep-2011,0.21,0.88,1.88,3.03
20-Sep-2011,0.18,0.85,1.95,3.20
19-Sep-2011,0.16,0.85,1.97,3.22
16-Sep-2011,0.18,0.94,2.08,3.34
15-Sep-2011,0.21,0.95,2.09,3.36
14-Sep-2011,0.19,0.91,2.03,3.32
13-Sep-2011,0.21,0.89,2.00,3.32
12-Sep-2011,0.21,0.87,1.94,3.24
09-Sep-2011,0.17,0.81,1.93,3.26
08-Sep-2011,0.19,0.88,2.00,3.32
07-Sep-2011,0.21,0.92,2.05,3.36
06-Sep-2011,0.21,0.88,1.98,3.26
02-Sep-2011,0.20,0.88,2.02,3.32
01-Sep-2011,0.19,0.90,2.15,3.51
31-Aug-2011,0.20,0.96,2.23,3.60
30-Aug-2011,0.20,0.94,2.19,3.53
29-Aug-2011,0.20,0.99,2.28,3.63
26-Aug-2011,0.20,0.94,2.19,3.54
25-Aug-2011,0.22,0.98,2.23,3.60
24-Aug-2011,0.23,1.05,2.29,3.63
23-Aug-2011,0.22,0.95,2.15,3.47
22-Aug-2011,0.22,0.94,2.10,3.42
19-Aug-2011,0.20,0.90,2.07,3.39
18-Aug-2011,0.20,0.90,2.08,3.45
17-Aug-2011,0.19,0.92,2.17,3.57
16-Aug-2011,0.20,0.95,2.23,3.67
15-Aug-2011,0.19,0.99,2.29,3.75
12-Aug-2011,0.20,0.96,2.24,3.72
11-Aug-2011,0.19,1.02,2.34,3.82
10-Aug-2011,0.19,0.93,2.17,3.54
09-Aug-2011,0.19,0.91,2.20,3.56
08-Aug-2011,0.27,1.11,2.40,3.68
05-Aug-2011,0.28,1.23,2.58,3.82
04-Aug-2011,0.27,1.12,2.47,3.70
03-Aug-2011,0.33,1.25,2.64,3.89
02-Aug-2011,0.33,1.23,2.66,3.93
01-Aug-2011,0.38,1.32,2.77,4.07
29-Jul-2011,0.36,1.35,2.82,4.12
28-Jul-2011,0.42,1.52,2.98,4.26
27-Jul-2011,0.44,1.56,3.01,4.29
26-Jul-2011,0.41,1.51,2.99,4.28
25-Jul-2011,0.42,1.55,3.03,4.31
22-Jul-2011,0.40,1.53,2.99,4.26
21-Jul-2011,0.40,1.56,3.03,4.31
20-Jul-2011,0.40,1.49,2.96,4.25
19-Jul-2011,0.39,1.45,2.91,4.19
18-Jul-2011,0.37,1.45,2.94,4.29
15-Jul-2011,0.37,1.46,2.94,4.26
14-Jul-2011,0.38,1.51,2.98,4.25
13-Jul-2011,0.37,1.45,2.92,4.17
12-Jul-2011,0.37,1.47,2.92,4.19
11-Jul-2011,0.37,1.49,2.94,4.20
08-Jul-2011,0.40,1.57,3.03,4.27
07-Jul-2011,0.49,1.74,3.17,4.37
06-Jul-2011,0.43,1.66,3.12,4.35
05-Jul-2011,0.44,1.70,3.16,4.39
01-Jul-2011,0.50,1.80,3.22,4.40
30-Jun-2011,0.45,1.76,3.18,4.38
29-Jun-2011,0.47,1.70,3.14,4.39
28-Jun-2011,0.48,1.62,3.05,4.33
27-Jun-2011,0.41,1.47,2.95,4.28
24-Jun-2011,0.35,1.40,2.88,4.17
23-Jun-2011,0.35,1.48,2.93,4.17
22-Jun-2011,0.39,1.58,3.01,4.22
21-Jun-2011,0.40,1.57,2.99,4.21
20-Jun-2011,0.38,1.55,2.97,4.19
17-Jun-2011,0.38,1.53,2.94,4.19
16-Jun-2011,0.38,1.52,2.93,4.16
15-Jun-2011,0.38,1.55,2.98,4.19
14-Jun-2011,0.45,1.70,3.11,4.30
13-Jun-2011,0.40,1.59,3.00,4.20
10-Jun-2011,0.41,1.58,2.99,4.18
09-Jun-2011,0.43,1.60,3.01,4.22
08-Jun-2011,0.39,1.52,2.98,4.20
07-Jun-2011,0.39,1.59,3.01,4.27
06-Jun-2011,0.43,1.60,3.01,4.25
03-Jun-2011,0.42,1.60,2.99,4.22
02-Jun-2011,0.45,1.65,3.04,4.25
01-Jun-2011,0.44,1.60,2.96,4.15
31-May-2011,0.45,1.68,3.05,4.22
27-May-2011,0.48,1.71,3.07,4.24
26-May-2011,0.48,1.72,3.07,4.23
25-May-2011,0.54,1.81,3.13,4.28
24-May-2011,0.56,1.81,3.12,4.26
23-May-2011,0.55,1.80,3.13,4.27
20-May-2011,0.55,1.82,3.15,4.30
19-May-2011,0.55,1.85,3.17,4.30
18-May-2011,0.58,1.87,3.18,4.29
17-May-2011,0.55,1.80,3.12,4.23
16-May-2011,0.54,1.83,3.15,4.28
13-May-2011,0.57,1.86,3.18,4.32
12-May-2011,0.57,1.89,3.22,4.37
11-May-2011,0.56,1.87,3.19,4.31
10-May-2011,0.59,1.91,3.23,4.34
09-May-2011,0.57,1.84,3.17,4.30
06-May-2011,0.57,1.87,3.19,4.29
05-May-2011,0.58,1.88,3.18,4.26
04-May-2011,0.60,1.95,3.25,4.33
03-May-2011,0.61,1.96,3.28,4.36
02-May-2011,0.61,1.96,3.31,4.38
29-Apr-2011,0.61,1.97,3.32,4.40
28-Apr-2011,0.62,2.00,3.34,4.42
27-Apr-2011,0.65,2.06,3.39,4.45
26-Apr-2011,0.65,2.05,3.34,4.39
25-Apr-2011,0.67,2.10,3.39,4.46
21-Apr-2011,0.68,2.14,3.42,4.47
20-Apr-2011,0.69,2.15,3.43,4.47
19-Apr-2011,0.68,2.09,3.39,4.43
18-Apr-2011,0.69,2.09,3.40,4.45
15-Apr-2011,0.71,2.14,3.43,4.47
14-Apr-2011,0.77,2.23,3.51,4.53
13-Apr-2011,0.75,2.19,3.49,4.55
12-Apr-2011,0.77,2.22,3.52,4.58
11-Apr-2011,0.85,2.31,3.59,4.64
08-Apr-2011,0.83,2.31,3.59,4.63
07-Apr-2011,0.81,2.29,3.58,4.63
06-Apr-2011,0.85,2.32,3.56,4.58
05-Apr-2011,0.84,2.28,3.50,4.51
04-Apr-2011,0.77,2.20,3.45,4.49
01-Apr-2011,0.80,2.24,3.46,4.48
31-Mar-2011,0.80,2.24,3.47,4.51
30-Mar-2011,0.80,2.21,3.47,4.52
29-Mar-2011,0.81,2.25,3.50,4.54
28-Mar-2011,0.81,2.23,3.47,4.51
25-Mar-2011,0.79,2.20,3.46,4.51
24-Mar-2011,0.72,2.14,3.42,4.48
23-Mar-2011,0.69,2.07,3.36,4.44
22-Mar-2011,0.68,2.07,3.34,4.44
21-Mar-2011,0.67,2.04,3.34,4.45
18-Mar-2011,0.61,1.96,3.28,4.43
17-Mar-2011,0.60,1.91,3.25,4.42
16-Mar-2011,0.58,1.87,3.22,4.38
15-Mar-2011,0.63,2.00,3.33,4.47
14-Mar-2011,0.61,2.00,3.36,4.52
11-Mar-2011,0.64,2.06,3.40,4.54
10-Mar-2011,0.65,2.05,3.37,4.53
09-Mar-2011,0.70,2.16,3.48,4.60
08-Mar-2011,0.73,2.22,3.56,4.66
07-Mar-2011,0.70,2.19,3.51,4.61
04-Mar-2011,0.68,2.17,3.49,4.60
03-Mar-2011,0.79,2.30,3.58,4.64
02-Mar-2011,0.69,2.16,3.46,4.54
01-Mar-2011,0.66,2.11,3.41,4.48
28-Feb-2011,0.69,2.13,3.42,4.49
25-Feb-2011,0.72,2.16,3.42,4.51
24-Feb-2011,0.73,2.19,3.46,4.54
23-Feb-2011,0.74,2.21,3.49,4.59
22-Feb-2011,0.74,2.16,3.46,4.60
18-Feb-2011,0.78,2.30,3.59,4.70
17-Feb-2011,0.80,2.30,3.58,4.66
16-Feb-2011,0.86,2.37,3.62,4.67
15-Feb-2011,0.84,2.35,3.61,4.66
14-Feb-2011,0.87,2.37,3.62,4.67
11-Feb-2011,0.85,2.38,3.64,4.71
10-Feb-2011,0.85,2.40,3.70,4.75
09-Feb-2011,0.81,2.33,3.65,4.71
08-Feb-2011,0.86,2.39,3.75,4.76
07-Feb-2011,0.78,2.29,3.68,4.71
04-Feb-2011,0.77,2.27,3.68,4.73
03-Feb-2011,0.71,2.18,3.58,4.67
02-Feb-2011,0.67,2.10,3.52,4.64
01-Feb-2011,0.61,2.02,3.48,4.62
31-Jan-2011,0.58,1.95,3.42,4.58
28-Jan-2011,0.54,1.92,3.36,4.53
27-Jan-2011,0.59,1.98,3.42,4.57
26-Jan-2011,0.62,2.03,3.45,4.59
25-Jan-2011,0.62,1.96,3.35,4.48
24-Jan-2011,0.65,2.03,3.43,4.55
21-Jan-2011,0.63,2.04,3.44,4.57
20-Jan-2011,0.65,2.06,3.47,4.60
19-Jan-2011,0.60,1.95,3.37,4.53
18-Jan-2011,0.60,1.97,3.39,4.56
14-Jan-2011,0.59,1.95,3.35,4.53
13-Jan-2011,0.59,1.93,3.34,4.50
12-Jan-2011,0.61,1.99,3.40,4.52
11-Jan-2011,0.60,1.98,3.37,4.49
10-Jan-2011,0.59,1.93,3.32,4.47
07-Jan-2011,0.60,1.96,3.34,4.48
06-Jan-2011,0.68,2.09,3.44,4.53
05-Jan-2011,0.71,2.14,3.50,4.55
04-Jan-2011,0.63,2.01,3.36,4.44
03-Jan-2011,0.61,2.02,3.36,4.39
31-Dec-2010,0.61,2.01,3.30,4.34
30-Dec-2010,0.66,2.06,3.38,4.43
29-Dec-2010,0.64,2.03,3.35,4.41
28-Dec-2010,0.75,2.18,3.50,4.53
27-Dec-2010,0.71,2.08,3.36,4.42
23-Dec-2010,0.67,2.09,3.41,4.47
22-Dec-2010,0.65,2.02,3.36,4.45
21-Dec-2010,0.63,1.99,3.35,4.44
20-Dec-2010,0.62,1.99,3.36,4.44
17-Dec-2010,0.61,1.97,3.33,4.41
16-Dec-2010,0.66,2.06,3.47,4.57
15-Dec-2010,0.68,2.11,3.53,4.59
14-Dec-2010,0.66,2.08,3.49,4.54
13-Dec-2010,0.61,1.91,3.29,4.39
10-Dec-2010,0.64,1.98,3.32,4.43
09-Dec-2010,0.64,1.90,3.23,4.41
08-Dec-2010,0.63,1.87,3.26,4.45
07-Dec-2010,0.54,1.74,3.15,4.39
06-Dec-2010,0.42,1.53,2.95,4.25
03-Dec-2010,0.49,1.64,3.03,4.32
02-Dec-2010,0.55,1.68,3.01,4.27
01-Dec-2010,0.53,1.64,2.97,4.24
30-Nov-2010,0.45,1.47,2.81,4.12
29-Nov-2010,0.52,1.51,2.84,4.16
26-Nov-2010,0.51,1.53,2.87,4.21
24-Nov-2010,0.53,1.56,2.93,4.29
23-Nov-2010,0.45,1.40,2.77,4.18
22-Nov-2010,0.49,1.44,2.80,4.20
19-Nov-2010,0.52,1.54,2.88,4.25
18-Nov-2010,0.52,1.51,2.90,4.29
17-Nov-2010,0.50,1.49,2.89,4.31
16-Nov-2010,0.51,1.49,2.85,4.26
15-Nov-2010,0.53,1.51,2.92,4.38
12-Nov-2010,0.51,1.35,2.76,4.26
10-Nov-2010,0.44,1.23,2.65,4.25
09-Nov-2010,0.46,1.27,2.72,4.25
08-Nov-2010,0.41,1.13,2.60,4.12
05-Nov-2010,0.38,1.10,2.58,4.12
04-Nov-2010,0.33,1.04,2.53,4.04
03-Nov-2010,0.34,1.11,2.67,4.09
02-Nov-2010,0.34,1.15,2.63,3.93
01-Nov-2010,0.34,1.17,2.66,4.01
29-Oct-2010,0.34,1.17,2.63,3.99
28-Oct-2010,0.37,1.23,2.69,4.05
27-Oct-2010,0.40,1.34,2.75,4.06
26-Oct-2010,0.40,1.27,2.67,4.00
25-Oct-2010,0.37,1.20,2.59,3.91
22-Oct-2010,0.35,1.17,2.59,3.94
21-Oct-2010,0.37,1.15,2.57,3.95
20-Oct-2010,0.35,1.11,2.51,3.89
19-Oct-2010,0.37,1.11,2.50,3.90
18-Oct-2010,0.38,1.14,2.52,3.93
15-Oct-2010,0.37,1.20,2.59,3.98
14-Oct-2010,0.38,1.18,2.52,3.91
13-Oct-2010,0.37,1.13,2.46,3.84
12-Oct-2010,0.37,1.14,2.44,3.80
08-Oct-2010,0.35,1.11,2.41,3.75
07-Oct-2010,0.36,1.14,2.41,3.72
06-Oct-2010,0.38,1.16,2.41,3.67
05-Oct-2010,0.41,1.21,2.50,3.74
04-Oct-2010,0.41,1.23,2.50,3.71
01-Oct-2010,0.42,1.26,2.54,3.71
30-Sep-2010,0.42,1.27,2.53,3.69
29-Sep-2010,0.44,1.28,2.52,3.69
28-Sep-2010,0.37,1.25,2.48,3.66
27-Sep-2010,0.44,1.31,2.54,3.70
24-Sep-2010,0.45,1.37,2.62,3.79
23-Sep-2010,0.45,1.34,2.56,3.73
22-Sep-2010,0.44,1.33,2.56,3.74
21-Sep-2010,0.43,1.34,2.61,3.79
20-Sep-2010,0.47,1.43,2.72,3.87
17-Sep-2010,0.48,1.46,2.75,3.90
16-Sep-2010,0.48,1.48,2.77,3.92
15-Sep-2010,0.50,1.46,2.74,3.87
14-Sep-2010,0.50,1.43,2.68,3.79
13-Sep-2010,0.53,1.51,2.74,3.83
10-Sep-2010,0.58,1.59,2.81,3.88
09-Sep-2010,0.57,1.57,2.77,3.84
08-Sep-2010,0.52,1.46,2.66,3.72
07-Sep-2010,0.49,1.41,2.61,3.67
03-Sep-2010,0.52,1.49,2.72,3.79
02-Sep-2010,0.50,1.43,2.63,3.72
01-Sep-2010,0.50,1.41,2.58,3.65
31-Aug-2010,0.47,1.33,2.47,3.52
30-Aug-2010,0.50,1.39,2.54,3.60
27-Aug-2010,0.56,1.49,2.66,3.69
26-Aug-2010,0.51,1.38,2.50,3.53
25-Aug-2010,0.53,1.40,2.54,3.59
24-Aug-2010,0.50,1.36,2.50,3.57
23-Aug-2010,0.49,1.43,2.60,3.65
20-Aug-2010,0.49,1.47,2.62,3.67
19-Aug-2010,0.49,1.41,2.58,3.66
18-Aug-2010,0.51,1.46,2.64,3.73
17-Aug-2010,0.52,1.44,2.64,3.77
16-Aug-2010,0.51,1.40,2.58,3.72
13-Aug-2010,0.54,1.47,2.68,3.87
12-Aug-2010,0.55,1.48,2.74,3.94
11-Aug-2010,0.54,1.44,2.72,3.93
10-Aug-2010,0.52,1.46,2.79,4.00
09-Aug-2010,0.54,1.54,2.86,4.01
06-Aug-2010,0.50,1.51,2.86,4.00
05-Aug-2010,0.53,1.57,2.94,4.05
04-Aug-2010,0.56,1.62,2.98,4.07
03-Aug-2010,0.53,1.55,2.94,4.04
02-Aug-2010,0.56,1.64,2.99,4.06
30-Jul-2010,0.55,1.60,2.94,3.98
29-Jul-2010,0.59,1.70,3.03,4.08
28-Jul-2010,0.61,1.75,3.03,4.07
27-Jul-2010,0.65,1.82,3.08,4.08
26-Jul-2010,0.62,1.76,3.03,4.03
23-Jul-2010,0.60,1.75,3.02,4.01
22-Jul-2010,0.60,1.69,2.96,3.95
21-Jul-2010,0.58,1.66,2.90,3.89
20-Jul-2010,0.61,1.71,2.98,3.99
19-Jul-2010,0.61,1.73,2.99,3.99
16-Jul-2010,0.61,1.70,2.96,3.95
15-Jul-2010,0.61,1.76,3.00,3.97
14-Jul-2010,0.62,1.82,3.07,4.03
13-Jul-2010,0.67,1.90,3.15,4.10
12-Jul-2010,0.65,1.85,3.08,4.05
09-Jul-2010,0.63,1.85,3.07,4.04
08-Jul-2010,0.63,1.80,3.04,4.00
07-Jul-2010,0.63,1.79,3.00,3.96
06-Jul-2010,0.62,1.76,2.95,3.89
02-Jul-2010,0.63,1.82,3.00,3.94
01-Jul-2010,0.63,1.80,2.96,3.88
30-Jun-2010,0.61,1.79,2.97,3.91
29-Jun-2010,0.61,1.78,2.97,3.94
28-Jun-2010,0.62,1.83,3.05,4.01
25-Jun-2010,0.65,1.90,3.12,4.07
24-Jun-2010,0.67,1.93,3.14,4.09
23-Jun-2010,0.66,1.93,3.13,4.05
22-Jun-2010,0.71,1.98,3.18,4.10
21-Jun-2010,0.74,2.05,3.26,4.17
18-Jun-2010,0.74,2.04,3.24,4.15
17-Jun-2010,0.72,2.01,3.21,4.13
16-Jun-2010,0.75,2.06,3.27,4.18
15-Jun-2010,0.79,2.10,3.32,4.23
14-Jun-2010,0.77,2.07,3.28,4.20
11-Jun-2010,0.75,2.03,3.24,4.15
10-Jun-2010,0.79,2.12,3.33,4.25
09-Jun-2010,0.74,1.99,3.20,4.12
08-Jun-2010,0.74,1.98,3.18,4.10
07-Jun-2010,0.74,1.95,3.17,4.11
04-Jun-2010,0.72,1.98,3.20,4.13
03-Jun-2010,0.82,2.17,3.39,4.29
02-Jun-2010,0.82,2.14,3.35,4.24
01-Jun-2010,0.78,2.09,3.29,4.19
28-May-2010,0.76,2.10,3.31,4.22
27-May-2010,0.87,2.18,3.34,4.24
26-May-2010,0.82,2.06,3.21,4.11
25-May-2010,0.81,2.01,3.18,4.07
24-May-2010,0.77,2.04,3.23,4.12
21-May-2010,0.76,2.02,3.20,4.07
20-May-2010,0.76,2.04,3.25,4.13
19-May-2010,0.80,2.13,3.36,4.24
18-May-2010,0.76,2.11,3.38,4.26
17-May-2010,0.81,2.20,3.47,4.35
14-May-2010,0.79,2.16,3.44,4.32
13-May-2010,0.87,2.27,3.55,4.47
12-May-2010,0.89,2.29,3.56,4.47
11-May-2010,0.85,2.26,3.56,4.42
10-May-2010,0.87,2.27,3.57,4.41
07-May-2010,0.83,2.17,3.45,4.28
06-May-2010,0.75,2.13,3.41,4.19
05-May-2010,0.88,2.31,3.58,4.39
04-May-2010,0.96,2.38,3.63,4.43
03-May-2010,1.00,2.47,3.72,4.53
30-Apr-2010,0.97,2.43,3.69,4.53
29-Apr-2010,1.01,2.49,3.76,4.60
28-Apr-2010,1.03,2.53,3.80,4.63
27-Apr-2010,1.03,2.46,3.71,4.56
26-Apr-2010,1.09,2.60,3.83,4.67
23-Apr-2010,1.10,2.61,3.84,4.67
22-Apr-2010,1.07,2.57,3.80,4.65
21-Apr-2010,1.03,2.52,3.77,4.61
20-Apr-2010,1.05,2.56,3.82,4.67
19-Apr-2010,1.01,2.54,3.83,4.70
16-Apr-2010,0.98,2.49,3.79,4.67
15-Apr-2010,1.04,2.57,3.86,4.72
14-Apr-2010,1.07,2.61,3.88,4.72
13-Apr-2010,1.07,2.58,3.84,4.68
12-Apr-2010,1.07,2.60,3.87,4.70
09-Apr-2010,1.08,2.65,3.90,4.74
08-Apr-2010,1.09,2.64,3.91,4.75
07-Apr-2010,1.06,2.62,3.89,4.74
06-Apr-2010,1.14,2.71,3.98,4.84
05-Apr-2010,1.18,2.75,4.01,4.85
02-Apr-2010,1.11,2.67,3.96,4.81
01-Apr-2010,1.05,2.59,3.89,4.74
31-Mar-2010,1.02,2.55,3.84,4.72
30-Mar-2010,1.06,2.60,3.88,4.75
29-Mar-2010,1.04,2.60,3.88,4.76
26-Mar-2010,1.04,2.59,3.86,4.75
25-Mar-2010,1.10,2.65,3.91,4.77
24-Mar-2010,1.08,2.62,3.84,4.72
23-Mar-2010,1.02,2.44,3.69,4.60
22-Mar-2010,1.01,2.43,3.67,4.57
19-Mar-2010,1.02,2.48,3.70,4.58
18-Mar-2010,0.98,2.44,3.68,4.59
17-Mar-2010,0.95,2.38,3.65,4.56
16-Mar-2010,0.93,2.37,3.66,4.59
15-Mar-2010,0.96,2.42,3.71,4.63
12-Mar-2010,0.97,2.42,3.71,4.62
11-Mar-2010,0.97,2.43,3.73,4.66
10-Mar-2010,0.92,2.39,3.73,4.69
09-Mar-2010,0.89,2.34,3.71,4.68
08-Mar-2010,0.90,2.36,3.72,4.68
05-Mar-2010,0.91,2.35,3.69,4.64
04-Mar-2010,0.86,2.28,3.61,4.56
03-Mar-2010,0.82,2.27,3.63,4.58
02-Mar-2010,0.80,2.27,3.62,4.57
01-Mar-2010,0.80,2.28,3.61,4.56
26-Feb-2010,0.81,2.30,3.61,4.55
25-Feb-2010,0.82,2.33,3.64,4.58
24-Feb-2010,0.87,2.40,3.70,4.63
23-Feb-2010,0.87,2.37,3.69,4.63
22-Feb-2010,0.91,2.47,3.80,4.73
19-Feb-2010,0.95,2.48,3.78,4.71
18-Feb-2010,0.90,2.46,3.79,4.74
17-Feb-2010,0.87,2.40,3.74,4.70
16-Feb-2010,0.82,2.32,3.66,4.63
12-Feb-2010,0.84,2.35,3.69,4.66
11-Feb-2010,0.91,2.39,3.73,4.69
10-Feb-2010,0.91,2.39,3.72,4.65
09-Feb-2010,0.84,2.32,3.67,4.58
08-Feb-2010,0.79,2.26,3.62,4.52
05-Feb-2010,0.77,2.23,3.59,4.51
04-Feb-2010,0.80,2.29,3.62,4.53
03-Feb-2010,0.88,2.40,3.73,4.62
02-Feb-2010,0.86,2.37,3.67,4.55
01-Feb-2010,0.86,2.38,3.68,4.56
29-Jan-2010,0.82,2.34,3.63,4.51
28-Jan-2010,0.87,2.41,3.68,4.57
27-Jan-2010,0.90,2.43,3.66,4.55
26-Jan-2010,0.87,2.38,3.65,4.56
25-Jan-2010,0.86,2.39,3.66,4.55
22-Jan-2010,0.84,2.37,3.62,4.50
21-Jan-2010,0.87,2.38,3.62,4.50
20-Jan-2010,0.92,2.45,3.68,4.54
19-Jan-2010,0.93,2.48,3.73,4.60
15-Jan-2010,0.89,2.44,3.70,4.58
14-Jan-2010,0.94,2.51,3.76,4.63
13-Jan-2010,0.97,2.55,3.80,4.71
12-Jan-2010,0.92,2.49,3.74,4.62
11-Jan-2010,0.95,2.58,3.85,4.74
08-Jan-2010,0.96,2.57,3.83,4.70
07-Jan-2010,1.03,2.62,3.85,4.69
06-Jan-2010,1.01,2.60,3.85,4.70
05-Jan-2010,1.01,2.56,3.77,4.59
04-Jan-2010,1.09,2.65,3.85,4.65
31-Dec-2009,1.14,2.69,3.85,4.63
30-Dec-2009,1.08,2.61,3.80,4.61
29-Dec-2009,1.09,2.62,3.82,4.64
28-Dec-2009,1.09,2.62,3.85,4.69
24-Dec-2009,1.00,2.57,3.82,4.68
23-Dec-2009,0.96,2.51,3.77,4.61
22-Dec-2009,0.95,2.49,3.76,4.60
21-Dec-2009,0.89,2.43,3.69,4.56
18-Dec-2009,0.82,2.30,3.55,4.46
17-Dec-2009,0.77,2.24,3.50,4.42
16-Dec-2009,0.85,2.35,3.61,4.52
15-Dec-2009,0.88,2.35,3.60,4.52
14-Dec-2009,0.87,2.30,3.56,4.49
11-Dec-2009,0.83,2.26,3.55,4.49
10-Dec-2009,0.78,2.19,3.49,4.50
09-Dec-2009,0.76,2.15,3.45,4.41
08-Dec-2009,0.73,2.12,3.40,4.39
07-Dec-2009,0.78,2.19,3.44,4.40
04-Dec-2009,0.84,2.24,3.48,4.40
03-Dec-2009,0.74,2.14,3.39,4.33
02-Dec-2009,0.72,2.09,3.32,4.26
01-Dec-2009,0.67,2.03,3.28,4.26
30-Nov-2009,0.67,2.01,3.21,4.20
27-Nov-2009,0.68,2.03,3.21,4.21
25-Nov-2009,0.73,2.11,3.28,4.23
24-Nov-2009,0.73,2.15,3.32,4.25
23-Nov-2009,0.77,2.20,3.37,4.29
20-Nov-2009,0.75,2.20,3.36,4.30
19-Nov-2009,0.73,2.18,3.35,4.29
18-Nov-2009,0.77,2.21,3.36,4.29
17-Nov-2009,0.78,2.19,3.33,4.26
16-Nov-2009,0.78,2.19,3.33,4.26
13-Nov-2009,0.82,2.28,3.43,4.36
12-Nov-2009,0.82,2.28,3.45,4.41
10-Nov-2009,0.85,2.31,3.50,4.41
09-Nov-2009,0.87,2.31,3.52,4.40
06-Nov-2009,0.86,2.30,3.54,4.40
05-Nov-2009,0.90,2.35,3.57,4.41
04-Nov-2009,0.91,2.39,3.57,4.41
03-Nov-2009,0.92,2.36,3.50,4.34
02-Nov-2009,0.92,2.33,3.45,4.26
30-Oct-2009,0.90,2.31,3.41,4.23
29-Oct-2009,0.98,2.44,3.53,4.35
28-Oct-2009,0.95,2.37,3.44,4.25
27-Oct-2009,0.99,2.41,3.49,4.29
26-Oct-2009,1.06,2.53,3.59,4.37
23-Oct-2009,1.04,2.46,3.51,4.29
22-Oct-2009,0.97,2.39,3.44,4.24
21-Oct-2009,1.00,2.38,3.42,4.22
20-Oct-2009,0.95,2.30,3.35,4.16
19-Oct-2009,0.99,2.36,3.41,4.21
16-Oct-2009,0.97,2.37,3.43,4.24
15-Oct-2009,0.97,2.41,3.49,4.31
14-Oct-2009,0.96,2.36,3.45,4.28
13-Oct-2009,0.91,2.28,3.34,4.16
09-Oct-2009,0.98,2.36,3.40,4.22
08-Oct-2009,0.90,2.22,3.27,4.09
07-Oct-2009,0.87,2.16,3.21,3.99
06-Oct-2009,0.91,2.25,3.27,4.07
05-Oct-2009,0.88,2.21,3.24,4.01
02-Oct-2009,0.88,2.22,3.24,4.01
01-Oct-2009,0.87,2.20,3.21,3.97
30-Sep-2009,0.95,2.31,3.31,4.03
29-Sep-2009,1.00,2.34,3.31,4.03
28-Sep-2009,0.98,2.33,3.31,4.04
25-Sep-2009,0.98,2.36,3.34,4.10
24-Sep-2009,0.93,2.37,3.40,4.17
23-Sep-2009,0.96,2.40,3.44,4.21
22-Sep-2009,1.02,2.45,3.46,4.20
21-Sep-2009,1.02,2.47,3.49,4.23
18-Sep-2009,1.03,2.49,3.49,4.24
17-Sep-2009,0.98,2.41,3.42,4.19
16-Sep-2009,1.01,2.46,3.48,4.26
15-Sep-2009,0.96,2.41,3.47,4.27
14-Sep-2009,0.94,2.37,3.42,4.22
11-Sep-2009,0.90,2.29,3.34,4.18
10-Sep-2009,0.90,2.29,3.36,4.19
09-Sep-2009,0.93,2.38,3.48,4.33
08-Sep-2009,0.93,2.38,3.47,4.31
04-Sep-2009,0.94,2.36,3.45,4.27
03-Sep-2009,0.91,2.29,3.33,4.15
02-Sep-2009,0.89,2.26,3.29,4.09
01-Sep-2009,0.92,2.33,3.38,4.19
31-Aug-2009,0.97,2.39,3.40,4.18
28-Aug-2009,1.01,2.46,3.46,4.21
27-Aug-2009,1.04,2.48,3.47,4.23
26-Aug-2009,1.06,2.46,3.44,4.20
25-Aug-2009,1.05,2.48,3.45,4.22
24-Aug-2009,1.05,2.50,3.48,4.27
21-Aug-2009,1.13,2.58,3.56,4.36
20-Aug-2009,1.03,2.43,3.42,4.24
19-Aug-2009,1.01,2.43,3.45,4.28
18-Aug-2009,1.06,2.48,3.51,4.35
17-Aug-2009,1.04,2.43,3.48,4.33
14-Aug-2009,1.07,2.51,3.55,4.41
13-Aug-2009,1.12,2.58,3.59,4.44
12-Aug-2009,1.18,2.70,3.72,4.53
11-Aug-2009,1.21,2.69,3.71,4.44
10-Aug-2009,1.24,2.75,3.80,4.52
07-Aug-2009,1.32,2.84,3.89,4.61
06-Aug-2009,1.22,2.73,3.79,4.53
05-Aug-2009,1.23,2.73,3.80,4.57
04-Aug-2009,1.20,2.68,3.70,4.45
03-Aug-2009,1.18,2.66,3.66,4.42
31-Jul-2009,1.13,2.53,3.52,4.31
30-Jul-2009,1.19,2.66,3.67,4.44
29-Jul-2009,1.17,2.69,3.69,4.50
28-Jul-2009,1.12,2.63,3.72,4.56
27-Jul-2009,1.08,2.63,3.75,4.62
24-Jul-2009,1.05,2.57,3.70,4.55
23-Jul-2009,1.08,2.60,3.72,4.58
22-Jul-2009,0.98,2.43,3.58,4.45
21-Jul-2009,0.96,2.36,3.50,4.38
20-Jul-2009,0.99,2.46,3.61,4.47
17-Jul-2009,1.02,2.52,3.67,4.53
16-Jul-2009,1.00,2.46,3.59,4.45
15-Jul-2009,1.03,2.52,3.63,4.48
14-Jul-2009,0.97,2.37,3.50,4.38
13-Jul-2009,0.92,2.27,3.38,4.25
10-Jul-2009,0.91,2.22,3.32,4.20
09-Jul-2009,0.94,2.33,3.44,4.31
08-Jul-2009,0.91,2.23,3.33,4.17
07-Jul-2009,0.98,2.36,3.47,4.31
06-Jul-2009,0.96,2.40,3.52,4.35
02-Jul-2009,0.98,2.43,3.51,4.32
01-Jul-2009,1.05,2.51,3.55,4.34
30-Jun-2009,1.11,2.54,3.53,4.32
29-Jun-2009,1.11,2.53,3.51,4.31
26-Jun-2009,1.10,2.53,3.52,4.30
25-Jun-2009,1.12,2.58,3.55,4.33
24-Jun-2009,1.19,2.74,3.72,4.44
23-Jun-2009,1.14,2.71,3.65,4.37
22-Jun-2009,1.17,2.75,3.72,4.45
19-Jun-2009,1.25,2.82,3.79,4.52
18-Jun-2009,1.28,2.86,3.86,4.63
17-Jun-2009,1.19,2.69,3.68,4.50
16-Jun-2009,1.23,2.70,3.67,4.48
15-Jun-2009,1.26,2.75,3.76,4.61
12-Jun-2009,1.30,2.81,3.81,4.65
11-Jun-2009,1.35,2.87,3.88,4.69
10-Jun-2009,1.38,2.93,3.98,4.76
09-Jun-2009,1.33,2.86,3.86,4.64
08-Jun-2009,1.42,2.95,3.91,4.65
05-Jun-2009,1.32,2.85,3.84,4.63
04-Jun-2009,0.96,2.56,3.72,4.58
03-Jun-2009,0.91,2.43,3.56,4.45
02-Jun-2009,0.96,2.52,3.65,4.50
01-Jun-2009,0.97,2.55,3.71,4.55
29-May-2009,0.92,2.34,3.47,4.34
28-May-2009,0.97,2.46,3.67,4.54
27-May-2009,0.96,2.43,3.71,4.59
26-May-2009,0.96,2.30,3.50,4.45
22-May-2009,0.92,2.23,3.45,4.38
21-May-2009,0.89,2.16,3.35,4.30
20-May-2009,0.87,2.05,3.19,4.14
19-May-2009,0.91,2.12,3.25,4.21
18-May-2009,0.93,2.09,3.22,4.18
15-May-2009,0.88,2.01,3.14,4.09
14-May-2009,0.87,1.98,3.10,4.06
13-May-2009,0.89,1.98,3.11,4.09
12-May-2009,0.90,2.02,3.17,4.16
11-May-2009,0.92,2.04,3.17,4.18
08-May-2009,1.00,2.15,3.29,4.28
07-May-2009,1.00,2.15,3.29,4.25
06-May-2009,0.96,2.06,3.18,4.09
05-May-2009,0.98,2.05,3.20,4.06
04-May-2009,0.94,2.03,3.19,4.06
01-May-2009,0.92,2.03,3.21,4.09
30-Apr-2009,0.91,2.02,3.16,4.05
29-Apr-2009,0.94,2.01,3.12,4.01
28-Apr-2009,0.95,1.97,3.05,3.97
27-Apr-2009,0.90,1.87,2.95,3.84
24-Apr-2009,0.99,1.96,3.03,3.89
23-Apr-2009,0.97,1.89,2.96,3.80
22-Apr-2009,1.00,1.92,2.98,3.82
21-Apr-2009,0.96,1.87,2.94,3.74
20-Apr-2009,0.93,1.82,2.88,3.69
17-Apr-2009,0.99,1.91,2.98,3.79
16-Apr-2009,0.91,1.79,2.86,3.72
15-Apr-2009,0.86,1.71,2.82,3.66
14-Apr-2009,0.86,1.71,2.80,3.64
13-Apr-2009,0.89,1.81,2.88,3.69
09-Apr-2009,0.96,1.90,2.96,3.76
08-Apr-2009,0.93,1.83,2.86,3.66
07-Apr-2009,0.91,1.87,2.93,3.72
06-Apr-2009,0.94,1.90,2.95,3.73
03-Apr-2009,0.96,1.87,2.91,3.70
02-Apr-2009,0.88,1.74,2.77,3.57
01-Apr-2009,0.83,1.65,2.68,3.51
31-Mar-2009,0.81,1.67,2.71,3.56
30-Mar-2009,0.84,1.72,2.73,3.60
27-Mar-2009,0.90,1.79,2.78,3.62
26-Mar-2009,0.90,1.80,2.76,3.66
25-Mar-2009,0.96,1.84,2.81,3.73
24-Mar-2009,0.93,1.70,2.68,3.60
23-Mar-2009,0.93,1.69,2.68,3.69
20-Mar-2009,0.89,1.66,2.65,3.65
19-Mar-2009,0.87,1.64,2.61,3.62
18-Mar-2009,0.82,1.54,2.51,3.57
17-Mar-2009,1.05,2.00,3.02,3.83
16-Mar-2009,1.00,1.91,2.97,3.76
13-Mar-2009,0.98,1.87,2.89,3.66
12-Mar-2009,1.03,1.92,2.89,3.63
11-Mar-2009,1.03,1.96,2.95,3.67
10-Mar-2009,1.01,1.99,2.99,3.70
09-Mar-2009,0.96,1.90,2.89,3.59
06-Mar-2009,0.91,1.83,2.83,3.50
05-Mar-2009,0.90,1.82,2.83,3.51
04-Mar-2009,0.97,1.97,3.01,3.69
03-Mar-2009,0.91,1.87,2.93,3.67
02-Mar-2009,0.89,1.86,2.91,3.64
27-Feb-2009,1.00,1.99,3.02,3.71
26-Feb-2009,1.08,2.07,2.98,3.66
25-Feb-2009,1.09,2.06,2.95,3.59
24-Feb-2009,1.03,1.89,2.80,3.49
23-Feb-2009,0.96,1.84,2.78,3.53
20-Feb-2009,0.96,1.81,2.78,3.56
19-Feb-2009,1.01,1.89,2.85,3.68
18-Feb-2009,0.97,1.81,2.74,3.54
17-Feb-2009,0.87,1.65,2.64,3.47
13-Feb-2009,0.97,1.88,2.89,3.68
12-Feb-2009,0.89,1.73,2.75,3.47
11-Feb-2009,0.93,1.76,2.78,3.45
10-Feb-2009,0.92,1.79,2.90,3.54
09-Feb-2009,1.05,1.99,3.07,3.69
06-Feb-2009,0.99,1.97,3.05,3.70
05-Feb-2009,0.98,1.89,2.95,3.63
04-Feb-2009,0.98,1.91,2.95,3.65
03-Feb-2009,0.96,1.88,2.89,3.64
02-Feb-2009,0.89,1.75,2.76,3.47
30-Jan-2009,0.94,1.85,2.87,3.58
29-Jan-2009,0.95,1.87,2.87,3.57
28-Jan-2009,0.89,1.70,2.71,3.44
27-Jan-2009,0.87,1.59,2.59,3.26
26-Jan-2009,0.85,1.67,2.70,3.39
23-Jan-2009,0.83,1.64,2.65,3.32
22-Jan-2009,0.75,1.61,2.62,3.25
21-Jan-2009,0.78,1.60,2.56,3.15
20-Jan-2009,0.73,1.48,2.40,2.97
16-Jan-2009,0.73,1.47,2.36,2.89
15-Jan-2009,0.73,1.36,2.23,2.86
14-Jan-2009,0.73,1.36,2.24,2.89
13-Jan-2009,0.76,1.44,2.33,3.00
12-Jan-2009,0.74,1.45,2.34,2.99
09-Jan-2009,0.75,1.51,2.43,3.04
08-Jan-2009,0.83,1.60,2.47,3.04
07-Jan-2009,0.82,1.66,2.52,3.05
06-Jan-2009,0.80,1.68,2.51,3.04
05-Jan-2009,0.78,1.67,2.49,3.00
02-Jan-2009,0.88,1.72,2.46,2.83
31-Dec-2008,0.76,1.55,2.25,2.69
30-Dec-2008,0.75,1.47,2.11,2.58
29-Dec-2008,0.78,1.45,2.13,2.63
26-Dec-2008,0.89,1.51,2.16,2.61
24-Dec-2008,0.90,1.54,2.20,2.63
23-Dec-2008,0.90,1.53,2.18,2.63
22-Dec-2008,0.87,1.40,2.16,2.60
19-Dec-2008,0.74,1.35,2.13,2.55
18-Dec-2008,0.68,1.26,2.08,2.53
17-Dec-2008,0.73,1.35,2.20,2.66
16-Dec-2008,0.65,1.34,2.37,2.86
15-Dec-2008,0.75,1.50,2.53,2.98
12-Dec-2008,0.78,1.55,2.60,3.07
11-Dec-2008,0.79,1.55,2.64,3.07
10-Dec-2008,0.86,1.62,2.69,3.09
09-Dec-2008,0.84,1.61,2.67,3.06
08-Dec-2008,0.97,1.76,2.77,3.16
05-Dec-2008,0.93,1.67,2.67,3.11
04-Dec-2008,0.82,1.51,2.55,3.06
03-Dec-2008,0.87,1.60,2.67,3.17
02-Dec-2008,0.90,1.65,2.68,3.18
01-Dec-2008,0.90,1.71,2.72,3.22
28-Nov-2008,1.00,1.93,2.93,3.45
26-Nov-2008,1.09,2.01,2.99,3.54
25-Nov-2008,1.15,2.06,3.11,3.63
24-Nov-2008,1.31,2.24,3.35,3.78
21-Nov-2008,1.09,2.02,3.20,3.70
20-Nov-2008,1.00,1.94,3.10,3.64
19-Nov-2008,1.09,2.08,3.38,3.96
18-Nov-2008,1.15,2.22,3.53,4.14
17-Nov-2008,1.22,2.32,3.68,4.20
14-Nov-2008,1.22,2.33,3.72,4.22
13-Nov-2008,1.24,2.43,3.84,4.34
12-Nov-2008,1.19,2.37,3.75,4.17
10-Nov-2008,1.27,2.51,3.82,4.21
07-Nov-2008,1.33,2.56,3.83,4.25
06-Nov-2008,1.28,2.46,3.75,4.19
05-Nov-2008,1.36,2.50,3.73,4.13
04-Nov-2008,1.39,2.56,3.81,4.20
03-Nov-2008,1.45,2.71,3.96,4.33
31-Oct-2008,1.56,2.80,4.01,4.35
30-Oct-2008,1.59,2.84,4.00,4.30
29-Oct-2008,1.58,2.77,3.93,4.26
28-Oct-2008,1.65,2.75,3.89,4.19
27-Oct-2008,1.59,2.67,3.79,4.12
24-Oct-2008,1.57,2.64,3.76,4.11
23-Oct-2008,1.54,2.57,3.63,3.99
22-Oct-2008,1.53,2.56,3.65,4.07
21-Oct-2008,1.58,2.63,3.76,4.20
20-Oct-2008,1.71,2.82,3.91,4.26
17-Oct-2008,1.64,2.83,3.98,4.32
16-Oct-2008,1.61,2.84,3.99,4.25
15-Oct-2008,1.64,2.90,4.04,4.25
14-Oct-2008,1.82,3.01,4.08,4.27
10-Oct-2008,1.62,2.77,3.89,4.15
09-Oct-2008,1.65,2.79,3.84,4.14
08-Oct-2008,1.65,2.70,3.72,4.09
07-Oct-2008,1.47,2.45,3.50,4.01
06-Oct-2008,1.43,2.45,3.48,3.99
03-Oct-2008,1.60,2.64,3.63,4.11
02-Oct-2008,1.62,2.68,3.66,4.16
01-Oct-2008,1.82,2.87,3.77,4.22
30-Sep-2008,2.00,2.98,3.85,4.31
29-Sep-2008,1.70,2.70,3.61,4.13
26-Sep-2008,2.11,3.05,3.85,4.36
25-Sep-2008,2.16,3.09,3.88,4.40
24-Sep-2008,2.03,2.91,3.80,4.40
23-Sep-2008,2.11,3.03,3.85,4.43
22-Sep-2008,2.13,3.04,3.83,4.41
19-Sep-2008,2.16,3.01,3.78,4.36
18-Sep-2008,1.78,2.67,3.54,4.14
17-Sep-2008,1.64,2.52,3.41,4.08
16-Sep-2008,1.89,2.64,3.48,4.08
15-Sep-2008,1.78,2.59,3.47,4.12
12-Sep-2008,2.23,2.97,3.74,4.32
11-Sep-2008,2.18,2.87,3.64,4.20
10-Sep-2008,2.22,2.91,3.65,4.23
09-Sep-2008,2.23,2.90,3.62,4.20
08-Sep-2008,2.30,2.96,3.66,4.26
05-Sep-2008,2.23,2.91,3.66,4.27
04-Sep-2008,2.20,2.87,3.64,4.27
03-Sep-2008,2.26,2.95,3.71,4.32
02-Sep-2008,2.26,3.00,3.74,4.36
29-Aug-2008,2.36,3.10,3.83,4.43
28-Aug-2008,2.37,3.09,3.79,4.38
27-Aug-2008,2.31,3.02,3.77,4.38
26-Aug-2008,2.35,3.06,3.79,4.40
25-Aug-2008,2.33,3.04,3.79,4.40
22-Aug-2008,2.42,3.14,3.87,4.46
21-Aug-2008,2.33,3.08,3.84,4.46
20-Aug-2008,2.25,3.00,3.79,4.43
19-Aug-2008,2.32,3.07,3.83,4.47
18-Aug-2008,2.35,3.07,3.82,4.44
15-Aug-2008,2.40,3.11,3.84,4.47
14-Aug-2008,2.45,3.15,3.89,4.52
13-Aug-2008,2.50,3.21,3.94,4.57
12-Aug-2008,2.45,3.16,3.91,4.55
11-Aug-2008,2.56,3.27,3.99,4.61
08-Aug-2008,2.51,3.21,3.94,4.55
07-Aug-2008,2.43,3.16,3.92,4.56
06-Aug-2008,2.56,3.30,4.06,4.68
05-Aug-2008,2.54,3.28,4.04,4.63
04-Aug-2008,2.53,3.23,3.98,4.58
01-Aug-2008,2.51,3.23,3.97,4.57
31-Jul-2008,2.52,3.25,3.99,4.59
30-Jul-2008,2.64,3.36,4.07,4.64
29-Jul-2008,2.65,3.39,4.09,4.64
28-Jul-2008,2.59,3.34,4.06,4.63
25-Jul-2008,2.70,3.45,4.13,4.69
24-Jul-2008,2.61,3.37,4.03,4.60
23-Jul-2008,2.81,3.51,4.16,4.69
22-Jul-2008,2.74,3.48,4.14,4.67
21-Jul-2008,2.66,3.41,4.09,4.64
18-Jul-2008,2.66,3.42,4.11,4.66
17-Jul-2008,2.58,3.35,4.07,4.65
16-Jul-2008,2.44,3.20,3.97,4.59
15-Jul-2008,2.39,3.12,3.87,4.48
14-Jul-2008,2.47,3.20,3.90,4.47
11-Jul-2008,2.59,3.27,3.96,4.52
10-Jul-2008,2.44,3.10,3.83,4.42
09-Jul-2008,2.41,3.11,3.85,4.42
08-Jul-2008,2.47,3.19,3.91,4.46
07-Jul-2008,2.47,3.23,3.95,4.51
03-Jul-2008,2.54,3.28,3.99,4.53
02-Jul-2008,2.60,3.31,3.99,4.51
01-Jul-2008,2.63,3.33,4.01,4.55
30-Jun-2008,2.63,3.34,3.99,4.53
27-Jun-2008,2.65,3.36,3.99,4.53
26-Jun-2008,2.68,3.44,4.07,4.62
25-Jun-2008,2.82,3.54,4.12,4.65
24-Jun-2008,2.87,3.52,4.10,4.65
23-Jun-2008,2.98,3.65,4.19,4.71
20-Jun-2008,2.88,3.57,4.16,4.71
19-Jun-2008,2.99,3.67,4.22,4.76
18-Jun-2008,2.89,3.57,4.16,4.72
17-Jun-2008,2.94,3.66,4.23,4.78
16-Jun-2008,3.02,3.73,4.25,4.77
13-Jun-2008,3.05,3.73,4.27,4.79
12-Jun-2008,3.03,3.68,4.23,4.77
11-Jun-2008,2.83,3.49,4.10,4.72
10-Jun-2008,2.91,3.54,4.11,4.70
09-Jun-2008,2.73,3.41,4.02,4.64
06-Jun-2008,2.40,3.20,3.94,4.65
05-Jun-2008,2.52,3.34,4.06,4.75
04-Jun-2008,2.47,3.26,3.98,4.71
03-Jun-2008,2.45,3.21,3.92,4.63
02-Jun-2008,2.51,3.28,3.98,4.68
30-May-2008,2.66,3.41,4.06,4.72
29-May-2008,2.67,3.41,4.08,4.76
28-May-2008,2.62,3.36,4.03,4.71
27-May-2008,2.55,3.25,3.93,4.65
23-May-2008,2.46,3.15,3.85,4.57
22-May-2008,2.56,3.24,3.92,4.63
21-May-2008,2.41,3.09,3.81,4.55
20-May-2008,2.34,3.02,3.78,4.53
19-May-2008,2.42,3.09,3.83,4.56
16-May-2008,2.47,3.12,3.85,4.58
15-May-2008,2.45,3.10,3.83,4.56
14-May-2008,2.53,3.22,3.92,4.63
13-May-2008,2.47,3.17,3.90,4.62
12-May-2008,2.30,3.00,3.78,4.53
09-May-2008,2.25,2.98,3.77,4.53
08-May-2008,2.25,2.99,3.79,4.50
07-May-2008,2.31,3.09,3.87,4.61
06-May-2008,2.38,3.15,3.93,4.64
05-May-2008,2.42,3.14,3.88,4.58
02-May-2008,2.47,3.18,3.89,4.57
01-May-2008,2.37,3.06,3.78,4.49
30-Apr-2008,2.29,3.03,3.77,4.49
29-Apr-2008,2.35,3.11,3.85,4.55
28-Apr-2008,2.36,3.14,3.86,4.57
25-Apr-2008,2.44,3.20,3.91,4.61
24-Apr-2008,2.41,3.15,3.87,4.56
23-Apr-2008,2.22,2.98,3.77,4.49
22-Apr-2008,2.24,2.96,3.74,4.46
21-Apr-2008,2.20,2.95,3.75,4.48
18-Apr-2008,2.19,2.95,3.77,4.51
17-Apr-2008,2.13,2.90,3.75,4.54
16-Apr-2008,1.98,2.82,3.72,4.54
15-Apr-2008,1.84,2.68,3.60,4.42
14-Apr-2008,1.78,2.60,3.53,4.35
11-Apr-2008,1.76,2.57,3.49,4.30
10-Apr-2008,1.84,2.66,3.55,4.34
09-Apr-2008,1.77,2.59,3.49,4.31
08-Apr-2008,1.87,2.72,3.58,4.37
07-Apr-2008,1.95,2.75,3.57,4.36
04-Apr-2008,1.83,2.63,3.50,4.32
03-Apr-2008,1.91,2.75,3.61,4.40
02-Apr-2008,1.88,2.72,3.60,4.38
01-Apr-2008,1.80,2.65,3.57,4.40
31-Mar-2008,1.62,2.46,3.45,4.30
28-Mar-2008,1.67,2.51,3.47,4.33
27-Mar-2008,1.73,2.61,3.56,4.38
26-Mar-2008,1.71,2.55,3.51,4.33
25-Mar-2008,1.79,2.61,3.51,4.30
24-Mar-2008,1.84,2.64,3.56,4.33
20-Mar-2008,1.59,2.36,3.34,4.17
19-Mar-2008,1.54,2.36,3.38,4.22
18-Mar-2008,1.58,2.42,3.48,4.35
17-Mar-2008,1.35,2.23,3.34,4.29
14-Mar-2008,1.47,2.37,3.44,4.35
13-Mar-2008,1.63,2.53,3.56,4.47
12-Mar-2008,1.63,2.49,3.49,4.40
11-Mar-2008,1.74,2.61,3.60,4.53
10-Mar-2008,1.47,2.37,3.46,4.45
07-Mar-2008,1.53,2.45,3.56,4.55
06-Mar-2008,1.53,2.50,3.62,4.57
05-Mar-2008,1.66,2.59,3.70,4.60
04-Mar-2008,1.65,2.53,3.63,4.52
03-Mar-2008,1.61,2.48,3.54,4.42
29-Feb-2008,1.65,2.50,3.53,4.41
28-Feb-2008,1.87,2.73,3.71,4.55
27-Feb-2008,2.01,2.89,3.85,4.65
26-Feb-2008,2.04,2.92,3.88,4.66
25-Feb-2008,2.13,2.98,3.91,4.67
22-Feb-2008,1.98,2.81,3.79,4.58
21-Feb-2008,1.98,2.80,3.77,4.54
20-Feb-2008,2.14,3.02,3.93,4.65
19-Feb-2008,2.06,2.93,3.89,4.66
15-Feb-2008,1.91,2.76,3.76,4.58
14-Feb-2008,1.93,2.81,3.85,4.67
13-Feb-2008,1.91,2.71,3.70,4.52
12-Feb-2008,1.94,2.71,3.66,4.46
11-Feb-2008,1.93,2.67,3.62,4.41
08-Feb-2008,1.93,2.69,3.64,4.43
07-Feb-2008,1.99,2.79,3.74,4.51
06-Feb-2008,1.96,2.67,3.61,4.37
05-Feb-2008,1.93,2.66,3.61,4.33
04-Feb-2008,2.08,2.78,3.68,4.37
01-Feb-2008,2.09,2.75,3.62,4.32
31-Jan-2008,2.17,2.82,3.67,4.35
30-Jan-2008,2.30,2.96,3.78,4.44
29-Jan-2008,2.29,2.87,3.69,4.34
28-Jan-2008,2.20,2.80,3.61,4.29
25-Jan-2008,2.23,2.81,3.61,4.28
24-Jan-2008,2.25,2.85,3.68,4.36
23-Jan-2008,2.09,2.64,3.51,4.23
22-Jan-2008,2.08,2.64,3.52,4.23
18-Jan-2008,2.36,2.86,3.66,4.28
17-Jan-2008,2.44,2.90,3.66,4.25
16-Jan-2008,2.51,3.00,3.74,4.32
15-Jan-2008,2.53,3.00,3.72,4.28
14-Jan-2008,2.58,3.08,3.81,4.37
11-Jan-2008,2.59,3.06,3.82,4.39
10-Jan-2008,2.71,3.16,3.91,4.44
09-Jan-2008,2.69,3.10,3.82,4.32
08-Jan-2008,2.76,3.16,3.86,4.35
07-Jan-2008,2.76,3.16,3.86,4.34
04-Jan-2008,2.74,3.18,3.88,4.36
03-Jan-2008,2.83,3.26,3.91,4.37
02-Jan-2008,2.88,3.28,3.91,4.35
31-Dec-2007,3.05,3.45,4.04,4.45
28-Dec-2007,3.12,3.52,4.11,4.51
27-Dec-2007,3.24,3.64,4.21,4.61
26-Dec-2007,3.31,3.72,4.30,4.68
24-Dec-2007,3.24,3.65,4.23,4.62
21-Dec-2007,3.19,3.58,4.18,4.58
20-Dec-2007,3.09,3.45,4.04,4.46
19-Dec-2007,3.12,3.46,4.06,4.47
18-Dec-2007,3.19,3.53,4.14,4.55
17-Dec-2007,3.24,3.57,4.20,4.62
14-Dec-2007,3.31,3.63,4.24,4.66
13-Dec-2007,3.21,3.54,4.18,4.61
12-Dec-2007,3.07,3.41,4.05,4.51
11-Dec-2007,2.94,3.32,3.98,4.47
10-Dec-2007,3.17,3.54,4.15,4.60
07-Dec-2007,3.12,3.51,4.12,4.58
06-Dec-2007,3.03,3.39,4.02,4.49
05-Dec-2007,2.90,3.28,3.92,4.39
04-Dec-2007,2.90,3.28,3.89,4.34
03-Dec-2007,2.90,3.28,3.89,4.34
30-Nov-2007,3.04,3.41,3.97,4.40
29-Nov-2007,3.06,3.42,3.94,4.35
28-Nov-2007,3.17,3.50,4.03,4.41
27-Nov-2007,3.05,3.38,3.95,4.36
26-Nov-2007,2.92,3.23,3.83,4.26
23-Nov-2007,3.07,3.42,4.01,4.43
21-Nov-2007,2.99,3.40,4.00,4.46
20-Nov-2007,3.14,3.52,4.06,4.49
19-Nov-2007,3.18,3.57,4.07,4.47
16-Nov-2007,3.33,3.68,4.15,4.52
15-Nov-2007,3.35,3.71,4.17,4.54
14-Nov-2007,3.57,3.86,4.28,4.61
13-Nov-2007,3.54,3.84,4.26,4.61
09-Nov-2007,3.42,3.77,4.23,4.61
08-Nov-2007,3.47,3.81,4.28,4.67
07-Nov-2007,3.61,3.92,4.34,4.67
06-Nov-2007,3.70,3.99,4.38,4.66
05-Nov-2007,3.69,3.96,4.35,4.63
02-Nov-2007,3.66,3.93,4.31,4.61
01-Nov-2007,3.77,4.02,4.36,4.64
31-Oct-2007,3.94,4.16,4.48,4.74
30-Oct-2007,3.82,4.06,4.40,4.68
29-Oct-2007,3.79,4.04,4.39,4.66
26-Oct-2007,3.77,4.04,4.41,4.68
25-Oct-2007,3.74,4.01,4.37,4.66
24-Oct-2007,3.74,3.99,4.36,4.64
23-Oct-2007,3.81,4.06,4.41,4.69
22-Oct-2007,3.85,4.08,4.42,4.68
19-Oct-2007,3.80,4.03,4.41,4.68
18-Oct-2007,3.93,4.17,4.52,4.78
17-Oct-2007,4.00,4.22,4.57,4.82
16-Oct-2007,4.12,4.34,4.66,4.90
15-Oct-2007,4.22,4.40,4.69,4.91
12-Oct-2007,4.23,4.42,4.70,4.91
11-Oct-2007,4.13,4.36,4.66,4.87
10-Oct-2007,4.15,4.37,4.65,4.86
09-Oct-2007,4.15,4.38,4.67,4.87
05-Oct-2007,4.08,4.33,4.65,4.87
04-Oct-2007,4.00,4.22,4.54,4.77
03-Oct-2007,4.02,4.24,4.55,4.79
02-Oct-2007,3.98,4.20,4.54,4.77
01-Oct-2007,4.02,4.24,4.56,4.79
28-Sep-2007,3.97,4.23,4.59,4.83
27-Sep-2007,3.95,4.22,4.58,4.84
26-Sep-2007,3.97,4.27,4.63,4.90
25-Sep-2007,4.00,4.26,4.63,4.89
24-Sep-2007,4.05,4.31,4.63,4.88
21-Sep-2007,4.06,4.31,4.64,4.89
20-Sep-2007,4.10,4.35,4.69,4.96
19-Sep-2007,4.00,4.20,4.53,4.83
18-Sep-2007,4.00,4.19,4.50,4.77
17-Sep-2007,4.08,4.21,4.48,4.72
14-Sep-2007,4.05,4.18,4.47,4.72
13-Sep-2007,4.08,4.22,4.49,4.75
12-Sep-2007,3.95,4.11,4.41,4.68
11-Sep-2007,3.95,4.07,4.37,4.65
10-Sep-2007,3.87,4.00,4.34,4.65
07-Sep-2007,3.90,4.03,4.38,4.70
06-Sep-2007,4.08,4.20,4.51,4.79
05-Sep-2007,4.03,4.16,4.48,4.78
04-Sep-2007,4.13,4.26,4.56,4.84
31-Aug-2007,4.15,4.25,4.54,4.83
30-Aug-2007,4.08,4.21,4.51,4.83
29-Aug-2007,4.14,4.31,4.57,4.88
28-Aug-2007,4.13,4.25,4.53,4.86
27-Aug-2007,4.28,4.39,4.60,4.87
24-Aug-2007,4.30,4.42,4.63,4.88
23-Aug-2007,4.20,4.36,4.62,4.93
22-Aug-2007,4.15,4.34,4.63,4.96
21-Aug-2007,4.05,4.27,4.60,4.95
20-Aug-2007,4.11,4.32,4.64,4.98
17-Aug-2007,4.18,4.35,4.68,5.00
16-Aug-2007,4.08,4.26,4.60,4.92
15-Aug-2007,4.27,4.41,4.69,5.00
14-Aug-2007,4.39,4.51,4.73,4.99
13-Aug-2007,4.46,4.57,4.78,5.01
10-Aug-2007,4.47,4.59,4.81,5.03
09-Aug-2007,4.49,4.58,4.79,5.02
08-Aug-2007,4.64,4.69,4.84,5.01
07-Aug-2007,4.56,4.60,4.77,4.92
06-Aug-2007,4.46,4.52,4.72,4.89
03-Aug-2007,4.46,4.52,4.71,4.87
02-Aug-2007,4.59,4.62,4.77,4.91
01-Aug-2007,4.56,4.60,4.76,4.90
31-Jul-2007,4.56,4.60,4.78,4.92
30-Jul-2007,4.59,4.64,4.82,4.97
27-Jul-2007,4.56,4.60,4.80,4.95
26-Jul-2007,4.56,4.61,4.79,4.95
25-Jul-2007,4.74,4.80,4.92,5.04
24-Jul-2007,4.77,4.82,4.94,5.05
23-Jul-2007,4.80,4.86,4.97,5.07
20-Jul-2007,4.79,4.85,4.96,5.07
19-Jul-2007,4.87,4.94,5.04,5.12
18-Jul-2007,4.84,4.91,5.02,5.10
17-Jul-2007,4.91,4.98,5.08,5.16
16-Jul-2007,4.89,4.95,5.05,5.14
13-Jul-2007,4.94,5.01,5.11,5.19
12-Jul-2007,4.94,5.03,5.13,5.22
11-Jul-2007,4.89,4.98,5.09,5.18
10-Jul-2007,4.85,4.93,5.03,5.14
09-Jul-2007,4.97,5.07,5.16,5.25
06-Jul-2007,4.99,5.10,5.19,5.28
05-Jul-2007,4.99,5.05,5.16,5.24
03-Jul-2007,4.89,4.95,5.05,5.14
02-Jul-2007,4.86,4.90,5.00,5.09
29-Jun-2007,4.87,4.92,5.03,5.12
28-Jun-2007,4.96,5.02,5.12,5.22
27-Jun-2007,4.91,4.97,5.09,5.20
26-Jun-2007,4.90,4.99,5.10,5.22
25-Jun-2007,4.87,4.97,5.09,5.20
22-Jun-2007,4.92,5.02,5.14,5.25
21-Jun-2007,4.98,5.06,5.16,5.28
20-Jun-2007,4.97,5.05,5.14,5.24
19-Jun-2007,4.94,5.00,5.09,5.20
18-Jun-2007,5.01,5.07,5.15,5.26
15-Jun-2007,5.05,5.10,5.16,5.26
14-Jun-2007,5.10,5.16,5.23,5.30
13-Jun-2007,5.08,5.13,5.20,5.28
12-Jun-2007,5.08,5.18,5.26,5.35
11-Jun-2007,5.01,5.07,5.14,5.24
08-Jun-2007,5.01,5.06,5.12,5.22
07-Jun-2007,5.03,5.05,5.11,5.20
06-Jun-2007,4.97,4.94,4.97,5.08
05-Jun-2007,4.99,4.96,4.98,5.07
04-Jun-2007,4.97,4.91,4.93,5.02
01-Jun-2007,4.97,4.92,4.95,5.06
31-May-2007,4.92,4.86,4.90,5.01
30-May-2007,4.89,4.83,4.88,5.01
29-May-2007,4.88,4.82,4.88,5.01
25-May-2007,4.85,4.80,4.86,5.01
24-May-2007,4.85,4.79,4.86,5.00
23-May-2007,4.85,4.79,4.86,5.01
22-May-2007,4.83,4.76,4.83,4.98
21-May-2007,4.81,4.71,4.79,4.94
18-May-2007,4.82,4.74,4.81,4.96
17-May-2007,4.78,4.68,4.76,4.91
16-May-2007,4.73,4.62,4.71,4.88
15-May-2007,4.75,4.63,4.71,4.88
14-May-2007,4.73,4.61,4.69,4.86
11-May-2007,4.71,4.58,4.67,4.85
10-May-2007,4.70,4.56,4.65,4.83
09-May-2007,4.73,4.58,4.67,4.83
08-May-2007,4.68,4.54,4.63,4.80
07-May-2007,4.68,4.55,4.64,4.79
04-May-2007,4.68,4.55,4.65,4.80
03-May-2007,4.71,4.59,4.68,4.84
02-May-2007,4.65,4.55,4.65,4.82
01-May-2007,4.63,4.54,4.64,4.81
30-Apr-2007,4.60,4.51,4.63,4.81
27-Apr-2007,4.67,4.59,4.71,4.89
26-Apr-2007,4.67,4.59,4.69,4.87
25-Apr-2007,4.63,4.55,4.66,4.83
24-Apr-2007,4.58,4.51,4.63,4.80
23-Apr-2007,4.62,4.55,4.66,4.83
20-Apr-2007,4.64,4.57,4.68,4.85
19-Apr-2007,4.64,4.57,4.68,4.84
18-Apr-2007,4.64,4.56,4.66,4.81
17-Apr-2007,4.68,4.61,4.69,4.85
16-Apr-2007,4.74,4.67,4.74,4.89
13-Apr-2007,4.76,4.68,4.76,4.93
12-Apr-2007,4.73,4.66,4.74,4.91
11-Apr-2007,4.73,4.66,4.74,4.92
10-Apr-2007,4.71,4.63,4.73,4.91
09-Apr-2007,4.73,4.66,4.75,4.92
06-Apr-2007,4.75,4.67,4.76,4.92
05-Apr-2007,4.63,4.57,4.68,4.87
04-Apr-2007,4.61,4.55,4.66,4.85
03-Apr-2007,4.63,4.56,4.67,4.85
02-Apr-2007,4.60,4.54,4.65,4.84
30-Mar-2007,4.58,4.54,4.65,4.84
29-Mar-2007,4.58,4.53,4.64,4.83
28-Mar-2007,4.53,4.50,4.62,4.83
27-Mar-2007,4.58,4.50,4.62,4.81
26-Mar-2007,4.56,4.48,4.60,4.79
23-Mar-2007,4.60,4.52,4.62,4.80
22-Mar-2007,4.58,4.49,4.60,4.78
21-Mar-2007,4.51,4.43,4.53,4.70
20-Mar-2007,4.60,4.47,4.56,4.71
19-Mar-2007,4.61,4.50,4.58,4.72
16-Mar-2007,4.58,4.47,4.55,4.70
15-Mar-2007,4.57,4.46,4.54,4.69
14-Mar-2007,4.54,4.44,4.53,4.69
13-Mar-2007,4.52,4.41,4.50,4.66
12-Mar-2007,4.62,4.50,4.56,4.69
09-Mar-2007,4.66,4.55,4.59,4.72
08-Mar-2007,4.56,4.45,4.51,4.65
07-Mar-2007,4.54,4.45,4.50,4.64
06-Mar-2007,4.58,4.48,4.53,4.66
05-Mar-2007,4.53,4.45,4.51,4.64
02-Mar-2007,4.56,4.46,4.52,4.65
01-Mar-2007,4.63,4.50,4.56,4.68
28-Feb-2007,4.65,4.52,4.56,4.68
27-Feb-2007,4.59,4.46,4.50,4.62
26-Feb-2007,4.77,4.62,4.63,4.73
23-Feb-2007,4.82,4.67,4.68,4.79
22-Feb-2007,4.87,4.72,4.73,4.83
21-Feb-2007,4.82,4.68,4.69,4.79
20-Feb-2007,4.81,4.67,4.68,4.78
16-Feb-2007,4.83,4.68,4.69,4.79
15-Feb-2007,4.83,4.68,4.70,4.81
14-Feb-2007,4.87,4.72,4.74,4.83
13-Feb-2007,4.95,4.81,4.82,4.90
12-Feb-2007,4.94,4.80,4.80,4.88
09-Feb-2007,4.92,4.78,4.79,4.87
08-Feb-2007,4.87,4.73,4.73,4.81
07-Feb-2007,4.87,4.74,4.74,4.86
06-Feb-2007,4.90,4.76,4.77,4.87
05-Feb-2007,4.92,4.80,4.81,4.91
02-Feb-2007,4.94,4.82,4.83,4.93
01-Feb-2007,4.96,4.84,4.84,4.93
31-Jan-2007,4.94,4.82,4.83,4.93
30-Jan-2007,4.98,4.86,4.88,4.98
29-Jan-2007,4.99,4.89,4.90,4.99
26-Jan-2007,4.99,4.87,4.88,4.98
25-Jan-2007,4.98,4.85,4.87,4.96
24-Jan-2007,4.93,4.81,4.81,4.91
23-Jan-2007,4.94,4.81,4.81,4.90
22-Jan-2007,4.91,4.77,4.76,4.84
19-Jan-2007,4.93,4.78,4.78,4.87
18-Jan-2007,4.89,4.75,4.75,4.85
17-Jan-2007,4.91,4.78,4.79,4.88
16-Jan-2007,4.86,4.74,4.75,4.85
12-Jan-2007,4.88,4.76,4.77,4.86
11-Jan-2007,4.86,4.73,4.74,4.82
10-Jan-2007,4.81,4.68,4.69,4.77
09-Jan-2007,4.79,4.65,4.66,4.74
08-Jan-2007,4.78,4.66,4.66,4.74
05-Jan-2007,4.76,4.65,4.65,4.74
04-Jan-2007,4.71,4.61,4.62,4.72
03-Jan-2007,4.76,4.66,4.67,4.77
02-Jan-2007,4.80,4.68,4.68,4.79
29-Dec-2006,4.82,4.70,4.71,4.81
28-Dec-2006,4.82,4.69,4.70,4.81
27-Dec-2006,4.77,4.64,4.66,4.78
26-Dec-2006,4.71,4.58,4.61,4.73
22-Dec-2006,4.71,4.59,4.63,4.76
21-Dec-2006,4.66,4.52,4.55,4.70
20-Dec-2006,4.71,4.57,4.60,4.73
19-Dec-2006,4.71,4.57,4.60,4.73
18-Dec-2006,4.71,4.57,4.60,4.72
15-Dec-2006,4.73,4.57,4.60,4.72
14-Dec-2006,4.73,4.58,4.60,4.72
13-Dec-2006,4.70,4.54,4.58,4.69
12-Dec-2006,4.61,4.45,4.49,4.60
11-Dec-2006,4.67,4.50,4.52,4.63
08-Dec-2006,4.68,4.53,4.56,4.66
07-Dec-2006,4.58,4.45,4.49,4.60
06-Dec-2006,4.59,4.44,4.48,4.60
05-Dec-2006,4.52,4.39,4.45,4.57
04-Dec-2006,4.52,4.39,4.43,4.55
01-Dec-2006,4.52,4.39,4.43,4.54
30-Nov-2006,4.62,4.45,4.46,4.56
29-Nov-2006,4.69,4.51,4.52,4.61
28-Nov-2006,4.67,4.50,4.51,4.59
27-Nov-2006,4.71,4.54,4.54,4.62
24-Nov-2006,4.73,4.55,4.55,4.63
22-Nov-2006,4.74,4.57,4.57,4.65
21-Nov-2006,4.75,4.58,4.58,4.66
20-Nov-2006,4.76,4.60,4.60,4.68
17-Nov-2006,4.76,4.60,4.61,4.69
16-Nov-2006,4.85,4.67,4.66,4.74
15-Nov-2006,4.80,4.62,4.61,4.69
14-Nov-2006,4.74,4.57,4.57,4.66
13-Nov-2006,4.76,4.60,4.61,4.71
10-Nov-2006,4.73,4.57,4.59,4.69
09-Nov-2006,4.75,4.60,4.62,4.73
08-Nov-2006,4.75,4.61,4.64,4.73
07-Nov-2006,4.77,4.63,4.66,4.76
06-Nov-2006,4.82,4.69,4.71,4.79
03-Nov-2006,4.82,4.70,4.72,4.81
02-Nov-2006,4.67,4.55,4.60,4.72
01-Nov-2006,4.66,4.52,4.57,4.68
31-Oct-2006,4.71,4.57,4.61,4.72
30-Oct-2006,4.78,4.64,4.68,4.78
27-Oct-2006,4.76,4.64,4.68,4.80
26-Oct-2006,4.81,4.69,4.73,4.84
25-Oct-2006,4.88,4.75,4.78,4.89
24-Oct-2006,4.91,4.81,4.83,4.95
23-Oct-2006,4.90,4.80,4.83,4.95
20-Oct-2006,4.87,4.76,4.79,4.91
19-Oct-2006,4.85,4.75,4.79,4.91
18-Oct-2006,4.85,4.74,4.77,4.89
17-Oct-2006,4.83,4.73,4.78,4.91
16-Oct-2006,4.85,4.76,4.79,4.92
13-Oct-2006,4.87,4.77,4.81,4.94
12-Oct-2006,4.85,4.74,4.79,4.91
11-Oct-2006,4.85,4.75,4.78,4.91
10-Oct-2006,4.82,4.71,4.75,4.88
06-Oct-2006,4.74,4.64,4.70,4.84
05-Oct-2006,4.65,4.55,4.61,4.76
04-Oct-2006,4.60,4.50,4.57,4.72
03-Oct-2006,4.67,4.56,4.62,4.76
02-Oct-2006,4.66,4.56,4.62,4.76
29-Sep-2006,4.71,4.59,4.64,4.77
28-Sep-2006,4.68,4.57,4.63,4.76
27-Sep-2006,4.66,4.56,4.60,4.73
26-Sep-2006,4.68,4.55,4.59,4.71
25-Sep-2006,4.63,4.51,4.56,4.70
22-Sep-2006,4.67,4.55,4.60,4.74
21-Sep-2006,4.71,4.60,4.65,4.78
20-Sep-2006,4.81,4.70,4.73,4.85
19-Sep-2006,4.79,4.69,4.74,4.86
18-Sep-2006,4.88,4.77,4.81,4.93
15-Sep-2006,4.87,4.76,4.80,4.92
14-Sep-2006,4.83,4.74,4.79,4.92
13-Sep-2006,4.80,4.70,4.77,4.90
12-Sep-2006,4.82,4.71,4.78,4.91
11-Sep-2006,4.83,4.74,4.80,4.95
08-Sep-2006,4.80,4.71,4.78,4.92
07-Sep-2006,4.82,4.74,4.80,4.94
06-Sep-2006,4.82,4.75,4.80,4.95
05-Sep-2006,4.80,4.73,4.78,4.93
01-Sep-2006,4.77,4.68,4.73,4.87
31-Aug-2006,4.79,4.70,4.74,4.88
30-Aug-2006,4.83,4.72,4.76,4.91
29-Aug-2006,4.87,4.77,4.79,4.93
28-Aug-2006,4.88,4.77,4.80,4.94
25-Aug-2006,4.86,4.76,4.79,4.93
24-Aug-2006,4.88,4.78,4.81,4.94
23-Aug-2006,4.87,4.77,4.82,4.95
22-Aug-2006,4.87,4.77,4.82,4.95
21-Aug-2006,4.85,4.77,4.82,4.96
18-Aug-2006,4.87,4.78,4.84,4.97
17-Aug-2006,4.89,4.82,4.87,5.00
16-Aug-2006,4.87,4.81,4.87,5.00
15-Aug-2006,4.94,4.88,4.93,5.05
14-Aug-2006,5.01,4.95,5.00,5.12
11-Aug-2006,4.96,4.91,4.97,5.09
10-Aug-2006,4.93,4.86,4.93,5.06
09-Aug-2006,4.91,4.86,4.92,5.05
08-Aug-2006,4.91,4.85,4.93,5.02
07-Aug-2006,4.96,4.86,4.93,5.00
04-Aug-2006,4.91,4.84,4.91,5.00
03-Aug-2006,4.98,4.90,4.96,5.04
02-Aug-2006,4.97,4.88,4.96,5.05
01-Aug-2006,4.97,4.90,4.99,5.07
31-Jul-2006,4.97,4.91,4.99,5.07
28-Jul-2006,4.98,4.92,5.00,5.07
27-Jul-2006,5.07,4.98,5.07,5.11
26-Jul-2006,5.06,4.99,5.04,5.10
25-Jul-2006,5.11,5.02,5.07,5.13
24-Jul-2006,5.10,4.99,5.05,5.11
21-Jul-2006,5.08,4.99,5.05,5.10
20-Jul-2006,5.06,4.98,5.03,5.08
19-Jul-2006,5.12,5.02,5.06,5.10
18-Jul-2006,5.19,5.10,5.13,5.16
17-Jul-2006,5.12,5.04,5.07,5.10
14-Jul-2006,5.08,5.02,5.07,5.11
13-Jul-2006,5.12,5.04,5.08,5.12
12-Jul-2006,5.17,5.08,5.10,5.14
11-Jul-2006,5.17,5.07,5.10,5.14
10-Jul-2006,5.17,5.10,5.13,5.17
07-Jul-2006,5.17,5.10,5.14,5.18
06-Jul-2006,5.22,5.15,5.19,5.23
05-Jul-2006,5.24,5.19,5.23,5.27
03-Jul-2006,5.17,5.11,5.15,5.20
30-Jun-2006,5.16,5.10,5.15,5.19
29-Jun-2006,5.21,5.17,5.22,5.26
28-Jun-2006,5.29,5.23,5.25,5.28
27-Jun-2006,5.24,5.19,5.21,5.24
26-Jun-2006,5.27,5.22,5.25,5.28
23-Jun-2006,5.27,5.21,5.23,5.26
22-Jun-2006,5.23,5.18,5.20,5.23
21-Jun-2006,5.20,5.14,5.16,5.19
20-Jun-2006,5.19,5.13,5.15,5.19
19-Jun-2006,5.19,5.12,5.14,5.18
16-Jun-2006,5.16,5.10,5.13,5.17
15-Jun-2006,5.14,5.08,5.10,5.13
14-Jun-2006,5.11,5.03,5.05,5.09
13-Jun-2006,5.02,4.93,4.97,5.01
12-Jun-2006,5.02,4.95,4.99,5.03
09-Jun-2006,5.01,4.95,4.98,5.03
08-Jun-2006,5.01,4.95,5.00,5.06
07-Jun-2006,5.02,4.97,5.02,5.09
06-Jun-2006,4.99,4.95,5.01,5.08
05-Jun-2006,4.99,4.95,5.02,5.10
02-Jun-2006,4.92,4.90,5.00,5.10
01-Jun-2006,5.04,5.03,5.11,5.20
31-May-2006,5.04,5.04,5.12,5.21
30-May-2006,4.99,4.99,5.09,5.19
26-May-2006,4.96,4.95,5.06,5.16
25-May-2006,4.98,4.97,5.07,5.17
24-May-2006,4.94,4.93,5.03,5.13
23-May-2006,4.97,4.98,5.07,5.16
22-May-2006,4.94,4.94,5.04,5.13
19-May-2006,4.96,4.96,5.05,5.14
18-May-2006,4.94,4.96,5.08,5.18
17-May-2006,4.97,5.03,5.16,5.28
16-May-2006,4.96,4.99,5.10,5.22
15-May-2006,4.99,5.04,5.15,5.26
12-May-2006,5.01,5.08,5.19,5.29
11-May-2006,4.99,5.04,5.14,5.23
10-May-2006,5.01,5.03,5.13,5.19
09-May-2006,4.97,5.01,5.13,5.20
08-May-2006,4.97,5.01,5.12,5.19
05-May-2006,4.94,4.99,5.12,5.20
04-May-2006,4.97,5.03,5.16,5.23
03-May-2006,4.94,5.01,5.15,5.24
02-May-2006,4.92,4.98,5.12,5.20
01-May-2006,4.94,4.99,5.14,5.23
28-Apr-2006,4.87,4.92,5.07,5.17
27-Apr-2006,4.91,4.95,5.09,5.18
26-Apr-2006,4.99,5.02,5.12,5.18
25-Apr-2006,4.95,4.98,5.07,5.16
24-Apr-2006,4.89,4.90,4.99,5.07
21-Apr-2006,4.90,4.92,5.01,5.10
20-Apr-2006,4.89,4.92,5.04,5.14
19-Apr-2006,4.86,4.91,5.04,5.13
18-Apr-2006,4.84,4.87,4.99,5.07
17-Apr-2006,4.91,4.93,5.01,5.08
13-Apr-2006,4.96,4.97,5.05,5.11
12-Apr-2006,4.91,4.91,4.98,5.05
11-Apr-2006,4.88,4.86,4.93,5.00
10-Apr-2006,4.89,4.89,4.97,5.04
07-Apr-2006,4.89,4.89,4.97,5.04
06-Apr-2006,4.84,4.84,4.90,4.96
05-Apr-2006,4.81,4.79,4.84,4.90
04-Apr-2006,4.84,4.82,4.87,4.91
03-Apr-2006,4.86,4.85,4.88,4.90
31-Mar-2006,4.82,4.82,4.86,4.90
30-Mar-2006,4.84,4.83,4.86,4.89
29-Mar-2006,4.82,4.79,4.81,4.84
28-Mar-2006,4.81,4.79,4.79,4.80
27-Mar-2006,4.72,4.69,4.70,4.73
24-Mar-2006,4.72,4.66,4.67,4.70
23-Mar-2006,4.77,4.73,4.73,4.75
22-Mar-2006,4.74,4.69,4.70,4.73
21-Mar-2006,4.72,4.68,4.71,4.74
20-Mar-2006,4.65,4.61,4.66,4.70
17-Mar-2006,4.65,4.62,4.68,4.72
16-Mar-2006,4.62,4.60,4.65,4.70
15-Mar-2006,4.69,4.69,4.73,4.75
14-Mar-2006,4.66,4.68,4.71,4.71
13-Mar-2006,4.74,4.78,4.77,4.77
10-Mar-2006,4.74,4.77,4.76,4.74
09-Mar-2006,4.72,4.75,4.74,4.72
08-Mar-2006,4.72,4.75,4.73,4.72
07-Mar-2006,4.77,4.76,4.74,4.72
06-Mar-2006,4.77,4.76,4.74,4.72
03-Mar-2006,4.76,4.71,4.68,4.66
02-Mar-2006,4.72,4.68,4.64,4.62
01-Mar-2006,4.71,4.63,4.59,4.56
28-Feb-2006,4.69,4.61,4.55,4.51
27-Feb-2006,4.74,4.66,4.59,4.55
24-Feb-2006,4.74,4.64,4.58,4.52
23-Feb-2006,4.72,4.63,4.56,4.51
22-Feb-2006,4.68,4.57,4.53,4.48
21-Feb-2006,4.71,4.59,4.57,4.53
17-Feb-2006,4.66,4.55,4.54,4.51
16-Feb-2006,4.69,4.59,4.59,4.57
15-Feb-2006,4.71,4.60,4.61,4.58
14-Feb-2006,4.69,4.61,4.62,4.60
13-Feb-2006,4.68,4.58,4.58,4.56
10-Feb-2006,4.69,4.59,4.59,4.55
09-Feb-2006,4.66,4.55,4.54,4.51
08-Feb-2006,4.64,4.55,4.56,4.67
07-Feb-2006,4.61,4.52,4.57,4.64
06-Feb-2006,4.62,4.51,4.55,4.61
03-Feb-2006,4.59,4.50,4.54,4.64
02-Feb-2006,4.59,4.51,4.57,4.68
01-Feb-2006,4.59,4.51,4.57,4.69
31-Jan-2006,4.54,4.47,4.53,4.69
30-Jan-2006,4.52,4.46,4.54,4.67
27-Jan-2006,4.51,4.45,4.52,4.70
26-Jan-2006,4.49,4.44,4.53,4.66
25-Jan-2006,4.46,4.41,4.49,4.62
24-Jan-2006,4.37,4.32,4.40,4.53
23-Jan-2006,4.35,4.30,4.36,4.54
20-Jan-2006,4.37,4.31,4.37,4.54
19-Jan-2006,4.37,4.31,4.38,4.51
18-Jan-2006,4.33,4.28,4.34,4.53
17-Jan-2006,4.33,4.27,4.34,4.52
13-Jan-2006,4.34,4.28,4.36,4.49
12-Jan-2006,4.39,4.35,4.42,4.56
11-Jan-2006,4.44,4.39,4.46,4.61
10-Jan-2006,4.41,4.36,4.43,4.62
09-Jan-2006,4.36,4.32,4.38,4.53
06-Jan-2006,4.36,4.32,4.38,4.53
05-Jan-2006,4.32,4.29,4.36,4.51
04-Jan-2006,4.31,4.28,4.36,4.55
03-Jan-2006,4.34,4.30,4.37,4.52
30-Dec-2005,4.41,4.35,4.39,4.51
29-Dec-2005,4.38,4.33,4.37,4.49
28-Dec-2005,4.37,4.32,4.38,4.51
27-Dec-2005,4.35,4.30,4.34,4.48
23-Dec-2005,4.37,4.32,4.38,4.52
22-Dec-2005,4.40,4.38,4.44,4.59
21-Dec-2005,4.43,4.42,4.49,4.65
20-Dec-2005,4.42,4.40,4.47,4.63
19-Dec-2005,4.38,4.37,4.45,4.62
16-Dec-2005,4.37,4.36,4.45,4.63
15-Dec-2005,4.37,4.38,4.47,4.62
14-Dec-2005,4.37,4.36,4.45,4.63
13-Dec-2005,4.43,4.44,4.54,4.68
12-Dec-2005,4.45,4.46,4.56,4.69
09-Dec-2005,4.43,4.44,4.54,4.72
08-Dec-2005,4.37,4.36,4.47,4.62
07-Dec-2005,4.42,4.43,4.52,4.67
06-Dec-2005,4.42,4.42,4.49,4.68
05-Dec-2005,4.47,4.50,4.57,4.72
02-Dec-2005,4.43,4.45,4.52,4.68
01-Dec-2005,4.45,4.45,4.52,4.68
30-Nov-2005,4.42,4.42,4.49,4.66
29-Nov-2005,4.40,4.40,4.48,4.65
28-Nov-2005,4.33,4.32,4.41,4.58
25-Nov-2005,4.33,4.34,4.43,4.66
23-Nov-2005,4.36,4.38,4.47,4.70
22-Nov-2005,4.32,4.34,4.43,4.65
21-Nov-2005,4.39,4.39,4.46,4.62
18-Nov-2005,4.40,4.43,4.50,4.68
17-Nov-2005,4.37,4.39,4.46,4.60
16-Nov-2005,4.42,4.43,4.49,4.63
15-Nov-2005,4.47,4.51,4.56,4.70
14-Nov-2005,4.50,4.54,4.61,4.75
10-Nov-2005,4.44,4.49,4.55,4.74
09-Nov-2005,4.49,4.55,4.64,4.78
08-Nov-2005,4.43,4.49,4.57,4.75
07-Nov-2005,4.47,4.55,4.65,4.82
04-Nov-2005,4.47,4.56,4.66,4.84
03-Nov-2005,4.47,4.55,4.65,4.79
02-Nov-2005,4.43,4.50,4.61,4.74
01-Nov-2005,4.42,4.47,4.58,4.74
31-Oct-2005,4.40,4.45,4.57,4.73
28-Oct-2005,4.40,4.46,4.58,4.74
27-Oct-2005,4.36,4.43,4.57,4.74
26-Oct-2005,4.38,4.46,4.60,4.77
25-Oct-2005,4.34,4.41,4.54,4.70
24-Oct-2005,4.25,4.32,4.45,4.63
21-Oct-2005,4.22,4.26,4.39,4.58
20-Oct-2005,4.27,4.33,4.46,4.62
19-Oct-2005,4.25,4.32,4.47,4.66
18-Oct-2005,4.27,4.34,4.49,4.64
17-Oct-2005,4.29,4.36,4.50,4.68
14-Oct-2005,4.27,4.34,4.48,4.67
13-Oct-2005,4.24,4.32,4.48,4.66
12-Oct-2005,4.24,4.32,4.45,4.62
11-Oct-2005,4.22,4.27,4.39,4.56
07-Oct-2005,4.18,4.23,4.35,4.53
06-Oct-2005,4.20,4.23,4.37,4.55
05-Oct-2005,4.21,4.23,4.36,4.54
04-Oct-2005,4.22,4.24,4.38,4.61
03-Oct-2005,4.21,4.25,4.39,4.58
30-Sep-2005,4.18,4.18,4.34,4.53
29-Sep-2005,4.13,4.14,4.29,4.50
28-Sep-2005,4.09,4.11,4.26,4.46
27-Sep-2005,4.08,4.13,4.30,4.56
26-Sep-2005,4.07,4.11,4.30,4.56
23-Sep-2005,4.02,4.07,4.25,4.47
22-Sep-2005,3.95,3.99,4.19,4.47
21-Sep-2005,3.96,4.01,4.19,4.47
20-Sep-2005,4.00,4.06,4.26,4.49
19-Sep-2005,3.93,4.02,4.25,4.55
16-Sep-2005,3.97,4.05,4.26,4.56
15-Sep-2005,3.90,3.99,4.22,4.51
14-Sep-2005,3.90,3.96,4.17,4.41
13-Sep-2005,3.88,3.93,4.14,4.38
12-Sep-2005,3.92,3.98,4.18,4.45
09-Sep-2005,3.88,3.94,4.14,4.36
08-Sep-2005,3.87,3.94,4.15,4.43
07-Sep-2005,3.87,3.93,4.15,4.43
06-Sep-2005,3.80,3.89,4.09,4.36
02-Sep-2005,3.75,3.85,4.03,4.26
01-Sep-2005,3.72,3.85,4.02,4.28
31-Aug-2005,3.84,3.87,4.02,4.23
30-Aug-2005,3.97,4.03,4.16,4.34
29-Aug-2005,4.06,4.08,4.20,4.37
26-Aug-2005,4.06,4.09,4.20,4.38
25-Aug-2005,4.00,4.06,4.18,4.37
24-Aug-2005,3.99,4.06,4.19,4.38
23-Aug-2005,4.01,4.07,4.20,4.39
22-Aug-2005,4.03,4.08,4.22,4.40
19-Aug-2005,4.03,4.08,4.21,4.40
18-Aug-2005,4.01,4.08,4.21,4.40
17-Aug-2005,4.07,4.15,4.28,4.49
16-Aug-2005,4.03,4.10,4.23,4.41
15-Aug-2005,4.08,4.15,4.27,4.45
12-Aug-2005,4.05,4.11,4.24,4.42
11-Aug-2005,4.10,4.18,4.32,4.51
10-Aug-2005,4.13,4.24,4.40,4.56
09-Aug-2005,4.13,4.25,4.41,4.56
08-Aug-2005,4.16,4.28,4.42,4.58
05-Aug-2005,4.11,4.24,4.40,4.56
04-Aug-2005,4.04,4.15,4.32,4.50
03-Aug-2005,4.02,4.13,4.30,4.48
02-Aug-2005,4.06,4.17,4.34,4.52
01-Aug-2005,4.04,4.16,4.32,4.46
29-Jul-2005,4.02,4.12,4.28,4.42
28-Jul-2005,3.96,4.04,4.20,4.38
27-Jul-2005,3.99,4.09,4.27,4.42
26-Jul-2005,3.95,4.06,4.24,4.44
25-Jul-2005,3.95,4.06,4.25,4.44
22-Jul-2005,3.92,4.04,4.23,4.39
21-Jul-2005,3.96,4.09,4.28,4.48
20-Jul-2005,3.90,3.99,4.17,4.37
19-Jul-2005,3.88,3.99,4.20,4.41
18-Jul-2005,3.89,4.01,4.22,4.44
15-Jul-2005,3.86,3.98,4.18,4.39
14-Jul-2005,3.86,3.98,4.19,4.40
13-Jul-2005,3.84,3.96,4.17,4.38
12-Jul-2005,3.82,3.94,4.15,4.36
11-Jul-2005,3.81,3.91,4.11,4.30
08-Jul-2005,3.78,3.89,4.11,4.33
07-Jul-2005,3.71,3.83,4.05,4.28
06-Jul-2005,3.77,3.86,4.08,4.31
05-Jul-2005,3.79,3.90,4.11,4.34
01-Jul-2005,3.76,3.84,4.06,4.28
30-Jun-2005,3.66,3.72,3.94,4.19
29-Jun-2005,3.65,3.77,3.99,4.24
28-Jun-2005,3.65,3.76,3.97,4.22
27-Jun-2005,3.60,3.69,3.90,4.25
24-Jun-2005,3.59,3.69,3.92,4.23
23-Jun-2005,3.63,3.74,3.96,4.27
22-Jun-2005,3.62,3.72,3.95,4.23
21-Jun-2005,3.71,3.84,4.06,4.32
20-Jun-2005,3.72,3.88,4.11,4.34
17-Jun-2005,3.72,3.88,4.09,4.35
16-Jun-2005,3.70,3.87,4.09,4.36
15-Jun-2005,3.72,3.90,4.12,4.44
14-Jun-2005,3.71,3.89,4.13,4.41
13-Jun-2005,3.71,3.87,4.09,4.39
10-Jun-2005,3.71,3.84,4.05,4.30
09-Jun-2005,3.64,3.76,3.98,4.23
08-Jun-2005,3.60,3.73,3.95,4.24
07-Jun-2005,3.57,3.70,3.92,4.18
06-Jun-2005,3.59,3.73,3.96,4.23
03-Jun-2005,3.57,3.73,3.98,4.26
02-Jun-2005,3.52,3.65,3.89,4.20
01-Jun-2005,3.50,3.63,3.91,4.27
31-May-2005,3.60,3.76,4.00,4.36
27-May-2005,3.64,3.82,4.08,4.45
26-May-2005,3.64,3.82,4.08,4.45
25-May-2005,3.61,3.81,4.08,4.40
24-May-2005,3.61,3.78,4.04,4.35
23-May-2005,3.65,3.83,4.07,4.38
20-May-2005,3.69,3.88,4.13,4.44
19-May-2005,3.64,3.84,4.11,4.44
18-May-2005,3.56,3.77,4.07,4.42
17-May-2005,3.61,3.82,4.12,4.47
16-May-2005,3.61,3.83,4.13,4.49
13-May-2005,3.61,3.83,4.12,4.48
12-May-2005,3.66,3.87,4.18,4.54
11-May-2005,3.68,3.91,4.21,4.54
10-May-2005,3.69,3.93,4.23,4.60
09-May-2005,3.76,3.99,4.29,4.64
06-May-2005,3.73,3.95,4.28,4.62
05-May-2005,3.58,3.82,4.19,4.60
04-May-2005,3.63,3.87,4.20,4.60
03-May-2005,3.68,3.90,4.21,4.49
02-May-2005,3.64,3.88,4.21,4.53
29-Apr-2005,3.66,3.90,4.21,4.53
28-Apr-2005,3.59,3.85,4.19,4.52
27-Apr-2005,3.64,3.92,4.25,4.57
26-Apr-2005,3.67,3.96,4.28,4.59
25-Apr-2005,3.64,3.94,4.26,4.54
22-Apr-2005,3.62,3.92,4.26,4.60
21-Apr-2005,3.65,3.97,4.32,4.62
20-Apr-2005,3.52,3.86,4.22,4.59
19-Apr-2005,3.50,3.85,4.21,4.53
18-Apr-2005,3.55,3.90,4.27,4.62
15-Apr-2005,3.54,3.90,4.27,4.66
14-Apr-2005,3.60,3.99,4.37,4.73
13-Apr-2005,3.66,4.03,4.38,4.68
12-Apr-2005,3.71,4.05,4.38,4.66
11-Apr-2005,3.75,4.13,4.45,4.73
08-Apr-2005,3.77,4.17,4.50,4.77
07-Apr-2005,3.72,4.13,4.49,4.78
06-Apr-2005,3.70,4.09,4.44,4.73
05-Apr-2005,3.75,4.15,4.48,4.75
04-Apr-2005,3.74,4.13,4.47,4.73
01-Apr-2005,3.75,4.13,4.46,4.72
31-Mar-2005,3.80,4.18,4.50,4.76
30-Mar-2005,3.86,4.26,4.56,4.77
29-Mar-2005,3.87,4.30,4.60,4.85
28-Mar-2005,3.90,4.33,4.64,4.88
24-Mar-2005,3.88,4.30,4.60,4.84
23-Mar-2005,3.84,4.30,4.61,4.86
22-Mar-2005,3.86,4.31,4.63,4.88
21-Mar-2005,3.72,4.18,4.53,4.85
18-Mar-2005,3.72,4.18,4.51,4.80
17-Mar-2005,3.70,4.14,4.47,4.75
16-Mar-2005,3.72,4.18,4.52,4.78
15-Mar-2005,3.75,4.22,4.54,4.80
14-Mar-2005,3.75,4.20,4.52,4.77
11-Mar-2005,3.73,4.22,4.56,4.80
10-Mar-2005,3.68,4.13,4.48,4.74
09-Mar-2005,3.66,4.16,4.52,4.84
08-Mar-2005,3.62,4.05,4.38,4.67
07-Mar-2005,3.61,3.99,4.31,4.63
04-Mar-2005,3.57,3.97,4.32,4.66
03-Mar-2005,3.59,4.02,4.39,4.71
02-Mar-2005,3.57,4.00,4.38,4.71
01-Mar-2005,3.59,4.02,4.38,4.69
28-Feb-2005,3.59,4.00,4.36,4.71
25-Feb-2005,3.54,3.91,4.27,4.61
24-Feb-2005,3.52,3.91,4.29,4.67
23-Feb-2005,3.46,3.87,4.27,4.69
22-Feb-2005,3.46,3.88,4.29,4.71
18-Feb-2005,3.45,3.86,4.27,4.65
17-Feb-2005,3.38,3.78,4.19,4.58
16-Feb-2005,3.41,3.78,4.16,4.53
15-Feb-2005,3.37,3.71,4.10,4.48
14-Feb-2005,3.38,3.70,4.08,4.45
11-Feb-2005,3.34,3.70,4.10,4.52
10-Feb-2005,3.29,3.65,4.07,4.50
09-Feb-2005,3.24,3.58,4.00,4.40
08-Feb-2005,3.33,3.68,4.05,4.39
07-Feb-2005,3.31,3.67,4.07,4.43
04-Feb-2005,3.29,3.68,4.09,4.48
03-Feb-2005,3.34,3.76,4.18,4.58
02-Feb-2005,3.32,3.73,4.15,4.61
01-Feb-2005,3.29,3.71,4.15,4.63
31-Jan-2005,3.29,3.71,4.14,4.62
28-Jan-2005,3.25,3.69,4.16,4.64
27-Jan-2005,3.28,3.75,4.22,4.71
26-Jan-2005,3.27,3.73,4.21,4.70
25-Jan-2005,3.23,3.71,4.20,4.71
24-Jan-2005,3.20,3.65,4.14,4.63
21-Jan-2005,3.16,3.65,4.16,4.70
20-Jan-2005,3.21,3.68,4.17,4.71
19-Jan-2005,3.26,3.73,4.20,4.70
18-Jan-2005,3.26,3.72,4.21,4.72
14-Jan-2005,3.24,3.71,4.23,4.78
13-Jan-2005,3.21,3.68,4.20,4.77
12-Jan-2005,3.22,3.72,4.25,4.80
11-Jan-2005,3.24,3.73,4.26,4.84
10-Jan-2005,3.23,3.75,4.29,4.86
07-Jan-2005,3.20,3.73,4.29,4.88
06-Jan-2005,3.18,3.71,4.29,4.89
05-Jan-2005,3.22,3.73,4.29,4.88
04-Jan-2005,3.20,3.72,4.29,4.91
03-Jan-2005,3.10,3.64,4.23,4.85
31-Dec-2004,3.08,3.63,4.24,4.86
30-Dec-2004,3.10,3.64,4.27,4.94
29-Dec-2004,3.12,3.69,4.33,4.97
28-Dec-2004,3.08,3.66,4.31,4.95
27-Dec-2004,3.07,3.65,4.30,4.97
23-Dec-2004,3.02,3.58,4.23,4.90
22-Dec-2004,3.04,3.57,4.21,4.86
21-Dec-2004,3.05,3.57,4.18,4.83
20-Dec-2004,3.06,3.59,4.21,4.88
17-Dec-2004,3.03,3.59,4.21,4.89
16-Dec-2004,3.01,3.58,4.19,4.88
15-Dec-2004,2.97,3.48,4.09,4.76
14-Dec-2004,2.99,3.53,4.14,4.83
13-Dec-2004,2.98,3.54,4.16,4.85
10-Dec-2004,2.95,3.52,4.16,4.87
09-Dec-2004,2.93,3.54,4.19,4.88
08-Dec-2004,2.91,3.53,4.14,4.84
07-Dec-2004,2.95,3.60,4.23,4.95
06-Dec-2004,2.93,3.59,4.24,4.96
03-Dec-2004,2.94,3.61,4.27,4.99
02-Dec-2004,3.04,3.75,4.40,5.11
01-Dec-2004,3.01,3.72,4.38,5.08
30-Nov-2004,3.02,3.72,4.36,5.07
29-Nov-2004,3.07,3.72,4.34,5.03
26-Nov-2004,3.03,3.64,4.24,4.94
24-Nov-2004,3.01,3.61,4.20,4.89
23-Nov-2004,2.98,3.58,4.19,4.89
22-Nov-2004,2.95,3.56,4.18,4.89
19-Nov-2004,2.95,3.57,4.20,4.93
18-Nov-2004,2.86,3.48,4.12,4.86
17-Nov-2004,2.85,3.47,4.14,4.89
16-Nov-2004,2.91,3.56,4.21,4.96
15-Nov-2004,2.89,3.53,4.20,4.98
12-Nov-2004,2.86,3.53,4.20,4.96
10-Nov-2004,2.82,3.56,4.25,5.05
09-Nov-2004,2.80,3.53,4.22,5.02
08-Nov-2004,2.80,3.51,4.22,4.98
05-Nov-2004,2.80,3.51,4.21,4.99
04-Nov-2004,2.63,3.37,4.10,4.89
03-Nov-2004,2.60,3.35,4.09,4.90
02-Nov-2004,2.60,3.34,4.10,4.91
01-Nov-2004,2.61,3.36,4.11,4.92
29-Oct-2004,2.56,3.30,4.05,4.87
28-Oct-2004,2.59,3.34,4.09,4.91
27-Oct-2004,2.63,3.37,4.11,4.96
26-Oct-2004,2.54,3.26,4.01,4.87
25-Oct-2004,2.54,3.25,3.99,4.86
22-Oct-2004,2.55,3.26,4.00,4.87
21-Oct-2004,2.57,3.29,4.01,4.84
20-Oct-2004,2.53,3.26,4.01,4.85
19-Oct-2004,2.57,3.32,4.07,4.91
18-Oct-2004,2.55,3.31,4.07,4.92
15-Oct-2004,2.53,3.31,4.07,4.92
14-Oct-2004,2.48,3.26,4.03,4.93
13-Oct-2004,2.53,3.32,4.09,4.98
12-Oct-2004,2.56,3.35,4.12,4.95
08-Oct-2004,2.61,3.39,4.15,4.98
07-Oct-2004,2.72,3.53,4.26,5.08
06-Oct-2004,2.70,3.51,4.23,5.04
05-Oct-2004,2.65,3.44,4.18,5.04
04-Oct-2004,2.65,3.44,4.19,5.04
01-Oct-2004,2.63,3.44,4.21,5.06
30-Sep-2004,2.63,3.38,4.14,4.97
29-Sep-2004,2.61,3.37,4.10,4.97
28-Sep-2004,2.55,3.28,4.02,4.90
27-Sep-2004,2.59,3.29,4.01,4.84
24-Sep-2004,2.62,3.33,4.04,4.87
23-Sep-2004,2.57,3.30,4.02,4.86
22-Sep-2004,2.50,3.26,4.00,4.88
21-Sep-2004,2.49,3.28,4.05,4.94
20-Sep-2004,2.46,3.28,4.07,4.94
17-Sep-2004,2.53,3.35,4.14,4.99
16-Sep-2004,2.44,3.29,4.08,4.95
15-Sep-2004,2.51,3.39,4.18,5.04
14-Sep-2004,2.47,3.35,4.15,5.01
13-Sep-2004,2.50,3.38,4.16,5.02
10-Sep-2004,2.50,3.40,4.19,5.05
09-Sep-2004,2.50,3.41,4.22,5.07
08-Sep-2004,2.50,3.40,4.18,5.04
07-Sep-2004,2.58,3.48,4.26,5.10
03-Sep-2004,2.61,3.52,4.30,5.14
02-Sep-2004,2.46,3.40,4.20,5.07
01-Sep-2004,2.41,3.32,4.13,5.01
31-Aug-2004,2.41,3.33,4.13,5.01
30-Aug-2004,2.47,3.40,4.19,5.07
27-Aug-2004,2.48,3.43,4.23,5.10
26-Aug-2004,2.48,3.42,4.22,5.10
25-Aug-2004,2.51,3.46,4.26,5.13
24-Aug-2004,2.50,3.46,4.28,5.15
23-Aug-2004,2.50,3.46,4.28,5.15
20-Aug-2004,2.46,3.42,4.24,5.14
19-Aug-2004,2.43,3.39,4.22,5.14
18-Aug-2004,2.44,3.41,4.23,5.11
17-Aug-2004,2.44,3.39,4.21,5.13
16-Aug-2004,2.51,3.45,4.26,5.13
13-Aug-2004,2.47,3.42,4.22,5.11
12-Aug-2004,2.52,3.47,4.27,5.17
11-Aug-2004,2.54,3.51,4.30,5.16
10-Aug-2004,2.55,3.52,4.32,5.17
09-Aug-2004,2.45,3.45,4.28,5.15
06-Aug-2004,2.40,3.40,4.24,5.13
05-Aug-2004,2.64,3.64,4.43,5.22
04-Aug-2004,2.66,3.66,4.45,5.24
03-Aug-2004,2.66,3.67,4.45,5.24
02-Aug-2004,2.66,3.68,4.48,5.26
30-Jul-2004,2.68,3.71,4.50,5.31
29-Jul-2004,2.75,3.80,4.60,5.37
28-Jul-2004,2.78,3.82,4.61,5.42
27-Jul-2004,2.82,3.85,4.62,5.42
26-Jul-2004,2.75,3.73,4.49,5.27
23-Jul-2004,2.69,3.69,4.45,5.27
22-Jul-2004,2.69,3.71,4.48,5.30
21-Jul-2004,2.71,3.72,4.50,5.31
20-Jul-2004,2.67,3.68,4.47,5.25
19-Jul-2004,2.56,3.57,4.38,5.22
16-Jul-2004,2.54,3.56,4.38,5.22
15-Jul-2004,2.64,3.69,4.50,5.28
14-Jul-2004,2.62,3.68,4.50,5.32
13-Jul-2004,2.58,3.66,4.50,5.29
12-Jul-2004,2.53,3.62,4.46,5.26
09-Jul-2004,2.55,3.64,4.49,5.31
08-Jul-2004,2.55,3.65,4.49,5.32
07-Jul-2004,2.56,3.67,4.50,5.32
06-Jul-2004,2.56,3.65,4.49,5.32
02-Jul-2004,2.54,3.62,4.48,5.30
01-Jul-2004,2.64,3.74,4.57,5.35
30-Jun-2004,2.70,3.81,4.62,5.41
29-Jun-2004,2.83,3.92,4.70,5.44
28-Jun-2004,2.86,3.97,4.76,5.49
25-Jun-2004,2.74,3.85,4.66,5.41
24-Jun-2004,2.74,3.85,4.66,5.44
23-Jun-2004,2.78,3.90,4.71,5.45
22-Jun-2004,2.80,3.92,4.72,5.47
21-Jun-2004,2.80,3.91,4.70,5.45
18-Jun-2004,2.81,3.94,4.72,5.46
17-Jun-2004,2.81,3.93,4.71,5.41
16-Jun-2004,2.84,3.96,4.74,5.45
15-Jun-2004,2.77,3.90,4.69,5.45
14-Jun-2004,2.97,4.10,4.89,5.58
10-Jun-2004,2.81,4.00,4.81,5.51
09-Jun-2004,2.79,4.01,4.82,5.53
08-Jun-2004,2.73,3.96,4.78,5.53
07-Jun-2004,2.67,3.95,4.78,5.50
04-Jun-2004,2.70,3.97,4.78,5.54
03-Jun-2004,2.63,3.89,4.71,5.49
02-Jun-2004,2.65,3.91,4.74,5.50
01-Jun-2004,2.60,3.86,4.71,5.48
28-May-2004,2.54,3.81,4.66,5.42
27-May-2004,2.46,3.74,4.60,5.45
26-May-2004,2.52,3.81,4.67,5.46
25-May-2004,2.58,3.89,4.73,5.50
24-May-2004,2.59,3.90,4.75,5.53
21-May-2004,2.60,3.91,4.76,5.53
20-May-2004,2.55,3.86,4.72,5.52
19-May-2004,2.61,3.93,4.79,5.57
18-May-2004,2.58,3.87,4.74,5.56
17-May-2004,2.51,3.83,4.70,5.52
14-May-2004,2.59,3.92,4.79,5.59
13-May-2004,2.67,4.01,4.85,5.61
12-May-2004,2.62,3.96,4.83,5.57
11-May-2004,2.61,3.94,4.79,5.53
10-May-2004,2.61,3.95,4.81,5.54
07-May-2004,2.64,3.96,4.79,5.53
06-May-2004,2.39,3.72,4.63,5.46
05-May-2004,2.34,3.71,4.61,5.46
04-May-2004,2.32,3.66,4.56,5.45
03-May-2004,2.34,3.63,4.53,5.41
30-Apr-2004,2.31,3.63,4.53,5.39
29-Apr-2004,2.34,3.66,4.55,5.41
28-Apr-2004,2.30,3.60,4.50,5.39
27-Apr-2004,2.21,3.52,4.43,5.35
26-Apr-2004,2.28,3.57,4.46,5.36
23-Apr-2004,2.29,3.58,4.48,5.38
22-Apr-2004,2.15,3.46,4.40,5.33
21-Apr-2004,2.22,3.52,4.45,5.36
20-Apr-2004,2.11,3.45,4.43,5.35
19-Apr-2004,2.07,3.42,4.39,5.33
16-Apr-2004,2.03,3.39,4.37,5.31
15-Apr-2004,2.10,3.45,4.42,5.33
14-Apr-2004,2.13,3.44,4.40,5.26
13-Apr-2004,2.01,3.37,4.35,5.25
12-Apr-2004,1.91,3.26,4.25,5.19
08-Apr-2004,1.88,3.22,4.21,5.17
07-Apr-2004,1.87,3.19,4.19,5.18
06-Apr-2004,1.86,3.19,4.19,5.17
05-Apr-2004,1.91,3.24,4.24,5.18
02-Apr-2004,1.86,3.15,4.15,5.13
01-Apr-2004,1.65,2.87,3.91,5.01
31-Mar-2004,1.60,2.80,3.86,4.93
30-Mar-2004,1.63,2.86,3.91,4.96
29-Mar-2004,1.63,2.86,3.91,4.96
26-Mar-2004,1.59,2.81,3.85,4.91
25-Mar-2004,1.51,2.70,3.75,4.86
24-Mar-2004,1.50,2.68,3.73,4.83
23-Mar-2004,1.52,2.69,3.73,4.83
22-Mar-2004,1.52,2.69,3.74,4.84
19-Mar-2004,1.56,2.75,3.80,4.89
18-Mar-2004,1.55,2.72,3.76,4.87
17-Mar-2004,1.53,2.66,3.71,4.83
16-Mar-2004,1.51,2.65,3.70,4.82
15-Mar-2004,1.56,2.74,3.78,4.88
12-Mar-2004,1.54,2.73,3.78,4.89
11-Mar-2004,1.52,2.72,3.74,4.87
10-Mar-2004,1.54,2.71,3.74,4.83
09-Mar-2004,1.51,2.68,3.73,4.85
08-Mar-2004,1.52,2.74,3.78,4.87
05-Mar-2004,1.57,2.81,3.85,4.91
04-Mar-2004,1.73,3.02,4.04,4.99
03-Mar-2004,1.74,3.06,4.07,5.02
02-Mar-2004,1.74,3.04,4.05,5.06
01-Mar-2004,1.67,2.98,4.00,4.99
27-Feb-2004,1.66,3.01,3.99,5.01
26-Feb-2004,1.69,3.01,4.05,5.05
25-Feb-2004,1.67,2.98,4.02,5.02
24-Feb-2004,1.69,3.01,4.04,5.06
23-Feb-2004,1.69,3.03,4.05,5.11
20-Feb-2004,1.75,3.08,4.10,5.09
19-Feb-2004,1.70,3.02,4.05,5.04
18-Feb-2004,1.72,3.03,4.05,5.07
17-Feb-2004,1.70,3.02,4.05,5.07
13-Feb-2004,1.70,3.01,4.05,5.08
12-Feb-2004,1.75,3.07,4.10,5.10
11-Feb-2004,1.73,3.03,4.05,5.06
10-Feb-2004,1.82,3.13,4.13,5.08
09-Feb-2004,1.76,3.08,4.09,5.06
06-Feb-2004,1.77,3.12,4.12,5.08
05-Feb-2004,1.85,3.21,4.20,5.13
04-Feb-2004,1.80,3.15,4.15,5.11
03-Feb-2004,1.78,3.12,4.13,5.11
02-Feb-2004,1.83,3.18,4.18,5.13
30-Jan-2004,1.84,3.17,4.16,5.11
29-Jan-2004,1.88,3.22,4.22,5.13
28-Jan-2004,1.87,3.22,4.22,5.14
27-Jan-2004,1.70,3.07,4.11,5.09
26-Jan-2004,1.75,3.13,4.16,5.14
23-Jan-2004,1.71,3.06,4.09,5.08
22-Jan-2004,1.66,2.96,3.99,5.02
21-Jan-2004,1.69,3.02,4.05,5.06
20-Jan-2004,1.69,3.05,4.08,5.09
16-Jan-2004,1.70,3.03,4.04,5.04
15-Jan-2004,1.67,2.97,3.99,5.03
14-Jan-2004,1.65,2.96,4.01,5.06
13-Jan-2004,1.63,2.98,4.05,5.11
12-Jan-2004,1.68,3.04,4.11,5.12
09-Jan-2004,1.68,3.05,4.11,5.14
08-Jan-2004,1.85,3.24,4.27,5.20
07-Jan-2004,1.84,3.25,4.27,5.22
06-Jan-2004,1.84,3.26,4.29,5.26
05-Jan-2004,1.95,3.39,4.41,5.28
02-Jan-2004,1.94,3.36,4.38,5.30
31-Dec-2003,1.84,3.25,4.27,5.23
30-Dec-2003,1.86,3.26,4.29,5.23
29-Dec-2003,1.86,3.23,4.24,5.18
26-Dec-2003,1.82,3.17,4.17,5.15
24-Dec-2003,1.83,3.20,4.20,5.15
23-Dec-2003,1.96,3.30,4.28,5.20
22-Dec-2003,1.84,3.19,4.18,5.13
19-Dec-2003,1.82,3.16,4.15,5.11
18-Dec-2003,1.85,3.17,4.16,5.10
17-Dec-2003,1.83,3.18,4.19,5.16
16-Dec-2003,1.83,3.21,4.24,5.23
15-Dec-2003,1.88,3.26,4.28,5.24
12-Dec-2003,1.84,3.23,4.26,5.23
11-Dec-2003,1.83,3.21,4.27,5.27
10-Dec-2003,1.94,3.28,4.30,5.28
09-Dec-2003,1.97,3.33,4.32,5.26
08-Dec-2003,1.94,3.28,4.29,5.26
05-Dec-2003,1.88,3.23,4.23,5.20
04-Dec-2003,2.06,3.42,4.38,5.27
03-Dec-2003,2.09,3.46,4.41,5.28
02-Dec-2003,2.07,3.43,4.38,5.25
01-Dec-2003,2.12,3.46,4.40,5.28
28-Nov-2003,2.06,3.38,4.34,5.23
26-Nov-2003,1.97,3.27,4.25,5.20
25-Nov-2003,1.89,3.20,4.19,5.17
24-Nov-2003,1.94,3.24,4.23,5.19
21-Nov-2003,1.84,3.15,4.15,5.13
20-Nov-2003,1.83,3.14,4.16,5.16
19-Nov-2003,1.90,3.22,4.24,5.22
18-Nov-2003,1.83,3.14,4.17,5.15
17-Nov-2003,1.80,3.14,4.18,5.17
14-Nov-2003,1.84,3.19,4.22,5.21
13-Nov-2003,1.92,3.29,4.30,5.24
12-Nov-2003,2.05,3.45,4.44,5.34
10-Nov-2003,2.06,3.49,4.49,5.39
07-Nov-2003,2.04,3.47,4.48,5.38
06-Nov-2003,2.01,3.43,4.45,5.37
05-Nov-2003,1.94,3.35,4.38,5.32
04-Nov-2003,1.86,3.28,4.33,5.27
03-Nov-2003,1.90,3.34,4.40,5.30
31-Oct-2003,1.85,3.27,4.33,5.28
30-Oct-2003,1.86,3.29,4.36,5.33
29-Oct-2003,1.79,3.20,4.31,5.32
28-Oct-2003,1.71,3.11,4.23,5.27
27-Oct-2003,1.83,3.21,4.30,5.30
24-Oct-2003,1.76,3.13,4.24,5.27
23-Oct-2003,1.84,3.24,4.34,5.36
22-Oct-2003,1.80,3.21,4.29,5.30
21-Oct-2003,1.89,3.31,4.38,5.33
20-Oct-2003,1.88,3.33,4.41,5.35
17-Oct-2003,1.90,3.33,4.41,5.37
16-Oct-2003,1.96,3.40,4.47,5.41
15-Oct-2003,1.79,3.30,4.43,5.41
14-Oct-2003,1.73,3.23,4.37,5.40
10-Oct-2003,1.65,3.15,4.29,5.34
09-Oct-2003,1.69,3.17,4.32,5.35
08-Oct-2003,1.65,3.14,4.27,5.33
07-Oct-2003,1.67,3.15,4.27,5.29
06-Oct-2003,1.60,3.06,4.17,5.21
03-Oct-2003,1.65,3.12,4.21,5.23
02-Oct-2003,1.48,2.90,4.03,5.10
01-Oct-2003,1.47,2.84,3.96,5.05
30-Sep-2003,1.50,2.85,3.96,5.07
29-Sep-2003,1.61,2.98,4.09,5.16
26-Sep-2003,1.60,2.95,4.04,5.11
25-Sep-2003,1.65,3.05,4.12,5.17
24-Sep-2003,1.66,3.07,4.16,5.17
23-Sep-2003,1.68,3.13,4.24,5.24
22-Sep-2003,1.70,3.16,4.26,5.28
19-Sep-2003,1.70,3.11,4.17,5.20
18-Sep-2003,1.68,3.09,4.19,5.23
17-Sep-2003,1.63,3.06,4.20,5.26
16-Sep-2003,1.63,3.12,4.29,5.34
15-Sep-2003,1.63,3.12,4.28,5.35
12-Sep-2003,1.66,3.15,4.27,5.33
11-Sep-2003,1.71,3.24,4.35,5.35
10-Sep-2003,1.64,3.18,4.28,5.30
09-Sep-2003,1.71,3.28,4.37,5.36
08-Sep-2003,1.75,3.32,4.41,5.36
05-Sep-2003,1.72,3.28,4.35,5.32
04-Sep-2003,1.91,3.50,4.52,5.40
03-Sep-2003,2.02,3.61,4.60,5.41
02-Sep-2003,2.04,3.63,4.61,5.38
29-Aug-2003,1.95,3.46,4.45,5.30
28-Aug-2003,1.93,3.42,4.42,5.34
27-Aug-2003,2.05,3.55,4.54,5.40
26-Aug-2003,1.96,3.50,4.50,5.39
25-Aug-2003,2.02,3.52,4.53,5.40
22-Aug-2003,1.97,3.47,4.48,5.40
21-Aug-2003,1.98,3.51,4.53,5.43
20-Aug-2003,1.84,3.35,4.45,5.42
19-Aug-2003,1.81,3.27,4.38,5.41
18-Aug-2003,1.87,3.37,4.49,5.50
15-Aug-2003,1.85,3.42,4.55,5.57
14-Aug-2003,1.86,3.42,4.55,5.57
13-Aug-2003,1.86,3.43,4.58,5.60
12-Aug-2003,1.71,3.23,4.37,5.49
11-Aug-2003,1.81,3.26,4.38,5.47
08-Aug-2003,1.72,3.17,4.27,5.40
07-Aug-2003,1.74,3.19,4.30,5.40
06-Aug-2003,1.78,3.25,4.32,5.42
05-Aug-2003,1.88,3.37,4.47,5.51
04-Aug-2003,1.71,3.24,4.35,5.47
01-Aug-2003,1.85,3.37,4.44,5.47
31-Jul-2003,1.80,3.38,4.49,5.56
30-Jul-2003,1.64,3.27,4.34,5.43
29-Jul-2003,1.67,3.33,4.42,5.46
28-Jul-2003,1.61,3.21,4.31,5.39
25-Jul-2003,1.52,3.10,4.22,5.31
24-Jul-2003,1.54,3.08,4.20,5.25
23-Jul-2003,1.54,3.04,4.12,5.20
22-Jul-2003,1.57,3.07,4.17,5.23
21-Jul-2003,1.61,3.10,4.19,5.25
18-Jul-2003,1.51,2.93,4.00,5.09
17-Jul-2003,1.47,2.88,3.98,5.08
16-Jul-2003,1.49,2.87,3.97,5.10
15-Jul-2003,1.45,2.81,3.94,5.12
14-Jul-2003,1.35,2.60,3.74,4.98
11-Jul-2003,1.29,2.52,3.66,4.94
10-Jul-2003,1.33,2.59,3.70,4.94
09-Jul-2003,1.37,2.63,3.73,4.93
08-Jul-2003,1.39,2.65,3.75,4.95
07-Jul-2003,1.36,2.63,3.74,4.98
03-Jul-2003,1.32,2.55,3.67,4.93
02-Jul-2003,1.30,2.47,3.56,4.83
01-Jul-2003,1.30,2.48,3.56,4.86
30-Jun-2003,1.32,2.46,3.54,4.81
27-Jun-2003,1.38,2.52,3.58,4.83
26-Jun-2003,1.41,2.49,3.55,4.81
25-Jun-2003,1.30,2.32,3.38,4.69
24-Jun-2003,1.14,2.21,3.29,4.60
23-Jun-2003,1.17,2.24,3.32,4.64
20-Jun-2003,1.22,2.31,3.40,4.70
19-Jun-2003,1.17,2.28,3.35,4.66
18-Jun-2003,1.27,2.34,3.37,4.64
17-Jun-2003,1.25,2.26,3.27,4.55
16-Jun-2003,1.18,2.14,3.18,4.47
13-Jun-2003,1.10,2.08,3.13,4.42
12-Jun-2003,1.13,2.10,3.18,4.47
11-Jun-2003,1.16,2.16,3.21,4.49
10-Jun-2003,1.13,2.12,3.20,4.51
09-Jun-2003,1.19,2.20,3.29,4.60
06-Jun-2003,1.27,2.29,3.37,4.66
05-Jun-2003,1.25,2.25,3.34,4.63
04-Jun-2003,1.20,2.19,3.30,4.58
03-Jun-2003,1.20,2.25,3.34,4.59
02-Jun-2003,1.33,2.37,3.43,4.64
30-May-2003,1.33,2.30,3.37,4.59
29-May-2003,1.30,2.27,3.34,4.56
28-May-2003,1.35,2.35,3.44,4.63
27-May-2003,1.33,2.34,3.41,4.57
23-May-2003,1.38,2.33,3.34,4.44
22-May-2003,1.36,2.32,3.34,4.50
21-May-2003,1.38,2.37,3.39,4.54
20-May-2003,1.31,2.34,3.38,4.59
19-May-2003,1.35,2.41,3.46,4.67
16-May-2003,1.38,2.43,3.46,4.67
15-May-2003,1.46,2.52,3.53,4.69
14-May-2003,1.41,2.47,3.53,4.76
13-May-2003,1.47,2.58,3.63,4.92
12-May-2003,1.46,2.58,3.64,4.91
09-May-2003,1.45,2.61,3.69,4.95
08-May-2003,1.49,2.62,3.70,4.96
07-May-2003,1.45,2.64,3.72,4.96
06-May-2003,1.45,2.76,3.84,5.02
05-May-2003,1.55,2.87,3.92,5.03
02-May-2003,1.56,2.90,3.94,5.05
01-May-2003,1.50,2.82,3.88,5.01
30-Apr-2003,1.51,2.85,3.89,5.00
29-Apr-2003,1.62,2.94,3.96,5.07
28-Apr-2003,1.59,2.90,3.92,5.04
25-Apr-2003,1.57,2.88,3.91,5.04
24-Apr-2003,1.62,2.92,3.93,5.05
23-Apr-2003,1.70,3.02,4.02,5.10
22-Apr-2003,1.70,3.01,4.01,5.12
21-Apr-2003,1.71,3.03,4.00,5.13
17-Apr-2003,1.71,2.99,3.98,5.12
16-Apr-2003,1.67,2.95,3.96,5.13
15-Apr-2003,1.69,2.96,3.98,5.19
14-Apr-2003,1.74,3.02,4.04,5.20
11-Apr-2003,1.65,2.95,4.00,5.19
10-Apr-2003,1.60,2.89,3.95,5.17
09-Apr-2003,1.55,2.87,3.93,5.15
08-Apr-2003,1.59,2.91,3.95,5.16
07-Apr-2003,1.65,2.99,4.03,5.24
04-Apr-2003,1.55,2.88,3.96,5.20
03-Apr-2003,1.55,2.87,3.93,5.16
02-Apr-2003,1.60,2.89,3.94,5.15
01-Apr-2003,1.50,2.78,3.84,5.06
31-Mar-2003,1.51,2.78,3.83,5.07
28-Mar-2003,1.56,2.86,3.92,5.16
27-Mar-2003,1.62,2.92,3.95,5.17
26-Mar-2003,1.68,2.94,3.96,5.17
25-Mar-2003,1.69,2.97,3.97,5.15
24-Mar-2003,1.71,2.98,3.98,5.15
21-Mar-2003,1.80,3.12,4.11,5.23
20-Mar-2003,1.75,3.02,4.01,5.17
19-Mar-2003,1.72,2.98,3.98,5.14
18-Mar-2003,1.72,2.93,3.91,5.07
17-Mar-2003,1.63,2.82,3.82,5.00
14-Mar-2003,1.56,2.72,3.72,4.93
13-Mar-2003,1.59,2.75,3.74,4.95
12-Mar-2003,1.45,2.57,3.60,4.85
11-Mar-2003,1.38,2.54,3.60,4.90
10-Mar-2003,1.35,2.51,3.59,4.90
07-Mar-2003,1.39,2.56,3.63,4.90
06-Mar-2003,1.47,2.63,3.67,4.93
05-Mar-2003,1.46,2.58,3.63,4.90
04-Mar-2003,1.49,2.62,3.65,4.91
03-Mar-2003,1.52,2.66,3.68,4.92
28-Feb-2003,1.53,2.69,3.71,4.90
27-Feb-2003,1.58,2.75,3.76,4.98
26-Feb-2003,1.57,2.75,3.78,4.97
25-Feb-2003,1.58,2.77,3.81,5.01
24-Feb-2003,1.60,2.82,3.86,5.05
21-Feb-2003,1.63,2.86,3.90,5.08
20-Feb-2003,1.59,2.82,3.85,5.04
19-Feb-2003,1.61,2.87,3.88,5.04
18-Feb-2003,1.66,2.92,3.94,5.10
14-Feb-2003,1.62,2.91,3.95,5.09
13-Feb-2003,1.57,2.85,3.89,5.04
12-Feb-2003,1.62,2.92,3.93,5.08
11-Feb-2003,1.65,3.00,3.98,5.06
10-Feb-2003,1.68,3.03,3.99,5.04
07-Feb-2003,1.63,2.97,3.96,4.98
06-Feb-2003,1.68,3.02,3.97,4.99
05-Feb-2003,1.73,3.07,4.02,5.02
04-Feb-2003,1.68,2.99,3.96,4.99
03-Feb-2003,1.72,3.05,4.01,5.01
31-Jan-2003,1.72,3.02,4.00,5.03
30-Jan-2003,1.70,3.02,4.00,5.06
29-Jan-2003,1.77,3.07,4.06,5.11
28-Jan-2003,1.70,2.99,4.00,5.06
27-Jan-2003,1.70,2.97,3.98,5.06
24-Jan-2003,1.66,2.93,3.94,5.05
23-Jan-2003,1.69,2.97,3.98,5.08
22-Jan-2003,1.66,2.94,3.95,5.07
21-Jan-2003,1.67,3.00,4.01,5.11
17-Jan-2003,1.70,3.05,4.05,5.13
16-Jan-2003,1.75,3.11,4.10,5.16
15-Jan-2003,1.75,3.10,4.10,5.17
14-Jan-2003,1.76,3.10,4.10,5.19
13-Jan-2003,1.81,3.17,4.15,5.23
10-Jan-2003,1.79,3.20,4.16,5.24
09-Jan-2003,1.87,3.23,4.19,5.27
08-Jan-2003,1.71,3.01,4.00,5.13
07-Jan-2003,1.77,3.04,4.04,5.18
06-Jan-2003,1.84,3.10,4.09,5.20
03-Jan-2003,1.79,3.03,4.05,5.18
02-Jan-2003,1.80,3.05,4.07,5.18
31-Dec-2002,1.61,2.78,3.83,5.03
30-Dec-2002,1.61,2.76,3.82,5.02
27-Dec-2002,1.60,2.79,3.83,5.06
26-Dec-2002,1.70,2.89,3.93,5.11
24-Dec-2002,1.73,2.92,3.95,5.11
23-Dec-2002,1.79,2.95,3.98,5.13
20-Dec-2002,1.76,2.93,3.97,5.12
19-Dec-2002,1.74,2.91,3.96,5.15
18-Dec-2002,1.81,3.03,4.06,5.20
17-Dec-2002,1.89,3.11,4.13,5.24
16-Dec-2002,1.94,3.14,4.15,5.21
13-Dec-2002,1.87,3.08,4.07,5.15
12-Dec-2002,1.85,3.03,4.01,5.07
11-Dec-2002,1.85,3.02,4.01,5.04
10-Dec-2002,1.90,3.07,4.06,5.09
09-Dec-2002,1.88,3.08,4.06,5.12
06-Dec-2002,1.89,3.13,4.09,5.15
05-Dec-2002,1.97,3.19,4.13,5.16
04-Dec-2002,2.02,3.25,4.18,5.19
03-Dec-2002,2.08,3.33,4.24,5.23
02-Dec-2002,2.07,3.31,4.22,5.22
29-Nov-2002,2.08,3.28,4.22,5.23
27-Nov-2002,2.13,3.34,4.26,5.28
26-Nov-2002,1.97,3.14,4.08,5.15
25-Nov-2002,2.09,3.26,4.19,5.23
22-Nov-2002,2.10,3.26,4.18,5.22
21-Nov-2002,2.05,3.20,4.14,5.20
20-Nov-2002,1.98,3.13,4.08,5.14
19-Nov-2002,1.91,3.02,3.99,5.06
18-Nov-2002,1.91,3.04,4.02,5.10
15-Nov-2002,1.91,3.05,4.05,5.12
14-Nov-2002,1.89,3.01,4.03,5.16
13-Nov-2002,1.76,2.82,3.84,5.01
12-Nov-2002,1.79,2.83,3.84,5.05
08-Nov-2002,1.87,2.87,3.85,5.05
07-Nov-2002,1.86,2.86,3.88,5.17
06-Nov-2002,1.87,3.01,4.09,5.35
05-Nov-2002,1.82,3.00,4.10,5.33
04-Nov-2002,1.79,3.00,4.07,5.31
01-Nov-2002,1.76,2.92,4.01,5.30
31-Oct-2002,1.68,2.81,3.93,5.28
30-Oct-2002,1.74,2.87,3.99,5.30
29-Oct-2002,1.79,2.89,3.97,5.28
28-Oct-2002,1.88,3.03,4.10,5.35
25-Oct-2002,1.98,3.10,4.12,5.31
24-Oct-2002,2.09,3.18,4.16,5.35
23-Oct-2002,2.20,3.26,4.26,5.39
22-Oct-2002,2.21,3.29,4.27,5.36
21-Oct-2002,2.23,3.28,4.24,5.36
18-Oct-2002,2.09,3.17,4.14,5.32
17-Oct-2002,2.10,3.20,4.16,5.31
16-Oct-2002,2.02,3.11,4.06,5.23
15-Oct-2002,2.08,3.11,4.07,5.22
11-Oct-2002,1.85,2.83,3.83,5.06
10-Oct-2002,1.75,2.68,3.68,4.98
09-Oct-2002,1.72,2.65,3.61,4.95
08-Oct-2002,1.80,2.70,3.65,4.99
07-Oct-2002,1.77,2.67,3.64,4.98
04-Oct-2002,1.78,2.73,3.69,5.00
03-Oct-2002,1.75,2.74,3.70,4.99
02-Oct-2002,1.75,2.74,3.71,4.98
01-Oct-2002,1.80,2.75,3.72,5.01
30-Sep-2002,1.72,2.63,3.63,4.88
27-Sep-2002,1.82,2.74,3.69,4.91
26-Sep-2002,1.97,2.86,3.79,4.93
25-Sep-2002,2.00,2.83,3.77,4.91
24-Sep-2002,1.93,2.76,3.69,4.84
23-Sep-2002,1.93,2.76,3.70,4.88
20-Sep-2002,1.94,2.86,3.79,4.95
19-Sep-2002,1.93,2.87,3.79,4.90
18-Sep-2002,2.04,2.96,3.86,4.95
17-Sep-2002,2.06,2.97,3.87,4.96
16-Sep-2002,2.07,3.00,3.90,4.95
13-Sep-2002,2.07,3.00,3.92,4.97
12-Sep-2002,2.12,3.07,3.98,5.03
11-Sep-2002,2.18,3.15,4.07,5.08
10-Sep-2002,2.12,3.08,4.00,5.03
09-Sep-2002,2.13,3.11,4.05,5.04
06-Sep-2002,2.08,3.10,4.05,5.07
05-Sep-2002,1.95,2.95,3.91,4.98
04-Sep-2002,2.02,3.02,3.96,4.98
03-Sep-2002,2.01,3.04,3.98,5.02
30-Aug-2002,2.14,3.22,4.14,5.11
29-Aug-2002,2.14,3.24,4.16,5.18
28-Aug-2002,2.23,3.31,4.22,5.21
27-Aug-2002,2.26,3.37,4.29,5.25
26-Aug-2002,2.19,3.29,4.22,5.22
23-Aug-2002,2.19,3.31,4.25,5.25
22-Aug-2002,2.22,3.37,4.30,5.27
21-Aug-2002,2.12,3.28,4.20,5.19
20-Aug-2002,2.12,3.25,4.17,5.14
19-Aug-2002,2.25,3.40,4.29,5.21
16-Aug-2002,2.28,3.41,4.32,5.24
15-Aug-2002,2.22,3.28,4.17,5.17
14-Aug-2002,2.12,3.19,4.06,5.08
13-Aug-2002,2.00,3.15,4.12,5.22
12-Aug-2002,2.10,3.24,4.22,5.29
09-Aug-2002,2.10,3.28,4.27,5.35
08-Aug-2002,2.10,3.35,4.40,5.44
07-Aug-2002,1.98,3.24,4.35,5.44
06-Aug-2002,2.11,3.36,4.42,5.45
05-Aug-2002,1.93,3.21,4.29,5.41
02-Aug-2002,1.99,3.27,4.33,5.44
01-Aug-2002,2.15,3.46,4.47,5.51
31-Jul-2002,2.23,3.53,4.51,5.51
30-Jul-2002,2.44,3.71,4.65,5.59
29-Jul-2002,2.41,3.68,4.62,5.62
26-Jul-2002,2.20,3.46,4.43,5.52
25-Jul-2002,2.28,3.51,4.43,5.54
24-Jul-2002,2.38,3.60,4.49,5.57
23-Jul-2002,2.34,3.59,4.47,5.49
22-Jul-2002,2.40,3.65,4.51,5.50
19-Jul-2002,2.48,3.76,4.61,5.55
18-Jul-2002,2.55,3.82,4.66,5.62
17-Jul-2002,2.63,3.89,4.71,5.62
16-Jul-2002,2.66,3.93,4.75,5.63
15-Jul-2002,2.55,3.85,4.66,5.57
12-Jul-2002,2.56,3.82,4.63,5.55
11-Jul-2002,2.61,3.86,4.66,5.57
10-Jul-2002,2.61,3.85,4.66,5.53
09-Jul-2002,2.74,3.98,4.78,5.60
08-Jul-2002,2.84,4.07,4.84,5.66
05-Jul-2002,2.90,4.13,4.90,5.70
03-Jul-2002,2.78,4.00,4.78,5.62
02-Jul-2002,2.78,3.99,4.77,5.64
01-Jul-2002,2.88,4.08,4.85,5.67
28-Jun-2002,2.90,4.09,4.86,5.70
27-Jun-2002,2.85,4.08,4.84,5.68
26-Jun-2002,2.77,3.99,4.75,5.60
25-Jun-2002,2.92,4.13,4.88,5.64
24-Jun-2002,2.93,4.13,4.87,5.62
21-Jun-2002,2.88,4.06,4.79,5.56
20-Jun-2002,2.93,4.11,4.85,5.64
19-Jun-2002,2.81,4.01,4.76,5.58
18-Jun-2002,2.93,4.13,4.88,5.62
17-Jun-2002,2.96,4.14,4.89,5.63
14-Jun-2002,2.92,4.10,4.83,5.59
13-Jun-2002,3.00,4.20,4.94,5.65
12-Jun-2002,3.05,4.24,4.98,5.68
11-Jun-2002,3.09,4.29,5.02,5.71
10-Jun-2002,3.15,4.34,5.07,5.76
07-Jun-2002,3.16,4.36,5.10,5.81
06-Jun-2002,3.13,4.30,5.04,5.77
05-Jun-2002,3.16,4.35,5.08,5.79
04-Jun-2002,3.13,4.31,5.04,5.75
03-Jun-2002,3.19,4.36,5.06,5.76
31-May-2002,3.22,4.37,5.08,5.75
30-May-2002,3.17,4.36,5.06,5.74
29-May-2002,3.24,4.41,5.11,5.77
28-May-2002,3.30,4.46,5.16,5.78
24-May-2002,3.28,4.47,5.16,5.78
23-May-2002,3.28,4.46,5.16,5.78
22-May-2002,3.23,4.43,5.13,5.75
21-May-2002,3.28,4.49,5.18,5.79
20-May-2002,3.33,4.53,5.21,5.78
17-May-2002,3.41,4.60,5.27,5.84
16-May-2002,3.28,4.52,5.20,5.80
15-May-2002,3.37,4.59,5.28,5.82
14-May-2002,3.40,4.64,5.32,5.84
13-May-2002,3.28,4.54,5.23,5.79
10-May-2002,3.19,4.46,5.15,5.72
09-May-2002,3.27,4.53,5.20,5.78
08-May-2002,3.32,4.58,5.24,5.77
07-May-2002,3.14,4.43,5.09,5.66
06-May-2002,3.19,4.50,5.10,5.66
03-May-2002,3.17,4.48,5.08,5.65
02-May-2002,3.25,4.54,5.13,5.72
01-May-2002,3.21,4.49,5.08,5.69
30-Apr-2002,3.24,4.53,5.11,5.72
29-Apr-2002,3.26,4.55,5.13,5.75
26-Apr-2002,3.22,4.49,5.08,5.73
25-Apr-2002,3.25,4.52,5.10,5.72
24-Apr-2002,3.28,4.53,5.11,5.72
23-Apr-2002,3.39,4.62,5.18,5.78
22-Apr-2002,3.37,4.62,5.19,5.78
19-Apr-2002,3.36,4.62,5.21,5.80
18-Apr-2002,3.38,4.64,5.23,5.86
17-Apr-2002,3.41,4.64,5.24,5.85
16-Apr-2002,3.43,4.62,5.20,5.78
15-Apr-2002,3.38,4.57,5.15,5.76
12-Apr-2002,3.41,4.60,5.18,5.79
11-Apr-2002,3.47,4.66,5.22,5.78
10-Apr-2002,3.48,4.68,5.24,5.78
09-Apr-2002,3.48,4.67,5.22,5.79
08-Apr-2002,3.51,4.70,5.25,5.82
05-Apr-2002,3.49,4.68,5.22,5.79
04-Apr-2002,3.57,4.76,5.28,5.82
03-Apr-2002,3.55,4.76,5.30,5.82
02-Apr-2002,3.63,4.84,5.36,5.86
01-Apr-2002,3.74,4.93,5.44,5.92
28-Mar-2002,3.72,4.91,5.42,5.91
27-Mar-2002,3.66,4.85,5.35,5.86
26-Mar-2002,3.68,4.85,5.35,5.84
25-Mar-2002,3.78,4.92,5.41,5.91
22-Mar-2002,3.77,4.90,5.40,5.89
21-Mar-2002,3.73,4.88,5.39,5.87
20-Mar-2002,3.71,4.87,5.40,5.89
19-Mar-2002,3.64,4.78,5.33,5.86
18-Mar-2002,3.67,4.79,5.32,5.83
15-Mar-2002,3.63,4.80,5.35,5.86
14-Mar-2002,3.63,4.83,5.40,5.90
13-Mar-2002,3.49,4.69,5.28,5.83
12-Mar-2002,3.56,4.75,5.32,5.84
11-Mar-2002,3.59,4.77,5.33,5.81
08-Mar-2002,3.60,4.77,5.33,5.83
07-Mar-2002,3.36,4.65,5.22,5.76
06-Mar-2002,3.26,4.45,5.06,5.67
05-Mar-2002,3.25,4.44,5.02,5.60
04-Mar-2002,3.24,4.43,5.02,5.61
01-Mar-2002,3.18,4.43,4.98,5.60
28-Feb-2002,3.06,4.27,4.88,5.54
27-Feb-2002,3.09,4.22,4.84,5.51
26-Feb-2002,3.08,4.33,4.93,5.53
25-Feb-2002,3.01,4.26,4.86,5.51
22-Feb-2002,2.97,4.23,4.84,5.48
21-Feb-2002,3.00,4.27,4.88,5.53
20-Feb-2002,3.00,4.28,4.88,5.53
19-Feb-2002,2.98,4.28,4.88,5.54
15-Feb-2002,2.97,4.27,4.86,5.37
14-Feb-2002,3.07,4.35,4.95,5.42
13-Feb-2002,3.09,4.40,5.01,5.47
12-Feb-2002,3.04,4.36,4.97,5.45
11-Feb-2002,2.95,4.29,4.91,5.41
08-Feb-2002,2.95,4.28,4.90,5.39
07-Feb-2002,2.99,4.33,4.93,5.42
06-Feb-2002,2.98,4.30,4.92,5.38
05-Feb-2002,2.99,4.29,4.92,5.35
04-Feb-2002,2.99,4.29,4.94,5.35
01-Feb-2002,3.08,4.37,5.02,5.40
31-Jan-2002,3.16,4.42,5.07,5.44
30-Jan-2002,3.06,4.37,5.02,5.41
29-Jan-2002,3.05,4.35,5.02,5.40
28-Jan-2002,3.19,4.48,5.12,5.47
25-Jan-2002,3.17,4.46,5.10,5.47
24-Jan-2002,3.15,4.40,5.07,5.47
23-Jan-2002,3.07,4.36,5.05,5.48
22-Jan-2002,2.97,4.27,4.96,5.39
18-Jan-2002,2.91,4.23,4.94,5.36
17-Jan-2002,2.96,4.28,4.98,5.41
16-Jan-2002,2.84,4.16,4.88,5.36
15-Jan-2002,2.79,4.14,4.88,5.34
14-Jan-2002,2.79,4.15,4.91,5.38
11-Jan-2002,2.76,4.14,4.92,5.37
10-Jan-2002,2.94,4.27,5.00,5.42
09-Jan-2002,3.03,4.38,5.10,5.51
08-Jan-2002,3.07,4.39,5.10,5.51
07-Jan-2002,3.08,4.39,5.09,5.49
04-Jan-2002,3.19,4.50,5.18,5.57
03-Jan-2002,3.19,4.48,5.16,5.54
02-Jan-2002,3.22,4.52,5.20,5.56
31-Dec-2001,3.07,4.38,5.07,5.48
28-Dec-2001,3.16,4.46,5.15,5.54
27-Dec-2001,3.19,4.46,5.13,5.49
26-Dec-2001,3.26,4.55,5.22,5.52
24-Dec-2001,3.22,4.49,5.18,5.49
21-Dec-2001,3.17,4.45,5.12,5.45
20-Dec-2001,3.15,4.42,5.08,5.43
19-Dec-2001,3.11,4.38,5.08,5.45
18-Dec-2001,3.13,4.46,5.16,5.52
17-Dec-2001,3.21,4.54,5.26,5.61
14-Dec-2001,3.20,4.52,5.24,5.59
13-Dec-2001,3.09,4.40,5.13,5.53
12-Dec-2001,2.97,4.29,5.02,5.47
11-Dec-2001,3.03,4.38,5.13,5.55
10-Dec-2001,3.10,4.46,5.17,5.58
07-Dec-2001,3.19,4.50,5.20,5.60
06-Dec-2001,3.19,4.38,5.04,5.47
05-Dec-2001,3.07,4.24,4.92,5.35
04-Dec-2001,2.81,3.99,4.70,5.22
03-Dec-2001,2.82,4.04,4.75,5.26
30-Nov-2001,2.84,4.08,4.78,5.27
29-Nov-2001,2.87,4.10,4.79,5.24
28-Nov-2001,3.12,4.33,4.98,5.36
27-Nov-2001,3.11,4.32,4.98,5.37
26-Nov-2001,3.22,4.41,5.05,5.39
23-Nov-2001,3.20,4.40,5.04,5.39
21-Nov-2001,3.11,4.31,4.98,5.35
20-Nov-2001,2.96,4.17,4.88,5.30
19-Nov-2001,2.92,4.12,4.80,5.22
16-Nov-2001,3.09,4.24,4.91,5.30
15-Nov-2001,2.98,4.10,4.79,5.22
14-Nov-2001,2.70,3.83,4.54,5.02
13-Nov-2001,2.54,3.69,4.41,4.92
09-Nov-2001,2.45,3.62,4.34,4.88
08-Nov-2001,2.42,3.58,4.32,4.87
07-Nov-2001,2.32,3.47,4.22,4.79
06-Nov-2001,2.37,3.54,4.30,4.86
05-Nov-2001,2.46,3.71,4.31,4.86
02-Nov-2001,2.48,3.77,4.37,4.96
01-Nov-2001,2.49,3.66,4.24,4.79
31-Oct-2001,2.44,3.66,4.30,4.89
30-Oct-2001,2.48,3.76,4.44,5.22
29-Oct-2001,2.55,3.82,4.50,5.25
26-Oct-2001,2.63,3.88,4.53,5.27
25-Oct-2001,2.63,3.89,4.56,5.28
24-Oct-2001,2.72,3.96,4.61,5.32
23-Oct-2001,2.81,4.01,4.66,5.38
22-Oct-2001,2.79,3.98,4.63,5.36
19-Oct-2001,2.77,3.96,4.63,5.36
18-Oct-2001,2.77,3.93,4.58,5.32
17-Oct-2001,2.80,3.93,4.59,5.32
16-Oct-2001,2.77,3.93,4.59,5.35
15-Oct-2001,2.78,3.97,4.62,5.38
12-Oct-2001,2.81,4.01,4.68,5.42
11-Oct-2001,2.88,4.03,4.69,5.41
10-Oct-2001,2.78,3.96,4.61,5.36
09-Oct-2001,2.74,3.96,4.62,5.39
05-Oct-2001,2.71,3.87,4.52,5.31
04-Oct-2001,2.75,3.88,4.53,5.31
03-Oct-2001,2.77,3.86,4.50,5.32
02-Oct-2001,2.77,3.87,4.53,5.34
01-Oct-2001,2.82,3.90,4.55,5.38
28-Sep-2001,2.86,3.93,4.60,5.42
27-Sep-2001,2.78,3.87,4.58,5.45
26-Sep-2001,2.82,3.91,4.65,5.50
25-Sep-2001,2.88,3.97,4.72,5.58
24-Sep-2001,2.94,4.00,4.73,5.58
21-Sep-2001,2.91,3.94,4.70,5.59
20-Sep-2001,2.91,3.97,4.75,5.62
19-Sep-2001,2.81,3.90,4.69,5.56
18-Sep-2001,2.96,4.01,4.72,5.55
17-Sep-2001,2.96,3.99,4.63,5.41
14-Sep-2001,2.87,3.92,4.57,5.35
13-Sep-2001,2.99,4.03,4.64,5.39
10-Sep-2001,3.53,4.41,4.84,5.43
07-Sep-2001,3.53,4.39,4.80,5.39
06-Sep-2001,3.65,4.48,4.86,5.41
05-Sep-2001,3.79,4.61,4.97,5.48
04-Sep-2001,3.83,4.63,4.99,5.50
31-Aug-2001,3.64,4.46,4.85,5.39
30-Aug-2001,3.61,4.42,4.79,5.37
29-Aug-2001,3.67,4.43,4.78,5.36
28-Aug-2001,3.71,4.48,4.85,5.41
27-Aug-2001,3.78,4.57,4.94,5.47
24-Aug-2001,3.76,4.55,4.93,5.45
23-Aug-2001,3.72,4.52,4.89,5.41
22-Aug-2001,3.76,4.53,4.91,5.44
21-Aug-2001,3.69,4.50,4.87,5.44
20-Aug-2001,3.74,4.55,4.91,5.46
17-Aug-2001,3.67,4.49,4.84,5.43
16-Aug-2001,3.75,4.58,4.95,5.48
15-Aug-2001,3.80,4.62,5.00,5.52
14-Aug-2001,3.74,4.59,4.97,5.51
13-Aug-2001,3.70,4.57,4.97,5.52
10-Aug-2001,3.73,4.61,4.99,5.52
09-Aug-2001,3.77,4.66,5.04,5.54
08-Aug-2001,3.77,4.61,4.99,5.52
07-Aug-2001,3.90,4.72,5.20,5.60
06-Aug-2001,3.88,4.71,5.19,5.59
03-Aug-2001,3.91,4.72,5.20,5.59
02-Aug-2001,3.89,4.69,5.17,5.57
01-Aug-2001,3.83,4.62,5.11,5.53
31-Jul-2001,3.79,4.57,5.07,5.51
30-Jul-2001,3.86,4.63,5.11,5.53
27-Jul-2001,3.87,4.64,5.13,5.55
26-Jul-2001,3.94,4.71,5.19,5.59
25-Jul-2001,3.98,4.74,5.20,5.58
24-Jul-2001,3.97,4.67,5.13,5.52
23-Jul-2001,3.98,4.68,5.13,5.53
20-Jul-2001,3.98,4.70,5.15,5.54
19-Jul-2001,3.98,4.69,5.13,5.53
18-Jul-2001,3.96,4.66,5.12,5.52
17-Jul-2001,4.09,4.78,5.22,5.59
16-Jul-2001,4.07,4.76,5.21,5.59
13-Jul-2001,4.12,4.82,5.27,5.64
12-Jul-2001,4.07,4.80,5.27,5.65
11-Jul-2001,4.07,4.81,5.31,5.69
10-Jul-2001,4.08,4.82,5.32,5.68
09-Jul-2001,4.15,4.88,5.37,5.70
06-Jul-2001,4.16,4.90,5.41,5.75
05-Jul-2001,4.24,4.95,5.44,5.76
03-Jul-2001,4.24,4.91,5.41,5.73
02-Jul-2001,4.21,4.88,5.37,5.70
29-Jun-2001,4.25,4.97,5.42,5.75
28-Jun-2001,4.22,4.92,5.35,5.68
27-Jun-2001,4.06,4.82,5.26,5.62
26-Jun-2001,4.03,4.74,5.24,5.65
25-Jun-2001,3.96,4.65,5.16,5.59
22-Jun-2001,3.93,4.63,5.14,5.58
21-Jun-2001,3.99,4.70,5.22,5.64
20-Jun-2001,3.98,4.72,5.24,5.67
19-Jun-2001,3.99,4.72,5.26,5.69
18-Jun-2001,3.98,4.73,5.27,5.70
15-Jun-2001,4.01,4.74,5.27,5.68
14-Jun-2001,4.04,4.76,5.26,5.65
13-Jun-2001,4.08,4.81,5.28,5.66
12-Jun-2001,4.09,4.82,5.27,5.65
11-Jun-2001,4.11,4.87,5.32,5.69
08-Jun-2001,4.17,4.93,5.38,5.73
07-Jun-2001,4.14,4.88,5.33,5.72
06-Jun-2001,4.12,4.83,5.27,5.65
05-Jun-2001,4.12,4.84,5.29,5.66
04-Jun-2001,4.19,4.93,5.35,5.69
01-Jun-2001,4.22,4.94,5.39,5.71
31-May-2001,4.22,4.94,5.43,5.78
30-May-2001,4.34,5.07,5.54,5.86
29-May-2001,4.33,5.06,5.54,5.86
25-May-2001,4.31,5.04,5.52,5.86
24-May-2001,4.32,5.05,5.52,5.87
23-May-2001,4.29,4.96,5.41,5.79
22-May-2001,4.34,4.99,5.42,5.78
21-May-2001,4.37,4.99,5.41,5.75
18-May-2001,4.37,4.99,5.41,5.76
17-May-2001,4.33,4.99,5.46,5.80
16-May-2001,4.25,4.95,5.48,5.86
15-May-2001,4.28,4.95,5.50,5.89
14-May-2001,4.29,4.94,5.46,5.85
11-May-2001,4.36,4.99,5.51,5.88
10-May-2001,4.17,4.76,5.31,5.75
09-May-2001,4.07,4.65,5.20,5.67
08-May-2001,4.10,4.68,5.24,5.72
07-May-2001,4.12,4.82,5.21,5.68
04-May-2001,4.14,4.83,5.21,5.65
03-May-2001,4.22,4.87,5.22,5.64
02-May-2001,4.27,4.95,5.31,5.71
01-May-2001,4.23,4.94,5.30,5.75
30-Apr-2001,4.30,4.97,5.35,5.78
27-Apr-2001,4.28,4.94,5.34,5.81
26-Apr-2001,4.14,4.79,5.20,5.71
25-Apr-2001,4.20,4.88,5.28,5.78
24-Apr-2001,4.16,4.78,5.22,5.75
23-Apr-2001,4.15,4.78,5.20,5.73
20-Apr-2001,4.26,4.88,5.29,5.79
19-Apr-2001,4.29,4.86,5.27,5.77
18-Apr-2001,4.26,4.75,5.14,5.65
17-Apr-2001,4.41,4.87,5.21,5.65
16-Apr-2001,4.49,4.94,5.28,5.70
12-Apr-2001,4.36,4.83,5.17,5.61
11-Apr-2001,4.29,4.75,5.12,5.60
10-Apr-2001,4.24,4.70,5.09,5.63
09-Apr-2001,4.10,4.56,4.93,5.50
06-Apr-2001,4.07,4.52,4.89,5.46
05-Apr-2001,4.19,4.63,4.98,5.53
04-Apr-2001,4.12,4.58,4.94,5.50
03-Apr-2001,4.15,4.60,4.94,5.48
02-Apr-2001,4.22,4.66,4.98,5.49
30-Mar-2001,4.18,4.62,4.93,5.46
29-Mar-2001,4.27,4.67,4.98,5.48
28-Mar-2001,4.30,4.68,4.97,5.47
27-Mar-2001,4.41,4.73,5.00,5.45
26-Mar-2001,4.27,4.56,4.85,5.36
23-Mar-2001,4.24,4.52,4.80,5.30
22-Mar-2001,4.17,4.44,4.73,5.25
21-Mar-2001,4.21,4.49,4.77,5.28
20-Mar-2001,4.24,4.52,4.78,5.27
19-Mar-2001,4.32,4.58,4.82,5.30
16-Mar-2001,4.26,4.54,4.78,5.28
15-Mar-2001,4.22,4.55,4.81,5.29
14-Mar-2001,4.32,4.62,4.84,5.28
13-Mar-2001,4.46,4.75,4.95,5.34
12-Mar-2001,4.46,4.72,4.92,5.31
09-Mar-2001,4.47,4.75,4.95,5.32
08-Mar-2001,4.43,4.70,4.89,5.30
07-Mar-2001,4.43,4.72,4.92,5.32
06-Mar-2001,4.49,4.78,4.99,5.38
05-Mar-2001,4.49,4.78,4.98,5.36
02-Mar-2001,4.48,4.75,4.95,5.38
01-Mar-2001,4.41,4.67,4.87,5.29
28-Feb-2001,4.41,4.70,4.92,5.34
27-Feb-2001,4.44,4.75,4.96,5.34
26-Feb-2001,4.46,4.81,5.05,5.45
23-Feb-2001,4.53,4.86,5.10,5.49
22-Feb-2001,4.63,4.94,5.15,5.52
21-Feb-2001,4.68,4.96,5.14,5.49
20-Feb-2001,4.73,4.94,5.11,5.46
16-Feb-2001,4.75,4.94,5.11,5.46
15-Feb-2001,4.89,5.06,5.19,5.50
14-Feb-2001,4.84,4.99,5.13,5.44
13-Feb-2001,4.75,4.90,5.07,5.43
12-Feb-2001,4.67,4.86,5.05,5.42
09-Feb-2001,4.67,4.85,5.03,5.38
08-Feb-2001,4.73,4.93,5.10,5.44
07-Feb-2001,4.70,4.91,5.10,5.52
06-Feb-2001,4.72,4.92,5.22,5.51
05-Feb-2001,4.68,4.88,5.18,5.48
02-Feb-2001,4.65,4.86,5.17,5.51
01-Feb-2001,4.55,4.78,5.10,5.46
31-Jan-2001,4.62,4.85,5.19,5.54
30-Jan-2001,4.70,4.91,5.24,5.59
29-Jan-2001,4.77,4.97,5.32,5.69
26-Jan-2001,4.78,4.93,5.29,5.64
25-Jan-2001,4.78,4.94,5.29,5.61
24-Jan-2001,4.81,4.98,5.33,5.67
23-Jan-2001,4.82,4.96,5.30,5.65
22-Jan-2001,4.75,4.87,5.25,5.61
19-Jan-2001,4.75,4.84,5.19,5.56
18-Jan-2001,4.72,4.74,5.12,5.47
17-Jan-2001,4.84,4.87,5.19,5.52
16-Jan-2001,4.89,4.96,5.24,5.60
12-Jan-2001,4.90,4.97,5.25,5.63
11-Jan-2001,4.77,4.85,5.14,5.55
10-Jan-2001,4.76,4.83,5.10,5.49
09-Jan-2001,4.64,4.73,4.98,5.43
08-Jan-2001,4.54,4.65,4.94,5.42
05-Jan-2001,4.56,4.66,4.93,5.41
04-Jan-2001,4.77,4.82,5.03,5.44
03-Jan-2001,4.92,4.94,5.14,5.49
02-Jan-2001,4.87,4.76,4.92,5.35
29-Dec-2000,5.11,4.99,5.12,5.46
28-Dec-2000,5.18,5.02,5.13,5.44
27-Dec-2000,5.10,4.99,5.11,5.45
26-Dec-2000,5.10,4.92,5.04,5.41
22-Dec-2000,5.10,4.93,5.02,5.40
21-Dec-2000,5.14,4.94,5.03,5.41
20-Dec-2000,5.24,5.00,5.08,5.42
19-Dec-2000,5.35,5.12,5.19,5.47
18-Dec-2000,5.33,5.10,5.17,5.44
15-Dec-2000,5.38,5.15,5.20,5.44
14-Dec-2000,5.43,5.19,5.23,5.45
13-Dec-2000,5.45,5.24,5.29,5.48
12-Dec-2000,5.54,5.33,5.36,5.53
11-Dec-2000,5.52,5.33,5.37,5.54
08-Dec-2000,5.50,5.32,5.35,5.55
07-Dec-2000,5.45,5.26,5.32,5.51
06-Dec-2000,5.42,5.26,5.32,5.52
05-Dec-2000,5.49,5.36,5.43,5.59
04-Dec-2000,5.59,5.45,5.53,5.66
01-Dec-2000,5.62,5.46,5.52,5.64
30-Nov-2000,5.61,5.42,5.48,5.60
29-Nov-2000,5.69,5.51,5.55,5.66
28-Nov-2000,5.79,5.57,5.59,5.67
27-Nov-2000,5.86,5.63,5.64,5.71
24-Nov-2000,5.86,5.63,5.63,5.67
22-Nov-2000,5.85,5.60,5.62,5.68
21-Nov-2000,5.86,5.65,5.67,5.74
20-Nov-2000,5.87,5.65,5.68,5.76
17-Nov-2000,5.88,5.67,5.71,5.78
16-Nov-2000,5.87,5.66,5.68,5.75
15-Nov-2000,5.90,5.69,5.72,5.77
14-Nov-2000,5.92,5.72,5.76,5.81
13-Nov-2000,5.90,5.72,5.77,5.85
10-Nov-2000,5.92,5.76,5.82,5.88
09-Nov-2000,5.94,5.76,5.82,5.85
08-Nov-2000,5.99,5.83,5.87,5.89
07-Nov-2000,5.99,5.84,5.87,5.90
06-Nov-2000,5.99,5.91,5.87,5.89
03-Nov-2000,5.94,5.86,5.83,5.86
02-Nov-2000,5.87,5.78,5.74,5.79
01-Nov-2000,5.88,5.79,5.74,5.78
31-Oct-2000,5.94,5.83,5.77,5.79
30-Oct-2000,5.97,5.83,5.74,5.76
27-Oct-2000,5.94,5.79,5.72,5.74
26-Oct-2000,5.90,5.75,5.69,5.74
25-Oct-2000,5.87,5.74,5.67,5.75
24-Oct-2000,5.86,5.70,5.63,5.71
23-Oct-2000,5.82,5.66,5.59,5.68
20-Oct-2000,5.84,5.69,5.64,5.73
19-Oct-2000,5.86,5.69,5.66,5.76
18-Oct-2000,5.82,5.68,5.66,5.77
17-Oct-2000,5.83,5.68,5.68,5.77
16-Oct-2000,5.89,5.77,5.74,5.81
13-Oct-2000,5.84,5.73,5.73,5.80
12-Oct-2000,5.86,5.74,5.73,5.82
11-Oct-2000,5.93,5.82,5.77,5.83
10-Oct-2000,5.98,5.86,5.80,5.83
06-Oct-2000,5.98,5.88,5.82,5.85
05-Oct-2000,6.02,5.92,5.87,5.91
04-Oct-2000,6.03,5.94,5.90,5.95
03-Oct-2000,6.00,5.88,5.87,5.94
02-Oct-2000,5.98,5.86,5.83,5.93
29-Sep-2000,5.98,5.85,5.80,5.88
28-Sep-2000,6.02,5.90,5.82,5.89
27-Sep-2000,6.00,5.89,5.83,5.90
26-Sep-2000,6.07,5.90,5.81,5.86
25-Sep-2000,6.11,5.94,5.84,5.90
22-Sep-2000,6.09,5.93,5.85,5.92
21-Sep-2000,6.11,5.96,5.88,5.93
20-Sep-2000,6.11,5.98,5.91,5.97
19-Sep-2000,6.05,5.93,5.86,5.92
18-Sep-2000,6.04,5.93,5.88,5.96
15-Sep-2000,6.07,5.93,5.84,5.90
14-Sep-2000,6.11,5.96,5.79,5.81
13-Sep-2000,6.09,5.94,5.74,5.73
12-Sep-2000,6.12,5.97,5.78,5.76
11-Sep-2000,6.12,5.97,5.77,5.73
08-Sep-2000,6.11,5.95,5.73,5.70
07-Sep-2000,6.14,5.97,5.76,5.72
06-Sep-2000,6.11,5.95,5.72,5.71
05-Sep-2000,6.09,5.92,5.69,5.67
01-Sep-2000,6.09,5.92,5.68,5.67
31-Aug-2000,6.18,5.98,5.73,5.67
30-Aug-2000,6.24,6.07,5.81,5.74
29-Aug-2000,6.26,6.08,5.81,5.75
28-Aug-2000,6.23,6.05,5.78,5.72
25-Aug-2000,6.19,6.00,5.73,5.67
24-Aug-2000,6.19,6.00,5.73,5.67
23-Aug-2000,6.20,6.02,5.73,5.68
22-Aug-2000,6.27,6.07,5.78,5.71
21-Aug-2000,6.28,6.10,5.79,5.71
18-Aug-2000,6.27,6.09,5.78,5.69
17-Aug-2000,6.30,6.13,5.81,5.72
16-Aug-2000,6.30,6.13,5.83,5.73
15-Aug-2000,6.28,6.11,5.81,5.72
14-Aug-2000,6.25,6.07,5.78,5.70
11-Aug-2000,6.25,6.07,5.79,5.72
10-Aug-2000,6.16,6.00,5.76,5.68
09-Aug-2000,6.18,6.03,5.81,5.73
08-Aug-2000,6.16,6.03,5.93,5.73
07-Aug-2000,6.20,6.07,5.97,5.76
04-Aug-2000,6.15,6.02,5.91,5.72
03-Aug-2000,6.22,6.07,5.95,5.74
02-Aug-2000,6.23,6.09,5.98,5.77
01-Aug-2000,6.27,6.12,6.00,5.74
31-Jul-2000,6.30,6.16,6.04,5.79
28-Jul-2000,6.30,6.16,6.04,5.78
27-Jul-2000,6.27,6.14,6.02,5.78
26-Jul-2000,6.29,6.16,6.04,5.82
25-Jul-2000,6.35,6.17,6.04,5.81
24-Jul-2000,6.35,6.18,6.04,5.81
21-Jul-2000,6.32,6.14,6.01,5.79
20-Jul-2000,6.32,6.15,6.01,5.81
19-Jul-2000,6.46,6.31,6.16,5.92
18-Jul-2000,6.44,6.30,6.16,5.92
17-Jul-2000,6.46,6.31,6.17,5.93
14-Jul-2000,6.41,6.25,6.10,5.88
13-Jul-2000,6.31,6.15,6.01,5.81
12-Jul-2000,6.34,6.20,6.09,5.89
11-Jul-2000,6.32,6.16,6.06,5.89
10-Jul-2000,6.31,6.13,6.04,5.88
07-Jul-2000,6.29,6.11,6.01,5.87
06-Jul-2000,6.34,6.16,6.05,5.91
05-Jul-2000,6.29,6.12,5.99,5.86
03-Jul-2000,6.31,6.12,6.00,5.87
30-Jun-2000,6.38,6.18,6.03,5.90
29-Jun-2000,6.37,6.21,6.04,5.88
28-Jun-2000,6.43,6.28,6.11,5.97
27-Jun-2000,6.50,6.29,6.10,5.95
26-Jun-2000,6.50,6.29,6.11,5.99
23-Jun-2000,6.55,6.37,6.19,6.04
22-Jun-2000,6.50,6.32,6.12,5.98
21-Jun-2000,6.50,6.32,6.11,5.96
20-Jun-2000,6.43,6.23,6.03,5.90
19-Jun-2000,6.40,6.20,6.00,5.89
16-Jun-2000,6.38,6.19,5.99,5.88
15-Jun-2000,6.44,6.26,6.05,5.93
14-Jun-2000,6.44,6.26,6.06,5.91
13-Jun-2000,6.49,6.32,6.11,5.94
12-Jun-2000,6.52,6.33,6.09,5.88
09-Jun-2000,6.56,6.36,6.13,5.89
08-Jun-2000,6.56,6.37,6.13,5.89
07-Jun-2000,6.52,6.35,6.13,5.89
06-Jun-2000,6.51,6.35,6.14,5.91
05-Jun-2000,6.49,6.33,6.12,5.91
02-Jun-2000,6.52,6.37,6.15,5.94
01-Jun-2000,6.61,6.44,6.20,5.95
31-May-2000,6.69,6.54,6.29,6.02
30-May-2000,6.74,6.62,6.38,6.09
26-May-2000,6.69,6.57,6.33,6.06
25-May-2000,6.71,6.64,6.39,6.11
24-May-2000,6.79,6.71,6.47,6.19
23-May-2000,6.83,6.68,6.45,6.17
22-May-2000,6.81,6.66,6.44,6.18
19-May-2000,6.86,6.71,6.51,6.22
18-May-2000,6.93,6.79,6.56,6.24
17-May-2000,6.90,6.74,6.48,6.18
16-May-2000,6.89,6.72,6.43,6.12
15-May-2000,6.88,6.73,6.47,6.17
12-May-2000,6.91,6.76,6.51,6.20
11-May-2000,6.82,6.67,6.43,6.16
10-May-2000,6.84,6.69,6.47,6.18
09-May-2000,6.86,6.75,6.53,6.22
08-May-2000,6.87,6.83,6.57,6.25
05-May-2000,6.84,6.77,6.51,6.20
04-May-2000,6.77,6.70,6.46,6.19
03-May-2000,6.73,6.66,6.40,6.11
02-May-2000,6.72,6.60,6.32,6.03
01-May-2000,6.73,6.59,6.29,5.98
28-Apr-2000,6.68,6.56,6.23,5.97
27-Apr-2000,6.63,6.51,6.23,6.00
26-Apr-2000,6.50,6.40,6.14,5.95
25-Apr-2000,6.48,6.39,6.14,5.95
24-Apr-2000,6.36,6.23,6.00,5.86
20-Apr-2000,6.38,6.24,5.99,5.83
19-Apr-2000,6.33,6.23,5.99,5.85
18-Apr-2000,6.33,6.27,6.05,5.92
17-Apr-2000,6.33,6.23,6.01,5.92
14-Apr-2000,6.27,6.11,5.85,5.79
13-Apr-2000,6.40,6.24,5.94,5.81
12-Apr-2000,6.40,6.27,5.97,5.84
11-Apr-2000,6.36,6.19,5.89,5.77
10-Apr-2000,6.31,6.11,5.80,5.69
07-Apr-2000,6.38,6.18,5.86,5.71
06-Apr-2000,6.38,6.20,5.93,5.80
05-Apr-2000,6.35,6.17,5.90,5.81
04-Apr-2000,6.35,6.16,5.90,5.77
03-Apr-2000,6.45,6.30,6.00,5.84
31-Mar-2000,6.50,6.32,6.03,5.84
30-Mar-2000,6.52,6.35,6.06,5.89
29-Mar-2000,6.59,6.46,6.18,5.99
28-Mar-2000,6.60,6.46,6.17,5.98
27-Mar-2000,6.66,6.51,6.21,5.99
24-Mar-2000,6.64,6.51,6.20,6.00
23-Mar-2000,6.52,6.39,6.08,5.92
22-Mar-2000,6.50,6.41,6.13,5.97
21-Mar-2000,6.50,6.44,6.13,5.97
20-Mar-2000,6.52,6.45,6.18,5.99
17-Mar-2000,6.50,6.45,6.20,6.01
16-Mar-2000,6.50,6.47,6.26,6.05
15-Mar-2000,6.50,6.50,6.29,6.07
14-Mar-2000,6.48,6.52,6.31,6.11
13-Mar-2000,6.52,6.57,6.36,6.17
10-Mar-2000,6.55,6.61,6.39,6.19
09-Mar-2000,6.48,6.56,6.35,6.16
08-Mar-2000,6.50,6.59,6.38,6.17
07-Mar-2000,6.48,6.60,6.39,6.16
06-Mar-2000,6.55,6.64,6.42,6.16
03-Mar-2000,6.50,6.60,6.39,6.13
02-Mar-2000,6.52,6.59,6.40,6.15
01-Mar-2000,6.52,6.59,6.39,6.16
29-Feb-2000,6.53,6.61,6.42,6.15
28-Feb-2000,6.47,6.53,6.37,6.16
25-Feb-2000,6.45,6.50,6.36,6.17
24-Feb-2000,6.52,6.56,6.36,6.13
23-Feb-2000,6.61,6.66,6.44,6.14
22-Feb-2000,6.57,6.62,6.36,6.08
18-Feb-2000,6.66,6.72,6.49,6.16
17-Feb-2000,6.69,6.76,6.58,6.23
16-Feb-2000,6.63,6.75,6.56,6.27
15-Feb-2000,6.66,6.74,6.56,6.26
14-Feb-2000,6.62,6.72,6.56,6.22
11-Feb-2000,6.65,6.77,6.63,6.29
10-Feb-2000,6.67,6.78,6.67,6.35
09-Feb-2000,6.69,6.77,6.56,6.32
08-Feb-2000,6.69,6.74,6.59,6.22
07-Feb-2000,6.68,6.76,6.64,6.34
04-Feb-2000,6.63,6.64,6.53,6.23
03-Feb-2000,6.56,6.56,6.49,6.17
02-Feb-2000,6.63,6.69,6.60,6.32
01-Feb-2000,6.60,6.68,6.62,6.43
31-Jan-2000,6.61,6.71,6.68,6.49
28-Jan-2000,6.58,6.68,6.66,6.45
27-Jan-2000,6.51,6.67,6.68,6.53
26-Jan-2000,6.45,6.62,6.69,6.60
25-Jan-2000,6.44,6.60,6.70,6.64
24-Jan-2000,6.43,6.59,6.69,6.65
21-Jan-2000,6.48,6.67,6.79,6.71
20-Jan-2000,6.49,6.67,6.79,6.74
19-Jan-2000,6.46,6.62,6.73,6.72
18-Jan-2000,6.47,6.65,6.75,6.75
14-Jan-2000,6.44,6.59,6.69,6.69
13-Jan-2000,6.40,6.54,6.63,6.65
12-Jan-2000,6.49,6.63,6.72,6.71
11-Jan-2000,6.45,6.57,6.67,6.68
10-Jan-2000,6.38,6.49,6.57,6.59
07-Jan-2000,6.31,6.42,6.52,6.55
06-Jan-2000,6.35,6.46,6.57,6.58
05-Jan-2000,6.38,6.51,6.62,6.64
04-Jan-2000,6.30,6.40,6.49,6.53
03-Jan-2000,6.38,6.50,6.58,6.61
31-Dec-1999,6.24,6.36,6.45,6.48
30-Dec-1999,6.19,6.30,6.39,6.43
29-Dec-1999,6.21,6.32,6.40,6.45
28-Dec-1999,6.23,6.35,6.43,6.48
27-Dec-1999,6.21,6.32,6.40,6.46
23-Dec-1999,6.24,6.33,6.41,6.48
22-Dec-1999,6.24,6.31,6.39,6.47
21-Dec-1999,6.21,6.29,6.38,6.46
20-Dec-1999,6.21,6.28,6.36,6.44
17-Dec-1999,6.15,6.22,6.30,6.38
16-Dec-1999,6.15,6.20,6.31,6.39
15-Dec-1999,6.10,6.14,6.25,6.34
14-Dec-1999,6.07,6.12,6.22,6.31
13-Dec-1999,5.96,6.01,6.11,6.20
10-Dec-1999,5.93,5.98,6.08,6.17
09-Dec-1999,5.96,6.03,6.14,6.22
08-Dec-1999,5.98,6.06,6.15,6.23
07-Dec-1999,5.95,6.03,6.11,6.21
06-Dec-1999,5.98,6.07,6.16,6.25
03-Dec-1999,5.99,6.08,6.17,6.27
02-Dec-1999,6.06,6.16,6.24,6.31
01-Dec-1999,6.04,6.14,6.21,6.30
30-Nov-1999,6.01,6.11,6.18,6.29
29-Nov-1999,6.04,6.14,6.21,6.31
26-Nov-1999,5.99,6.06,6.12,6.24
24-Nov-1999,5.97,6.02,6.09,6.22
23-Nov-1999,5.93,6.02,6.08,6.20
22-Nov-1999,5.95,6.02,6.09,6.20
19-Nov-1999,5.92,6.00,6.07,6.17
18-Nov-1999,5.90,5.99,6.06,6.17
17-Nov-1999,5.90,5.98,6.04,6.13
16-Nov-1999,5.85,5.91,5.97,6.06
15-Nov-1999,5.79,5.87,5.94,6.04
12-Nov-1999,5.78,5.85,5.93,6.03
10-Nov-1999,5.81,5.90,6.00,6.09
09-Nov-1999,5.77,5.87,5.97,6.07
08-Nov-1999,5.74,5.90,5.95,6.06
05-Nov-1999,5.72,5.88,5.92,6.05
04-Nov-1999,5.74,5.91,5.95,6.09
03-Nov-1999,5.79,5.97,6.01,6.14
02-Nov-1999,5.81,5.98,6.04,6.15
01-Nov-1999,5.83,6.00,6.06,6.19
29-Oct-1999,5.79,5.97,6.02,6.16
28-Oct-1999,5.87,6.05,6.12,6.25
27-Oct-1999,5.94,6.13,6.19,6.33
26-Oct-1999,6.02,6.17,6.24,6.38
25-Oct-1999,5.98,6.14,6.22,6.36
22-Oct-1999,5.96,6.13,6.21,6.36
21-Oct-1999,5.93,6.11,6.20,6.36
20-Oct-1999,5.94,6.11,6.19,6.34
19-Oct-1999,5.92,6.09,6.18,6.35
18-Oct-1999,5.85,6.03,6.12,6.30
15-Oct-1999,5.82,5.99,6.09,6.26
14-Oct-1999,5.90,6.09,6.17,6.32
13-Oct-1999,5.87,6.04,6.12,6.29
12-Oct-1999,5.82,5.99,6.07,6.23
08-Oct-1999,5.80,5.97,6.04,6.20
07-Oct-1999,5.82,5.99,6.05,6.19
06-Oct-1999,5.81,5.98,6.04,6.17
05-Oct-1999,5.78,5.94,6.02,6.17
04-Oct-1999,5.70,5.85,5.95,6.10
01-Oct-1999,5.73,5.90,6.00,6.15
30-Sep-1999,5.63,5.78,5.90,6.06
29-Sep-1999,5.68,5.86,5.97,6.13
28-Sep-1999,5.65,5.78,5.89,6.07
27-Sep-1999,5.62,5.73,5.83,6.02
24-Sep-1999,5.55,5.65,5.75,5.95
23-Sep-1999,5.63,5.76,5.87,6.05
22-Sep-1999,5.67,5.81,5.92,6.10
21-Sep-1999,5.67,5.83,5.94,6.10
20-Sep-1999,5.67,5.81,5.91,6.08
17-Sep-1999,5.63,5.76,5.87,6.05
16-Sep-1999,5.63,5.77,5.90,6.08
15-Sep-1999,5.67,5.81,5.94,6.11
14-Sep-1999,5.71,5.85,5.96,6.11
13-Sep-1999,5.66,5.80,5.92,6.06
10-Sep-1999,5.64,5.78,5.89,6.03
09-Sep-1999,5.71,5.85,5.97,6.10
08-Sep-1999,5.67,5.82,5.93,6.07
07-Sep-1999,5.69,5.83,5.95,6.07
03-Sep-1999,5.64,5.78,5.89,6.03
02-Sep-1999,5.74,5.90,6.03,6.15
01-Sep-1999,5.74,5.88,5.99,6.08
31-Aug-1999,5.73,5.88,5.98,6.07
30-Aug-1999,5.73,5.86,5.95,6.07
27-Aug-1999,5.65,5.75,5.85,5.96
26-Aug-1999,5.56,5.67,5.75,5.88
25-Aug-1999,5.53,5.63,5.73,5.87
24-Aug-1999,5.65,5.73,5.85,5.95
23-Aug-1999,5.66,5.79,5.89,5.98
20-Aug-1999,5.65,5.79,5.88,5.99
19-Aug-1999,5.66,5.81,5.90,6.03
18-Aug-1999,5.66,5.79,5.88,6.01
17-Aug-1999,5.68,5.80,5.89,6.02
16-Aug-1999,5.75,5.88,5.98,6.10
13-Aug-1999,5.71,5.88,5.98,6.09
12-Aug-1999,5.78,5.97,6.08,6.18
11-Aug-1999,5.76,5.96,6.05,6.22
10-Aug-1999,5.79,6.00,6.16,6.25
09-Aug-1999,5.79,6.04,6.13,6.23
06-Aug-1999,5.69,5.94,6.02,6.16
05-Aug-1999,5.55,5.77,5.88,6.05
04-Aug-1999,5.64,5.86,5.96,6.12
03-Aug-1999,5.65,5.86,5.95,6.15
02-Aug-1999,5.65,5.85,5.92,6.13
30-Jul-1999,5.63,5.82,5.92,6.11
29-Jul-1999,5.62,5.79,5.88,6.07
28-Jul-1999,5.54,5.70,5.81,6.01
27-Jul-1999,5.56,5.70,5.82,6.01
26-Jul-1999,5.61,5.73,5.86,6.04
23-Jul-1999,5.58,5.72,5.84,6.02
22-Jul-1999,5.52,5.66,5.78,5.97
21-Jul-1999,5.45,5.55,5.66,5.91
20-Jul-1999,5.43,5.54,5.65,5.89
19-Jul-1999,5.46,5.56,5.66,5.90
16-Jul-1999,5.50,5.57,5.68,5.90
15-Jul-1999,5.53,5.63,5.72,5.91
14-Jul-1999,5.55,5.63,5.74,5.92
13-Jul-1999,5.50,5.60,5.71,5.90
12-Jul-1999,5.53,5.62,5.74,5.92
09-Jul-1999,5.61,5.72,5.84,6.01
08-Jul-1999,5.59,5.72,5.85,6.01
07-Jul-1999,5.64,5.79,5.92,6.08
06-Jul-1999,5.64,5.77,5.88,6.05
02-Jul-1999,5.58,5.70,5.82,6.00
01-Jul-1999,5.58,5.73,5.85,6.02
30-Jun-1999,5.53,5.67,5.81,5.98
29-Jun-1999,5.68,5.84,5.93,6.07
28-Jun-1999,5.68,5.86,5.96,6.10
25-Jun-1999,5.73,5.91,6.02,6.16
24-Jun-1999,5.75,5.93,6.05,6.17
23-Jun-1999,5.70,5.90,6.00,6.13
22-Jun-1999,5.65,5.84,5.94,6.07
21-Jun-1999,5.62,5.81,5.90,6.03
18-Jun-1999,5.56,5.75,5.84,5.98
17-Jun-1999,5.49,5.67,5.79,5.95
16-Jun-1999,5.61,5.84,5.94,6.08
15-Jun-1999,5.66,5.87,5.98,6.11
14-Jun-1999,5.66,5.89,5.98,6.11
11-Jun-1999,5.70,5.92,6.02,6.13
10-Jun-1999,5.66,5.85,5.92,6.05
09-Jun-1999,5.61,5.79,5.87,6.02
08-Jun-1999,5.57,5.74,5.83,6.00
07-Jun-1999,5.56,5.73,5.81,5.97
04-Jun-1999,5.56,5.75,5.82,5.97
03-Jun-1999,5.54,5.75,5.80,5.96
02-Jun-1999,5.55,5.75,5.80,5.94
01-Jun-1999,5.54,5.74,5.78,5.94
28-May-1999,5.42,5.60,5.64,5.84
27-May-1999,5.43,5.59,5.62,5.85
26-May-1999,5.33,5.49,5.55,5.80
25-May-1999,5.30,5.44,5.49,5.76
24-May-1999,5.28,5.43,5.50,5.77
21-May-1999,5.30,5.46,5.52,5.78
20-May-1999,5.35,5.53,5.60,5.83
19-May-1999,5.37,5.54,5.60,5.81
18-May-1999,5.38,5.58,5.68,5.90
17-May-1999,5.31,5.53,5.66,5.91
14-May-1999,5.30,5.48,5.62,5.92
13-May-1999,5.12,5.29,5.41,5.75
12-May-1999,5.19,5.39,5.51,5.83
11-May-1999,5.19,5.40,5.59,5.85
10-May-1999,5.15,5.38,5.54,5.79
07-May-1999,5.19,5.40,5.54,5.82
06-May-1999,5.19,5.39,5.52,5.80
05-May-1999,5.09,5.27,5.40,5.71
04-May-1999,5.12,5.30,5.42,5.72
03-May-1999,5.08,5.25,5.38,5.67
30-Apr-1999,5.08,5.24,5.36,5.68
29-Apr-1999,4.95,5.09,5.22,5.53
28-Apr-1999,5.02,5.16,5.27,5.58
27-Apr-1999,5.04,5.12,5.22,5.55
26-Apr-1999,5.04,5.14,5.23,5.57
23-Apr-1999,5.04,5.15,5.26,5.60
22-Apr-1999,5.05,5.15,5.25,5.61
21-Apr-1999,4.99,5.07,5.17,5.52
20-Apr-1999,4.95,5.06,5.16,5.52
19-Apr-1999,4.99,5.08,5.18,5.55
16-Apr-1999,5.02,5.13,5.23,5.57
15-Apr-1999,4.97,5.08,5.18,5.53
14-Apr-1999,4.95,5.04,5.13,5.51
13-Apr-1999,4.94,5.02,5.12,5.50
12-Apr-1999,4.93,4.98,5.06,5.45
09-Apr-1999,4.88,4.96,5.05,5.46
08-Apr-1999,4.86,4.94,5.03,5.44
07-Apr-1999,4.93,5.04,5.14,5.51
06-Apr-1999,4.93,5.01,5.13,5.52
05-Apr-1999,4.96,5.07,5.20,5.59
02-Apr-1999,4.96,5.07,5.20,5.59
01-Apr-1999,5.01,5.15,5.27,5.67
31-Mar-1999,4.99,5.12,5.25,5.63
30-Mar-1999,4.97,5.09,5.21,5.59
29-Mar-1999,5.02,5.15,5.28,5.65
26-Mar-1999,4.99,5.10,5.21,5.61
25-Mar-1999,5.02,5.12,5.21,5.59
24-Mar-1999,4.98,5.07,5.17,5.54
23-Mar-1999,5.03,5.11,5.20,5.57
22-Mar-1999,5.08,5.13,5.21,5.57
19-Mar-1999,5.04,5.07,5.17,5.53
18-Mar-1999,4.99,5.02,5.11,5.49
17-Mar-1999,5.01,5.05,5.14,5.51
16-Mar-1999,4.97,5.03,5.11,5.48
15-Mar-1999,4.99,5.07,5.15,5.51
12-Mar-1999,5.00,5.08,5.16,5.54
11-Mar-1999,5.05,5.13,5.21,5.57
10-Mar-1999,5.04,5.13,5.20,5.56
09-Mar-1999,5.02,5.11,5.18,5.54
08-Mar-1999,5.12,5.21,5.29,5.60
05-Mar-1999,5.14,5.24,5.34,5.60
04-Mar-1999,5.20,5.32,5.41,5.69
03-Mar-1999,5.19,5.29,5.39,5.68
02-Mar-1999,5.18,5.27,5.35,5.63
01-Mar-1999,5.20,5.32,5.40,5.67
26-Feb-1999,5.13,5.21,5.29,5.57
25-Feb-1999,5.15,5.23,5.32,5.61
24-Feb-1999,5.05,5.12,5.18,5.51
23-Feb-1999,5.00,5.04,5.10,5.42
22-Feb-1999,4.91,4.95,5.03,5.36
19-Feb-1999,4.95,4.99,5.07,5.38
18-Feb-1999,4.93,4.96,5.04,5.37
17-Feb-1999,4.89,4.91,4.98,5.32
16-Feb-1999,4.93,4.96,5.03,5.35
12-Feb-1999,4.91,4.96,5.06,5.42
11-Feb-1999,4.80,4.83,4.93,5.29
10-Feb-1999,4.77,4.79,4.90,5.34
09-Feb-1999,4.79,4.78,4.91,5.33
08-Feb-1999,4.80,4.86,4.94,5.35
05-Feb-1999,4.80,4.88,4.94,5.34
04-Feb-1999,4.77,4.82,4.89,5.30
03-Feb-1999,4.72,4.74,4.83,5.25
02-Feb-1999,4.70,4.70,4.79,5.24
01-Feb-1999,4.65,4.65,4.75,5.19
29-Jan-1999,4.58,4.55,4.66,5.09
28-Jan-1999,4.58,4.57,4.67,5.11
27-Jan-1999,4.57,4.57,4.68,5.14
26-Jan-1999,4.63,4.58,4.69,5.12
25-Jan-1999,4.59,4.55,4.67,5.12
22-Jan-1999,4.59,4.54,4.64,5.09
21-Jan-1999,4.63,4.60,4.70,5.14
20-Jan-1999,4.66,4.65,4.76,5.18
19-Jan-1999,4.62,4.60,4.71,5.14
15-Jan-1999,4.56,4.54,4.66,5.10
14-Jan-1999,4.47,4.48,4.63,5.07
13-Jan-1999,4.61,4.60,4.74,5.16
12-Jan-1999,4.68,4.68,4.82,5.23
11-Jan-1999,4.74,4.76,4.90,5.29
08-Jan-1999,4.71,4.72,4.86,5.26
07-Jan-1999,4.63,4.62,4.77,5.23
06-Jan-1999,4.62,4.61,4.73,5.17
05-Jan-1999,4.64,4.62,4.74,5.21
04-Jan-1999,4.58,4.57,4.69,5.15
31-Dec-1998,4.54,4.56,4.65,5.09
30-Dec-1998,4.56,4.55,4.65,5.09
29-Dec-1998,4.60,4.60,4.71,5.12
28-Dec-1998,4.73,4.66,4.78,5.17
24-Dec-1998,4.78,4.74,4.86,5.23
23-Dec-1998,4.73,4.65,4.81,5.20
22-Dec-1998,4.59,4.50,4.70,5.13
21-Dec-1998,4.56,4.45,4.64,5.07
18-Dec-1998,4.45,4.38,4.58,5.01
17-Dec-1998,4.42,4.34,4.58,5.01
16-Dec-1998,4.40,4.34,4.58,5.01
15-Dec-1998,4.47,4.39,4.62,5.03
14-Dec-1998,4.42,4.35,4.58,4.99
11-Dec-1998,4.46,4.39,4.61,5.02
10-Dec-1998,4.39,4.33,4.53,4.95
09-Dec-1998,4.42,4.37,4.56,4.97
08-Dec-1998,4.46,4.40,4.60,5.00
07-Dec-1998,4.54,4.47,4.69,5.05
04-Dec-1998,4.46,4.38,4.62,5.05
03-Dec-1998,4.36,4.31,4.58,5.02
02-Dec-1998,4.36,4.31,4.59,5.03
01-Dec-1998,4.44,4.43,4.67,5.06
30-Nov-1998,4.54,4.51,4.74,5.08
27-Nov-1998,4.62,4.60,4.81,5.16
25-Nov-1998,4.66,4.63,4.83,5.19
24-Nov-1998,4.64,4.63,4.85,5.23
23-Nov-1998,4.63,4.60,4.84,5.25
20-Nov-1998,4.66,4.60,4.82,5.22
19-Nov-1998,4.66,4.63,4.85,5.25
18-Nov-1998,4.63,4.58,4.85,5.25
17-Nov-1998,4.58,4.57,4.87,5.30
16-Nov-1998,4.56,4.55,4.85,5.28
13-Nov-1998,4.54,4.53,4.82,5.26
12-Nov-1998,4.47,4.47,4.77,5.25
10-Nov-1998,4.50,4.50,4.81,5.27
09-Nov-1998,4.57,4.55,4.88,5.28
06-Nov-1998,4.59,4.58,4.93,5.37
05-Nov-1998,4.47,4.48,4.82,5.29
04-Nov-1998,4.43,4.48,4.83,5.34
03-Nov-1998,4.25,4.33,4.78,5.22
02-Nov-1998,4.26,4.39,4.77,5.23
30-Oct-1998,4.12,4.24,4.64,5.15
29-Oct-1998,4.00,4.13,4.54,5.09
28-Oct-1998,4.01,4.18,4.60,5.13
27-Oct-1998,4.12,4.23,4.63,5.08
26-Oct-1998,4.23,4.32,4.73,5.13
23-Oct-1998,4.20,4.28,4.70,5.16
22-Oct-1998,4.16,4.19,4.62,5.13
21-Oct-1998,4.12,4.17,4.59,5.08
20-Oct-1998,3.98,4.14,4.57,5.06
19-Oct-1998,3.90,4.06,4.47,4.98
16-Oct-1998,3.86,4.04,4.44,4.96
15-Oct-1998,4.13,4.23,4.58,5.02
14-Oct-1998,4.08,4.23,4.58,5.00
13-Oct-1998,4.13,4.37,4.73,5.10
09-Oct-1998,4.19,4.46,4.77,5.13
08-Oct-1998,4.10,4.29,4.56,4.99
07-Oct-1998,4.12,4.13,4.34,4.83
06-Oct-1998,4.10,4.05,4.24,4.75
05-Oct-1998,4.04,3.95,4.16,4.70
02-Oct-1998,4.17,4.08,4.31,4.85
01-Oct-1998,4.17,4.10,4.33,4.90
30-Sep-1998,4.30,4.23,4.44,4.98
29-Sep-1998,4.47,4.40,4.59,5.10
28-Sep-1998,4.45,4.40,4.61,5.15
25-Sep-1998,4.43,4.40,4.60,5.13
24-Sep-1998,4.43,4.43,4.64,5.15
23-Sep-1998,4.52,4.48,4.69,5.16
22-Sep-1998,4.66,4.57,4.73,5.16
21-Sep-1998,4.63,4.51,4.69,5.12
18-Sep-1998,4.61,4.50,4.70,5.15
17-Sep-1998,4.70,4.60,4.80,5.18
16-Sep-1998,4.75,4.69,4.88,5.23
15-Sep-1998,4.73,4.68,4.90,5.25
14-Sep-1998,4.72,4.65,4.87,5.23
11-Sep-1998,4.68,4.65,4.85,5.23
10-Sep-1998,4.57,4.55,4.76,5.18
09-Sep-1998,4.79,4.79,4.95,5.28
08-Sep-1998,4.91,4.89,5.04,5.34
04-Sep-1998,4.91,4.90,5.02,5.29
03-Sep-1998,4.91,4.91,5.03,5.31
02-Sep-1998,4.96,4.96,5.10,5.34
01-Sep-1998,4.86,4.91,5.05,5.34
31-Aug-1998,4.91,4.91,5.05,5.30
28-Aug-1998,4.93,4.94,5.09,5.37
27-Aug-1998,4.98,4.97,5.12,5.38
26-Aug-1998,5.12,5.11,5.26,5.44
25-Aug-1998,5.18,5.13,5.25,5.44
24-Aug-1998,5.22,5.19,5.30,5.48
21-Aug-1998,5.25,5.24,5.32,5.46
20-Aug-1998,5.32,5.32,5.38,5.52
19-Aug-1998,5.34,5.35,5.42,5.56
18-Aug-1998,5.36,5.35,5.41,5.56
17-Aug-1998,5.34,5.33,5.40,5.56
14-Aug-1998,5.34,5.34,5.40,5.55
13-Aug-1998,5.37,5.38,5.44,5.60
12-Aug-1998,5.32,5.34,5.40,5.62
11-Aug-1998,5.31,5.33,5.37,5.60
10-Aug-1998,5.34,5.39,5.41,5.63
07-Aug-1998,5.34,5.39,5.40,5.63
06-Aug-1998,5.39,5.43,5.44,5.67
05-Aug-1998,5.39,5.43,5.43,5.66
04-Aug-1998,5.43,5.44,5.43,5.65
03-Aug-1998,5.46,5.46,5.46,5.67
31-Jul-1998,5.49,5.52,5.50,5.72
30-Jul-1998,5.49,5.52,5.50,5.73
29-Jul-1998,5.49,5.52,5.52,5.77
28-Jul-1998,5.46,5.49,5.50,5.74
27-Jul-1998,5.48,5.49,5.47,5.70
24-Jul-1998,5.48,5.48,5.45,5.68
23-Jul-1998,5.46,5.46,5.45,5.66
22-Jul-1998,5.48,5.47,5.46,5.68
21-Jul-1998,5.46,5.46,5.45,5.67
20-Jul-1998,5.46,5.47,5.48,5.71
17-Jul-1998,5.46,5.49,5.51,5.75
16-Jul-1998,5.46,5.48,5.50,5.72
15-Jul-1998,5.46,5.46,5.48,5.70
14-Jul-1998,5.46,5.47,5.49,5.72
13-Jul-1998,5.44,5.45,5.46,5.68
10-Jul-1998,5.41,5.40,5.42,5.63
09-Jul-1998,5.43,5.40,5.41,5.60
08-Jul-1998,5.44,5.43,5.43,5.63
07-Jul-1998,5.44,5.43,5.42,5.60
06-Jul-1998,5.43,5.40,5.39,5.57
02-Jul-1998,5.44,5.43,5.42,5.60
01-Jul-1998,5.46,5.43,5.44,5.63
30-Jun-1998,5.49,5.47,5.44,5.62
29-Jun-1998,5.51,5.50,5.47,5.65
26-Jun-1998,5.51,5.49,5.46,5.64
25-Jun-1998,5.53,5.50,5.46,5.66
24-Jun-1998,5.49,5.48,5.46,5.66
23-Jun-1998,5.49,5.51,5.45,5.64
22-Jun-1998,5.52,5.52,5.46,5.66
19-Jun-1998,5.52,5.52,5.47,5.67
18-Jun-1998,5.53,5.55,5.50,5.70
17-Jun-1998,5.55,5.57,5.54,5.74
16-Jun-1998,5.50,5.49,5.45,5.65
15-Jun-1998,5.43,5.42,5.38,5.61
12-Jun-1998,5.43,5.43,5.43,5.66
11-Jun-1998,5.45,5.46,5.44,5.65
10-Jun-1998,5.55,5.55,5.51,5.70
09-Jun-1998,5.60,5.61,5.59,5.79
08-Jun-1998,5.58,5.60,5.58,5.79
05-Jun-1998,5.58,5.60,5.58,5.79
04-Jun-1998,5.58,5.60,5.59,5.82
03-Jun-1998,5.55,5.57,5.57,5.80
02-Jun-1998,5.53,5.56,5.56,5.80
01-Jun-1998,5.52,5.53,5.53,5.78
29-May-1998,5.53,5.56,5.56,5.81
28-May-1998,5.57,5.56,5.58,5.83
27-May-1998,5.53,5.57,5.56,5.83
26-May-1998,5.61,5.60,5.59,5.85
22-May-1998,5.63,5.65,5.64,5.90
21-May-1998,5.63,5.66,5.65,5.93
20-May-1998,5.57,5.60,5.61,5.89
19-May-1998,5.59,5.63,5.65,5.94
18-May-1998,5.59,5.63,5.64,5.92
15-May-1998,5.63,5.67,5.68,5.97
14-May-1998,5.63,5.66,5.67,5.98
13-May-1998,5.59,5.63,5.64,5.95
12-May-1998,5.59,5.65,5.70,5.96
11-May-1998,5.66,5.72,5.79,6.04
08-May-1998,5.61,5.65,5.71,5.98
07-May-1998,5.56,5.60,5.67,5.95
06-May-1998,5.56,5.60,5.67,5.94
05-May-1998,5.61,5.66,5.70,5.98
04-May-1998,5.59,5.63,5.67,5.94
01-May-1998,5.59,5.63,5.67,5.94
30-Apr-1998,5.59,5.65,5.68,5.95
29-Apr-1998,5.71,5.78,5.81,6.08
28-Apr-1998,5.69,5.78,5.80,6.07
27-Apr-1998,5.71,5.77,5.80,6.07
24-Apr-1998,5.61,5.65,5.67,5.95
23-Apr-1998,5.61,5.66,5.69,5.98
22-Apr-1998,5.60,5.66,5.68,5.96
21-Apr-1998,5.60,5.66,5.68,5.96
20-Apr-1998,5.57,5.61,5.65,5.92
17-Apr-1998,5.54,5.57,5.59,5.88
16-Apr-1998,5.53,5.57,5.59,5.87
15-Apr-1998,5.55,5.59,5.60,5.89
14-Apr-1998,5.57,5.60,5.63,5.91
13-Apr-1998,5.59,5.64,5.66,5.94
09-Apr-1998,5.50,5.56,5.59,5.88
08-Apr-1998,5.49,5.54,5.58,5.90
07-Apr-1998,5.45,5.50,5.53,5.84
06-Apr-1998,5.45,5.49,5.51,5.82
03-Apr-1998,5.42,5.44,5.47,5.78
02-Apr-1998,5.52,5.54,5.56,5.85
01-Apr-1998,5.55,5.59,5.62,5.90
31-Mar-1998,5.60,5.64,5.67,5.94
30-Mar-1998,5.65,5.70,5.72,5.98
27-Mar-1998,5.63,5.67,5.68,5.96
26-Mar-1998,5.62,5.66,5.68,5.96
25-Mar-1998,5.58,5.62,5.64,5.94
24-Mar-1998,5.50,5.57,5.58,5.88
23-Mar-1998,5.52,5.56,5.57,5.88
20-Mar-1998,5.52,5.56,5.57,5.89
19-Mar-1998,5.52,5.56,5.58,5.90
18-Mar-1998,5.52,5.55,5.58,5.91
17-Mar-1998,5.50,5.53,5.56,5.89
16-Mar-1998,5.47,5.52,5.54,5.86
13-Mar-1998,5.50,5.54,5.58,5.89
12-Mar-1998,5.50,5.52,5.56,5.87
11-Mar-1998,5.53,5.57,5.63,5.93
10-Mar-1998,5.55,5.62,5.67,5.97
09-Mar-1998,5.57,5.61,5.67,5.97
06-Mar-1998,5.58,5.65,5.73,6.02
05-Mar-1998,5.62,5.71,5.78,6.07
04-Mar-1998,5.63,5.71,5.76,6.05
03-Mar-1998,5.64,5.72,5.77,6.07
02-Mar-1998,5.60,5.67,5.72,6.03
27-Feb-1998,5.55,5.59,5.62,5.92
26-Feb-1998,5.58,5.62,5.65,5.95
25-Feb-1998,5.55,5.60,5.63,5.93
24-Feb-1998,5.57,5.66,5.69,5.97
23-Feb-1998,5.46,5.53,5.58,5.91
20-Feb-1998,5.41,5.49,5.54,5.87
19-Feb-1998,5.39,5.47,5.51,5.85
18-Feb-1998,5.37,5.44,5.49,5.84
17-Feb-1998,5.34,5.41,5.44,5.80
13-Feb-1998,5.36,5.44,5.49,5.85
12-Feb-1998,5.39,5.46,5.52,5.87
11-Feb-1998,5.39,5.46,5.53,5.86
10-Feb-1998,5.41,5.49,5.64,5.93
09-Feb-1998,5.41,5.51,5.65,5.94
06-Feb-1998,5.38,5.48,5.62,5.92
05-Feb-1998,5.36,5.46,5.62,5.92
04-Feb-1998,5.32,5.41,5.57,5.87
03-Feb-1998,5.34,5.41,5.56,5.86
02-Feb-1998,5.36,5.43,5.57,5.87
30-Jan-1998,5.32,5.39,5.53,5.82
29-Jan-1998,5.36,5.43,5.58,5.85
28-Jan-1998,5.46,5.54,5.69,5.94
27-Jan-1998,5.46,5.57,5.70,5.95
26-Jan-1998,5.39,5.49,5.63,5.90
23-Jan-1998,5.42,5.53,5.70,5.98
22-Jan-1998,5.30,5.39,5.56,5.85
21-Jan-1998,5.33,5.41,5.54,5.81
20-Jan-1998,5.37,5.45,5.57,5.83
16-Jan-1998,5.35,5.42,5.54,5.81
15-Jan-1998,5.29,5.34,5.48,5.74
14-Jan-1998,5.29,5.33,5.45,5.74
13-Jan-1998,5.25,5.28,5.41,5.71
12-Jan-1998,5.20,5.24,5.39,5.70
09-Jan-1998,5.17,5.22,5.40,5.71
08-Jan-1998,5.31,5.34,5.49,5.75
07-Jan-1998,5.42,5.45,5.55,5.80
06-Jan-1998,5.39,5.41,5.49,5.73
05-Jan-1998,5.47,5.46,5.52,5.74
02-Jan-1998,5.59,5.63,5.67,5.86
31-Dec-1997,5.66,5.71,5.75,5.93
30-Dec-1997,5.71,5.76,5.80,5.98
29-Dec-1997,5.69,5.73,5.76,5.93
26-Dec-1997,5.69,5.72,5.75,5.90
24-Dec-1997,5.67,5.72,5.76,5.91
23-Dec-1997,5.69,5.71,5.73,5.90
22-Dec-1997,5.69,5.71,5.72,5.89
19-Dec-1997,5.66,5.70,5.72,5.92
18-Dec-1997,5.68,5.74,5.76,5.94
17-Dec-1997,5.70,5.77,5.81,5.99
16-Dec-1997,5.68,5.74,5.77,5.96
15-Dec-1997,5.68,5.74,5.78,5.97
12-Dec-1997,5.63,5.71,5.74,5.94
11-Dec-1997,5.68,5.77,5.82,6.02
10-Dec-1997,5.75,5.85,5.90,6.10
09-Dec-1997,5.81,5.90,5.95,6.14
08-Dec-1997,5.85,5.92,5.96,6.14
05-Dec-1997,5.80,5.87,5.92,6.09
04-Dec-1997,5.71,5.78,5.84,6.04
03-Dec-1997,5.74,5.80,5.83,6.02
02-Dec-1997,5.78,5.83,5.86,6.03
01-Dec-1997,5.78,5.83,5.86,6.04
28-Nov-1997,5.76,5.83,5.86,6.04
26-Nov-1997,5.74,5.82,5.86,6.06
25-Nov-1997,5.71,5.80,5.85,6.06
24-Nov-1997,5.71,5.81,5.86,6.08
21-Nov-1997,5.68,5.77,5.82,6.04
20-Nov-1997,5.73,5.80,5.84,6.05
19-Nov-1997,5.70,5.77,5.82,6.03
18-Nov-1997,5.71,5.80,5.85,6.07
17-Nov-1997,5.70,5.79,5.85,6.07
14-Nov-1997,5.70,5.80,5.86,6.09
13-Nov-1997,5.70,5.79,5.87,6.11
12-Nov-1997,5.70,5.81,5.89,6.13
10-Nov-1997,5.73,5.82,5.91,6.15
07-Nov-1997,5.71,5.81,5.90,6.14
06-Nov-1997,5.70,5.79,5.90,6.15
05-Nov-1997,5.73,5.84,5.95,6.24
04-Nov-1997,5.73,5.83,5.95,6.25
03-Nov-1997,5.69,5.79,5.91,6.21
31-Oct-1997,5.63,5.72,5.84,6.15
30-Oct-1997,5.61,5.73,5.84,6.17
29-Oct-1997,5.67,5.78,5.91,6.23
28-Oct-1997,5.74,5.89,5.98,6.29
27-Oct-1997,5.62,5.79,5.91,6.24
24-Oct-1997,5.79,5.94,6.01,6.30
23-Oct-1997,5.79,5.95,6.04,6.33
22-Oct-1997,5.91,6.06,6.12,6.41
21-Oct-1997,5.92,6.07,6.14,6.42
20-Oct-1997,5.90,6.07,6.15,6.42
17-Oct-1997,5.91,6.08,6.17,6.44
16-Oct-1997,5.84,6.00,6.09,6.39
15-Oct-1997,5.84,6.00,6.10,6.39
14-Oct-1997,5.81,5.97,6.07,6.36
10-Oct-1997,5.86,6.03,6.15,6.44
09-Oct-1997,5.80,5.98,6.09,6.38
08-Oct-1997,5.79,5.96,6.08,6.37
07-Oct-1997,5.67,5.82,5.94,6.24
06-Oct-1997,5.68,5.85,5.96,6.27
03-Oct-1997,5.72,5.89,6.01,6.30
02-Oct-1997,5.73,5.91,6.01,6.31
01-Oct-1997,5.75,5.93,6.04,6.33
30-Sep-1997,5.80,6.00,6.12,6.41
29-Sep-1997,5.80,5.99,6.10,6.39
26-Sep-1997,5.80,5.99,6.08,6.37
25-Sep-1997,5.85,6.04,6.13,6.40
24-Sep-1997,5.78,5.97,6.04,6.32
23-Sep-1997,5.80,6.02,6.10,6.38
22-Sep-1997,5.79,5.99,6.06,6.35
19-Sep-1997,5.81,6.01,6.09,6.38
18-Sep-1997,5.81,6.02,6.11,6.40
17-Sep-1997,5.79,5.99,6.10,6.39
16-Sep-1997,5.81,6.00,6.11,6.41
15-Sep-1997,5.93,6.17,6.28,6.58
12-Sep-1997,5.93,6.17,6.29,6.59
11-Sep-1997,6.00,6.27,6.39,6.68
10-Sep-1997,6.00,6.26,6.37,6.66
09-Sep-1997,5.98,6.24,6.34,6.63
08-Sep-1997,5.98,6.23,6.33,6.62
05-Sep-1997,5.98,6.24,6.37,6.65
04-Sep-1997,5.98,6.22,6.33,6.61
03-Sep-1997,5.96,6.21,6.33,6.60
02-Sep-1997,5.94,6.20,6.31,6.58
29-Aug-1997,5.97,6.22,6.34,6.61
28-Aug-1997,5.94,6.18,6.30,6.57
27-Aug-1997,6.01,6.23,6.38,6.66
26-Aug-1997,5.99,6.24,6.38,6.66
25-Aug-1997,6.01,6.25,6.39,6.67
22-Aug-1997,5.98,6.21,6.38,6.67
21-Aug-1997,5.95,6.15,6.30,6.60
20-Aug-1997,5.88,6.10,6.24,6.54
19-Aug-1997,5.85,6.07,6.21,6.51
18-Aug-1997,5.82,6.06,6.21,6.53
15-Aug-1997,5.87,6.10,6.27,6.57
14-Aug-1997,5.92,6.13,6.27,6.56
13-Aug-1997,5.95,6.19,6.36,6.64
12-Aug-1997,6.00,6.22,6.39,6.66
11-Aug-1997,5.99,6.20,6.36,6.64
08-Aug-1997,6.02,6.23,6.38,6.64
07-Aug-1997,5.93,6.14,6.24,6.51
06-Aug-1997,5.91,6.11,6.21,6.48
05-Aug-1997,5.93,6.13,6.23,6.49
04-Aug-1997,5.91,6.12,6.23,6.48
01-Aug-1997,5.89,6.08,6.20,6.46
31-Jul-1997,5.74,5.90,6.02,6.30
30-Jul-1997,5.76,5.95,6.05,6.33
29-Jul-1997,5.79,6.00,6.11,6.38
28-Jul-1997,5.86,6.06,6.16,6.43
25-Jul-1997,5.87,6.08,6.18,6.45
24-Jul-1997,5.87,6.06,6.16,6.43
23-Jul-1997,5.85,6.06,6.14,6.42
22-Jul-1997,5.90,6.07,6.15,6.43
21-Jul-1997,5.94,6.18,6.27,6.55
18-Jul-1997,5.91,6.16,6.24,6.52
17-Jul-1997,5.87,6.11,6.19,6.49
16-Jul-1997,5.87,6.11,6.20,6.48
15-Jul-1997,5.92,6.16,6.26,6.55
14-Jul-1997,5.94,6.16,6.26,6.55
11-Jul-1997,5.89,6.13,6.23,6.53
10-Jul-1997,5.91,6.15,6.26,6.56
09-Jul-1997,5.90,6.15,6.25,6.56
08-Jul-1997,5.92,6.17,6.27,6.59
07-Jul-1997,5.92,6.17,6.27,6.58
03-Jul-1997,5.93,6.20,6.31,6.63
02-Jul-1997,6.02,6.30,6.42,6.72
01-Jul-1997,6.02,6.33,6.45,6.74
30-Jun-1997,6.08,6.40,6.51,6.80
27-Jun-1997,6.03,6.35,6.46,6.75
26-Jun-1997,6.05,6.36,6.50,6.78
25-Jun-1997,6.05,6.34,6.45,6.74
24-Jun-1997,6.03,6.31,6.42,6.70
23-Jun-1997,6.04,6.30,6.40,6.69
20-Jun-1997,6.02,6.27,6.37,6.65
19-Jun-1997,6.04,6.29,6.40,6.68
18-Jun-1997,6.02,6.29,6.40,6.69
17-Jun-1997,6.05,6.31,6.43,6.72
16-Jun-1997,6.02,6.28,6.40,6.70
13-Jun-1997,6.03,6.30,6.43,6.73
12-Jun-1997,6.07,6.35,6.48,6.77
11-Jun-1997,6.19,6.45,6.56,6.83
10-Jun-1997,6.17,6.46,6.57,6.84
09-Jun-1997,6.15,6.44,6.55,6.83
06-Jun-1997,6.12,6.39,6.51,6.78
05-Jun-1997,6.20,6.49,6.62,6.88
04-Jun-1997,6.20,6.49,6.62,6.88
03-Jun-1997,6.20,6.49,6.63,6.88
02-Jun-1997,6.23,6.52,6.66,6.90
30-May-1997,6.22,6.51,6.67,6.92
29-May-1997,6.30,6.61,6.75,6.99
28-May-1997,6.34,6.65,6.80,7.03
27-May-1997,6.30,6.64,6.79,7.03
23-May-1997,6.25,6.59,6.74,6.99
22-May-1997,6.27,6.61,6.76,7.00
21-May-1997,6.25,6.57,6.74,6.97
20-May-1997,6.25,6.54,6.70,6.92
19-May-1997,6.28,6.57,6.71,6.92
16-May-1997,6.28,6.55,6.70,6.91
15-May-1997,6.25,6.52,6.67,6.88
14-May-1997,6.26,6.54,6.68,6.90
13-May-1997,6.30,6.60,6.71,6.92
12-May-1997,6.23,6.50,6.65,6.88
09-May-1997,6.24,6.51,6.67,6.89
08-May-1997,6.33,6.59,6.72,6.92
07-May-1997,6.36,6.63,6.76,6.96
06-May-1997,6.29,6.56,6.67,6.89
05-May-1997,6.28,6.54,6.67,6.90
02-May-1997,6.26,6.54,6.68,6.90
01-May-1997,6.27,6.55,6.69,6.93
30-Apr-1997,6.29,6.57,6.72,6.95
29-Apr-1997,6.34,6.64,6.77,6.99
28-Apr-1997,6.51,6.81,6.92,7.12
25-Apr-1997,6.54,6.83,6.94,7.14
24-Apr-1997,6.52,6.83,6.93,7.13
23-Apr-1997,6.47,6.78,6.89,7.09
22-Apr-1997,6.43,6.73,6.84,7.05
21-Apr-1997,6.46,6.76,6.87,7.09
18-Apr-1997,6.42,6.73,6.84,7.06
17-Apr-1997,6.44,6.75,6.86,7.07
16-Apr-1997,6.49,6.79,6.90,7.11
15-Apr-1997,6.45,6.76,6.88,7.10
14-Apr-1997,6.54,6.86,6.98,7.17
11-Apr-1997,6.53,6.85,6.98,7.17
10-Apr-1997,6.46,6.78,6.91,7.11
09-Apr-1997,6.44,6.77,6.91,7.11
08-Apr-1997,6.44,6.76,6.91,7.11
07-Apr-1997,6.41,6.73,6.87,7.08
04-Apr-1997,6.44,6.78,6.92,7.14
03-Apr-1997,6.40,6.72,6.86,7.08
02-Apr-1997,6.42,6.73,6.88,7.08
01-Apr-1997,6.42,6.74,6.90,7.09
31-Mar-1997,6.45,6.77,6.92,7.10
27-Mar-1997,6.45,6.76,6.90,7.09
26-Mar-1997,6.38,6.66,6.80,7.00
25-Mar-1997,6.33,6.63,6.75,6.95
24-Mar-1997,6.29,6.58,6.72,6.94
21-Mar-1997,6.29,6.61,6.74,6.96
20-Mar-1997,6.27,6.61,6.75,6.97
19-Mar-1997,6.24,6.58,6.74,6.99
18-Mar-1997,6.22,6.56,6.72,6.96
17-Mar-1997,6.22,6.55,6.72,6.96
14-Mar-1997,6.18,6.53,6.71,6.95
13-Mar-1997,6.21,6.55,6.72,6.98
12-Mar-1997,6.12,6.43,6.60,6.87
11-Mar-1997,6.09,6.40,6.57,6.84
10-Mar-1997,6.10,6.40,6.56,6.83
07-Mar-1997,6.10,6.39,6.57,6.83
06-Mar-1997,6.15,6.45,6.62,6.89
05-Mar-1997,6.13,6.43,6.60,6.85
04-Mar-1997,6.11,6.44,6.60,6.86
03-Mar-1997,6.11,6.41,6.58,6.83
28-Feb-1997,6.09,6.39,6.56,6.80
27-Feb-1997,6.09,6.40,6.58,6.82
26-Feb-1997,6.06,6.37,6.56,6.80
25-Feb-1997,5.90,6.20,6.40,6.66
24-Feb-1997,5.89,6.19,6.39,6.66
21-Feb-1997,5.85,6.16,6.36,6.63
20-Feb-1997,5.85,6.17,6.38,6.64
19-Feb-1997,5.82,6.10,6.30,6.57
18-Feb-1997,5.80,6.08,6.28,6.55
14-Feb-1997,5.79,6.07,6.28,6.53
13-Feb-1997,5.83,6.12,6.32,6.58
12-Feb-1997,5.90,6.19,6.39,6.72
11-Feb-1997,5.88,6.18,6.43,6.71
10-Feb-1997,5.87,6.16,6.43,6.71
07-Feb-1997,5.86,6.17,6.43,6.72
06-Feb-1997,5.91,6.22,6.49,6.76
05-Feb-1997,5.91,6.21,6.47,6.75
04-Feb-1997,5.88,6.19,6.45,6.72
03-Feb-1997,5.89,6.21,6.47,6.74
31-Jan-1997,5.94,6.26,6.53,6.80
30-Jan-1997,6.01,6.35,6.61,6.88
29-Jan-1997,6.04,6.38,6.63,6.90
28-Jan-1997,6.04,6.38,6.64,6.91
27-Jan-1997,6.11,6.42,6.69,6.94
24-Jan-1997,6.07,6.39,6.64,6.89
23-Jan-1997,6.06,6.35,6.60,6.85
22-Jan-1997,6.00,6.32,6.56,6.83
21-Jan-1997,5.99,6.29,6.52,6.78
17-Jan-1997,6.00,6.32,6.56,6.83
16-Jan-1997,6.00,6.33,6.57,6.83
15-Jan-1997,5.98,6.30,6.53,6.79
14-Jan-1997,5.98,6.30,6.53,6.77
13-Jan-1997,6.07,6.40,6.63,6.85
10-Jan-1997,6.06,6.40,6.63,6.86
09-Jan-1997,5.94,6.27,6.52,6.76
08-Jan-1997,6.01,6.34,6.60,6.83
07-Jan-1997,5.98,6.32,6.57,6.80
06-Jan-1997,5.97,6.30,6.54,6.77
03-Jan-1997,5.95,6.28,6.52,6.74
02-Jan-1997,5.97,6.30,6.54,6.75
31-Dec-1996,5.88,6.21,6.43,6.65
30-Dec-1996,5.80,6.10,6.31,6.54
27-Dec-1996,5.81,6.09,6.30,6.54
26-Dec-1996,5.85,6.13,6.35,6.59
24-Dec-1996,5.85,6.13,6.36,6.59
23-Dec-1996,5.85,6.12,6.34,6.58
20-Dec-1996,5.83,6.12,6.35,6.59
19-Dec-1996,5.83,6.13,6.36,6.60
18-Dec-1996,5.89,6.21,6.46,6.69
17-Dec-1996,5.87,6.17,6.42,6.66
16-Dec-1996,5.82,6.13,6.39,6.63
13-Dec-1996,5.77,6.06,6.33,6.58
12-Dec-1996,5.84,6.14,6.40,6.64
11-Dec-1996,5.82,6.14,6.38,6.61
10-Dec-1996,5.71,5.99,6.23,6.49
09-Dec-1996,5.70,5.97,6.21,6.48
06-Dec-1996,5.73,6.02,6.26,6.53
05-Dec-1996,5.71,5.99,6.22,6.50
04-Dec-1996,5.64,5.89,6.11,6.40
03-Dec-1996,5.61,5.84,6.06,6.35
02-Dec-1996,5.61,5.85,6.08,6.36
29-Nov-1996,5.59,5.84,6.06,6.36
27-Nov-1996,5.66,5.91,6.14,6.44
26-Nov-1996,5.66,5.91,6.13,6.43
25-Nov-1996,5.67,5.92,6.13,6.42
22-Nov-1996,5.69,5.94,6.15,6.44
21-Nov-1996,5.67,5.94,6.15,6.42
20-Nov-1996,5.65,5.92,6.14,6.41
19-Nov-1996,5.68,5.94,6.17,6.44
18-Nov-1996,5.70,5.97,6.20,6.46
15-Nov-1996,5.68,5.96,6.19,6.46
14-Nov-1996,5.66,5.93,6.15,6.42
13-Nov-1996,5.71,5.99,6.20,6.46
12-Nov-1996,5.73,5.98,6.19,6.44
08-Nov-1996,5.76,6.04,6.29,6.51
07-Nov-1996,5.75,6.01,6.26,6.48
06-Nov-1996,5.76,6.05,6.30,6.61
05-Nov-1996,5.74,6.03,6.28,6.60
04-Nov-1996,5.78,6.10,6.36,6.67
01-Nov-1996,5.79,6.11,6.38,6.68
31-Oct-1996,5.77,6.10,6.37,6.66
30-Oct-1996,5.79,6.12,6.40,6.69
29-Oct-1996,5.77,6.12,6.40,6.70
28-Oct-1996,5.92,6.29,6.56,6.83
25-Oct-1996,5.90,6.26,6.54,6.82
24-Oct-1996,5.94,6.29,6.57,6.85
23-Oct-1996,5.94,6.31,6.56,6.84
22-Oct-1996,5.95,6.31,6.56,6.85
21-Oct-1996,5.91,6.27,6.52,6.81
18-Oct-1996,5.89,6.25,6.50,6.79
17-Oct-1996,5.89,6.25,6.51,6.81
16-Oct-1996,5.94,6.31,6.57,6.86
15-Oct-1996,5.93,6.30,6.56,6.85
11-Oct-1996,5.92,6.29,6.55,6.84
10-Oct-1996,6.01,6.37,6.61,6.89
09-Oct-1996,5.96,6.31,6.55,6.83
08-Oct-1996,5.90,6.26,6.53,6.79
07-Oct-1996,5.89,6.25,6.53,6.78
04-Oct-1996,5.85,6.20,6.48,6.74
03-Oct-1996,6.00,6.35,6.61,6.84
02-Oct-1996,5.98,6.35,6.61,6.84
01-Oct-1996,6.03,6.39,6.65,6.88
30-Sep-1996,6.10,6.46,6.72,6.93
27-Sep-1996,6.07,6.43,6.68,6.91
26-Sep-1996,6.05,6.41,6.66,6.88
25-Sep-1996,6.08,6.46,6.71,6.93
24-Sep-1996,6.16,6.52,6.77,6.99
23-Sep-1996,6.24,6.60,6.83,7.02
20-Sep-1996,6.26,6.62,6.85,7.04
19-Sep-1996,6.29,6.65,6.87,7.05
18-Sep-1996,6.26,6.61,6.83,7.02
17-Sep-1996,6.22,6.57,6.81,7.00
16-Sep-1996,6.14,6.49,6.73,6.95
13-Sep-1996,6.10,6.48,6.74,6.95
12-Sep-1996,6.27,6.64,6.88,7.08
11-Sep-1996,6.34,6.70,6.94,7.12
10-Sep-1996,6.34,6.70,6.94,7.13
09-Sep-1996,6.32,6.67,6.90,7.08
06-Sep-1996,6.33,6.72,6.94,7.12
05-Sep-1996,6.38,6.76,6.98,7.15
04-Sep-1996,6.38,6.74,6.94,7.10
03-Sep-1996,6.35,6.71,6.92,7.07
30-Aug-1996,6.34,6.73,6.96,7.13
29-Aug-1996,6.23,6.61,6.86,7.05
28-Aug-1996,6.17,6.56,6.79,6.99
27-Aug-1996,6.17,6.55,6.78,6.97
26-Aug-1996,6.18,6.57,6.80,7.00
23-Aug-1996,6.09,6.48,6.72,6.93
22-Aug-1996,6.00,6.38,6.62,6.84
21-Aug-1996,5.99,6.35,6.61,6.83
20-Aug-1996,5.97,6.34,6.59,6.80
19-Aug-1996,5.97,6.34,6.59,6.80
16-Aug-1996,5.95,6.31,6.56,6.77
15-Aug-1996,6.00,6.37,6.62,6.82
14-Aug-1996,5.97,6.33,6.58,6.78
13-Aug-1996,5.97,6.32,6.57,6.78
12-Aug-1996,5.92,6.24,6.49,6.70
09-Aug-1996,5.93,6.25,6.50,6.70
08-Aug-1996,5.97,6.29,6.56,6.76
07-Aug-1996,5.97,6.30,6.55,6.78
06-Aug-1996,5.93,6.29,6.54,6.76
05-Aug-1996,5.93,6.28,6.53,6.75
02-Aug-1996,5.91,6.26,6.51,6.74
01-Aug-1996,6.08,6.41,6.65,6.84
31-Jul-1996,6.22,6.57,6.80,6.98
30-Jul-1996,6.30,6.65,6.89,7.05
29-Jul-1996,6.32,6.69,6.93,7.09
26-Jul-1996,6.25,6.62,6.85,7.02
25-Jul-1996,6.28,6.65,6.87,7.04
24-Jul-1996,6.26,6.63,6.87,7.04
23-Jul-1996,6.23,6.60,6.80,6.97
22-Jul-1996,6.23,6.62,6.84,7.01
19-Jul-1996,6.18,6.55,6.78,6.97
18-Jul-1996,6.16,6.50,6.72,6.92
17-Jul-1996,6.23,6.61,6.83,7.02
16-Jul-1996,6.23,6.61,6.84,7.03
15-Jul-1996,6.32,6.67,6.89,7.07
12-Jul-1996,6.26,6.65,6.85,7.03
11-Jul-1996,6.28,6.67,6.90,7.07
10-Jul-1996,6.34,6.71,6.95,7.10
09-Jul-1996,6.41,6.78,7.00,7.15
08-Jul-1996,6.43,6.81,7.05,7.19
05-Jul-1996,6.44,6.82,7.06,7.19
03-Jul-1996,6.20,6.53,6.78,6.94
02-Jul-1996,6.22,6.56,6.80,6.94
01-Jul-1996,6.15,6.49,6.74,6.91
28-Jun-1996,6.11,6.47,6.73,6.90
27-Jun-1996,6.21,6.59,6.83,6.99
26-Jun-1996,6.30,6.67,6.91,7.05
25-Jun-1996,6.30,6.70,6.91,7.06
24-Jun-1996,6.32,6.72,6.94,7.09
21-Jun-1996,6.35,6.74,6.96,7.11
20-Jun-1996,6.38,6.77,6.98,7.12
19-Jun-1996,6.31,6.74,6.96,7.12
18-Jun-1996,6.28,6.71,6.93,7.09
17-Jun-1996,6.27,6.68,6.90,7.06
14-Jun-1996,6.29,6.72,6.95,7.10
13-Jun-1996,6.36,6.80,7.01,7.15
12-Jun-1996,6.39,6.81,7.03,7.18
11-Jun-1996,6.37,6.77,6.99,7.13
10-Jun-1996,6.40,6.77,6.97,7.10
07-Jun-1996,6.40,6.75,6.93,7.05
06-Jun-1996,6.16,6.52,6.76,6.91
05-Jun-1996,6.24,6.60,6.82,6.96
04-Jun-1996,6.24,6.62,6.86,7.00
03-Jun-1996,6.26,6.64,6.87,7.01
31-May-1996,6.27,6.64,6.85,7.00
30-May-1996,6.18,6.55,6.78,6.92
29-May-1996,6.16,6.56,6.77,6.94
28-May-1996,6.05,6.44,6.67,6.85
24-May-1996,6.03,6.42,6.65,6.84
23-May-1996,6.05,6.44,6.68,6.87
22-May-1996,6.03,6.38,6.63,6.81
21-May-1996,6.03,6.41,6.65,6.85
20-May-1996,6.02,6.38,6.62,6.82
17-May-1996,6.04,6.41,6.65,6.84
16-May-1996,6.08,6.45,6.70,6.90
15-May-1996,6.01,6.39,6.65,6.84
14-May-1996,6.01,6.40,6.66,6.85
13-May-1996,6.06,6.45,6.72,6.90
10-May-1996,6.04,6.45,6.75,6.93
09-May-1996,6.14,6.57,6.84,7.02
08-May-1996,6.15,6.56,6.78,7.00
07-May-1996,6.20,6.60,6.87,7.08
06-May-1996,6.15,6.57,6.86,7.07
03-May-1996,6.20,6.61,6.90,7.12
02-May-1996,6.16,6.56,6.85,7.05
01-May-1996,6.03,6.39,6.68,6.91
30-Apr-1996,6.03,6.40,6.66,6.89
29-Apr-1996,5.98,6.33,6.59,6.83
26-Apr-1996,5.92,6.29,6.54,6.79
25-Apr-1996,5.99,6.31,6.56,6.81
24-Apr-1996,5.95,6.34,6.57,6.81
23-Apr-1996,5.93,6.31,6.52,6.78
22-Apr-1996,5.92,6.28,6.48,6.75
19-Apr-1996,5.95,6.32,6.53,6.80
18-Apr-1996,6.02,6.39,6.58,6.84
17-Apr-1996,5.96,6.33,6.52,6.81
16-Apr-1996,5.91,6.28,6.48,6.78
15-Apr-1996,5.93,6.27,6.47,6.79
12-Apr-1996,5.96,6.31,6.52,6.81
11-Apr-1996,6.12,6.50,6.68,6.95
10-Apr-1996,6.10,6.44,6.63,6.91
09-Apr-1996,6.06,6.37,6.56,6.84
08-Apr-1996,6.11,6.46,6.63,6.88
05-Apr-1996,6.09,6.40,6.57,6.83
04-Apr-1996,5.83,6.12,6.33,6.66
03-Apr-1996,5.77,6.06,6.27,6.63
02-Apr-1996,5.74,6.02,6.25,6.62
01-Apr-1996,5.79,6.09,6.31,6.66
29-Mar-1996,5.79,6.10,6.34,6.67
28-Mar-1996,5.88,6.20,6.41,6.73
27-Mar-1996,5.81,6.12,6.34,6.68
26-Mar-1996,5.72,6.00,6.25,6.59
25-Mar-1996,5.69,6.00,6.26,6.58
22-Mar-1996,5.74,6.05,6.32,6.65
21-Mar-1996,5.72,6.01,6.28,6.62
20-Mar-1996,5.76,6.05,6.34,6.65
19-Mar-1996,5.85,6.15,6.41,6.70
18-Mar-1996,5.89,6.16,6.43,6.71
15-Mar-1996,5.87,6.19,6.46,6.75
14-Mar-1996,5.70,6.03,6.36,6.68
13-Mar-1996,5.73,6.03,6.35,6.68
12-Mar-1996,5.78,6.04,6.36,6.66
11-Mar-1996,5.71,6.00,6.33,6.63
08-Mar-1996,5.73,6.05,6.41,6.70
07-Mar-1996,5.40,5.71,6.07,6.46
06-Mar-1996,5.36,5.68,6.05,6.44
05-Mar-1996,5.28,5.60,5.96,6.39
04-Mar-1996,5.21,5.52,5.92,6.34
01-Mar-1996,5.26,5.60,5.99,6.38
29-Feb-1996,5.44,5.73,6.13,6.48
28-Feb-1996,5.43,5.73,6.11,6.48
27-Feb-1996,5.28,5.63,6.06,6.47
26-Feb-1996,5.18,5.56,6.01,6.45
23-Feb-1996,5.13,5.53,5.97,6.42
22-Feb-1996,5.11,5.47,5.92,6.36
21-Feb-1996,5.16,5.56,5.98,6.39
20-Feb-1996,5.18,5.53,6.01,6.39
16-Feb-1996,4.90,5.29,5.76,6.23
15-Feb-1996,4.87,5.23,5.70,6.16
14-Feb-1996,4.82,5.17,5.62,6.07
13-Feb-1996,4.80,5.14,5.58,6.02
12-Feb-1996,4.83,5.17,5.61,6.05
09-Feb-1996,4.85,5.25,5.66,6.11
08-Feb-1996,4.90,5.27,5.66,6.09
07-Feb-1996,4.92,5.27,5.66,6.15
06-Feb-1996,4.93,5.28,5.68,6.14
05-Feb-1996,4.95,5.30,5.70,6.15
02-Feb-1996,4.90,5.24,5.66,6.15
01-Feb-1996,4.93,5.24,5.63,6.08
31-Jan-1996,4.93,5.25,5.60,6.03
30-Jan-1996,5.02,5.30,5.63,6.04
29-Jan-1996,5.10,5.37,5.69,6.09
26-Jan-1996,5.08,5.34,5.65,6.04
25-Jan-1996,5.11,5.41,5.70,6.11
24-Jan-1996,5.07,5.30,5.62,6.02
23-Jan-1996,5.09,5.37,5.66,6.09
22-Jan-1996,5.08,5.34,5.61,6.04
19-Jan-1996,5.03,5.27,5.54,5.97
18-Jan-1996,5.01,5.25,5.53,5.98
17-Jan-1996,5.05,5.29,5.58,6.00
16-Jan-1996,5.08,5.37,5.66,6.09
12-Jan-1996,5.17,5.40,5.75,6.16
11-Jan-1996,5.22,5.47,5.78,6.16
10-Jan-1996,5.22,5.50,5.80,6.16
09-Jan-1996,5.18,5.41,5.70,6.06
08-Jan-1996,5.20,5.41,5.68,6.04
05-Jan-1996,5.20,5.42,5.69,6.05
04-Jan-1996,5.17,5.39,5.65,6.03
03-Jan-1996,5.17,5.36,5.58,5.96
02-Jan-1996,5.18,5.39,5.60,5.97
29-Dec-1995,5.18,5.38,5.58,5.96
28-Dec-1995,5.20,5.43,5.63,5.98
27-Dec-1995,5.23,5.46,5.66,6.01
26-Dec-1995,5.27,5.48,5.69,6.04
22-Dec-1995,5.28,5.50,5.71,6.06
21-Dec-1995,5.33,5.53,5.77,6.11
20-Dec-1995,5.33,5.55,5.76,6.11
19-Dec-1995,5.36,5.58,5.81,6.14
18-Dec-1995,5.43,5.66,5.85,6.20
15-Dec-1995,5.36,5.55,5.75,6.09
14-Dec-1995,5.38,5.55,5.74,6.08
13-Dec-1995,5.39,5.56,5.74,6.07
12-Dec-1995,5.39,5.55,5.72,6.05
11-Dec-1995,5.38,5.53,5.71,6.04
08-Dec-1995,5.39,5.56,5.73,6.06
07-Dec-1995,5.39,5.54,5.72,6.07
06-Dec-1995,5.32,5.49,5.67,6.03
05-Dec-1995,5.29,5.45,5.65,6.04
04-Dec-1995,5.27,5.43,5.63,6.01
01-Dec-1995,5.32,5.49,5.71,6.10
30-Nov-1995,5.36,5.53,5.76,6.14
29-Nov-1995,5.42,5.60,5.85,6.22
28-Nov-1995,5.45,5.67,5.88,6.24
27-Nov-1995,5.46,5.67,5.88,6.23
24-Nov-1995,5.49,5.70,5.91,6.25
22-Nov-1995,5.51,5.72,5.93,6.28
21-Nov-1995,5.49,5.70,5.92,6.27
20-Nov-1995,5.46,5.66,5.93,6.25
17-Nov-1995,5.46,5.66,5.92,6.23
16-Nov-1995,5.46,5.68,5.93,6.24
15-Nov-1995,5.53,5.77,6.00,6.30
14-Nov-1995,5.47,5.71,5.97,6.30
13-Nov-1995,5.49,5.72,5.98,6.28
10-Nov-1995,5.52,5.76,6.00,6.33
09-Nov-1995,5.49,5.72,5.97,6.29
08-Nov-1995,5.47,5.69,5.92,6.25
07-Nov-1995,5.54,5.77,5.99,6.31
06-Nov-1995,5.51,5.73,5.96,6.29
03-Nov-1995,5.49,5.70,5.94,6.28
02-Nov-1995,5.46,5.68,5.92,6.25
01-Nov-1995,5.52,5.74,5.98,6.29
31-Oct-1995,5.61,5.81,6.03,6.34
30-Oct-1995,5.62,5.82,6.04,6.35
27-Oct-1995,5.64,5.83,6.05,6.35
26-Oct-1995,5.61,5.81,6.06,6.38
25-Oct-1995,5.64,5.80,6.00,6.32
24-Oct-1995,5.68,5.85,6.02,6.33
23-Oct-1995,5.76,5.92,6.07,6.38
20-Oct-1995,5.72,5.90,6.04,6.35
19-Oct-1995,5.67,5.83,5.98,6.31
18-Oct-1995,5.67,5.83,5.99,6.32
17-Oct-1995,5.65,5.80,5.97,6.30
16-Oct-1995,5.67,5.80,5.97,6.32
13-Oct-1995,5.67,5.80,5.97,6.30
12-Oct-1995,5.72,5.88,6.07,6.41
11-Oct-1995,5.75,5.91,6.09,6.44
10-Oct-1995,5.74,5.91,6.07,6.43
06-Oct-1995,5.73,5.89,6.06,6.43
05-Oct-1995,5.72,5.88,6.06,6.43
04-Oct-1995,5.75,5.91,6.12,6.44
03-Oct-1995,5.80,5.96,6.13,6.46
02-Oct-1995,5.82,5.98,6.15,6.48
29-Sep-1995,5.83,6.01,6.17,6.49
28-Sep-1995,5.92,6.10,6.28,6.59
27-Sep-1995,5.92,6.08,6.30,6.61
26-Sep-1995,5.88,6.11,6.28,6.58
25-Sep-1995,5.89,6.08,6.26,6.58
22-Sep-1995,5.85,6.06,6.25,6.59
21-Sep-1995,5.83,6.03,6.21,6.56
20-Sep-1995,5.73,5.92,6.10,6.46
19-Sep-1995,5.75,5.94,6.14,6.49
18-Sep-1995,5.77,5.97,6.17,6.53
15-Sep-1995,5.71,5.91,6.11,6.47
14-Sep-1995,5.68,5.87,6.08,6.45
13-Sep-1995,5.80,5.99,6.18,6.52
12-Sep-1995,5.77,5.96,6.16,6.51
11-Sep-1995,5.83,6.05,6.24,6.60
08-Sep-1995,5.85,6.04,6.24,6.60
07-Sep-1995,5.80,6.00,6.21,6.60
06-Sep-1995,5.76,5.95,6.17,6.57
05-Sep-1995,5.77,5.96,6.18,6.57
01-Sep-1995,5.78,6.00,6.22,6.61
31-Aug-1995,5.85,6.07,6.28,6.65
30-Aug-1995,5.88,6.10,6.33,6.70
29-Aug-1995,5.93,6.15,6.36,6.72
28-Aug-1995,5.85,6.10,6.34,6.70
25-Aug-1995,5.90,6.13,6.38,6.72
24-Aug-1995,6.00,6.26,6.50,6.84
23-Aug-1995,6.11,6.37,6.60,6.92
22-Aug-1995,6.10,6.35,6.57,6.89
21-Aug-1995,6.08,6.31,6.54,6.87
18-Aug-1995,6.13,6.36,6.57,6.91
17-Aug-1995,6.12,6.37,6.57,6.90
16-Aug-1995,6.07,6.32,6.54,6.89
15-Aug-1995,6.11,6.37,6.57,6.92
14-Aug-1995,6.05,6.36,6.59,6.96
11-Aug-1995,6.05,6.37,6.59,6.98
10-Aug-1995,5.95,6.25,6.51,6.90
09-Aug-1995,5.93,6.21,6.47,6.93
08-Aug-1995,5.90,6.17,6.47,6.89
07-Aug-1995,5.90,6.18,6.48,6.89
04-Aug-1995,5.91,6.20,6.50,6.90
03-Aug-1995,5.94,6.24,6.53,6.93
02-Aug-1995,5.86,6.15,6.44,6.86
01-Aug-1995,5.94,6.22,6.50,6.92
31-Jul-1995,5.88,6.16,6.45,6.86
28-Jul-1995,5.92,6.22,6.49,6.91
27-Jul-1995,5.91,6.18,6.43,6.84
26-Jul-1995,5.97,6.24,6.48,6.90
25-Jul-1995,5.94,6.19,6.43,6.84
24-Jul-1995,5.97,6.20,6.46,6.90
21-Jul-1995,5.95,6.26,6.53,6.96
20-Jul-1995,5.91,6.15,6.43,6.87
19-Jul-1995,5.89,6.15,6.43,6.89
18-Jul-1995,5.77,6.01,6.25,6.73
17-Jul-1995,5.77,5.97,6.22,6.67
14-Jul-1995,5.70,5.89,6.15,6.60
13-Jul-1995,5.61,5.80,6.09,6.55
12-Jul-1995,5.59,5.80,6.10,6.55
11-Jul-1995,5.59,5.80,6.09,6.57
10-Jul-1995,5.56,5.74,6.04,6.51
07-Jul-1995,5.54,5.74,6.04,6.52
06-Jul-1995,5.56,5.75,6.05,6.51
05-Jul-1995,5.78,5.95,6.19,6.61
03-Jul-1995,5.79,5.97,6.21,6.63
30-Jun-1995,5.79,5.98,6.21,6.63
29-Jun-1995,5.89,6.07,6.28,6.65
28-Jun-1995,5.67,5.88,6.10,6.52
27-Jun-1995,5.70,5.94,6.15,6.56
26-Jun-1995,5.71,5.90,6.11,6.54
23-Jun-1995,5.64,5.83,6.06,6.51
22-Jun-1995,5.61,5.80,6.04,6.48
21-Jun-1995,5.68,5.89,6.13,6.55
20-Jun-1995,5.72,5.92,6.16,6.57
19-Jun-1995,5.65,5.87,6.13,6.56
16-Jun-1995,5.77,5.96,6.21,6.62
15-Jun-1995,5.73,5.93,6.18,6.61
14-Jun-1995,5.67,5.88,6.15,6.57
13-Jun-1995,5.63,5.88,6.14,6.56
12-Jun-1995,5.96,6.16,6.37,6.71
09-Jun-1995,6.01,6.21,6.40,6.72
08-Jun-1995,5.82,6.02,6.22,6.57
07-Jun-1995,5.74,5.95,6.20,6.53
06-Jun-1995,5.57,5.83,6.08,6.51
05-Jun-1995,5.54,5.79,6.08,6.51
02-Jun-1995,5.54,5.80,6.10,6.52
01-Jun-1995,5.71,5.94,6.20,6.61
31-May-1995,5.89,6.08,6.30,6.67
30-May-1995,5.89,6.08,6.30,6.67
26-May-1995,5.97,6.18,6.40,6.75
25-May-1995,5.99,6.18,6.39,6.73
24-May-1995,6.01,6.20,6.44,6.77
23-May-1995,6.15,6.37,6.57,6.87
22-May-1995,6.19,6.46,6.63,6.92
19-May-1995,6.19,6.43,6.61,6.91
18-May-1995,6.18,6.44,6.61,6.91
17-May-1995,6.11,6.35,6.53,6.86
16-May-1995,6.11,6.36,6.57,6.87
15-May-1995,6.16,6.41,6.62,6.95
12-May-1995,6.20,6.46,6.67,7.00
11-May-1995,6.20,6.45,6.68,6.99
10-May-1995,6.11,6.39,6.66,6.97
09-May-1995,6.08,6.33,6.61,6.94
08-May-1995,6.18,6.44,6.70,7.02
05-May-1995,6.16,6.42,6.69,7.02
04-May-1995,6.35,6.63,6.85,7.15
03-May-1995,6.47,6.73,6.96,7.25
02-May-1995,6.55,6.83,7.04,7.33
01-May-1995,6.62,6.90,7.09,7.35
28-Apr-1995,6.60,6.88,7.07,7.34
27-Apr-1995,6.55,6.84,7.04,7.33
26-Apr-1995,6.50,6.79,7.01,7.32
25-Apr-1995,6.48,6.79,7.01,7.33
24-Apr-1995,6.46,6.77,7.01,7.32
21-Apr-1995,6.44,6.77,7.01,7.34
20-Apr-1995,6.43,6.76,7.02,7.35
19-Apr-1995,6.51,6.82,7.06,7.37
18-Apr-1995,6.44,6.77,7.04,7.40
17-Apr-1995,6.48,6.80,7.04,7.39
13-Apr-1995,6.51,6.82,7.03,7.34
12-Apr-1995,6.61,6.89,7.06,7.36
11-Apr-1995,6.65,6.92,7.09,7.37
10-Apr-1995,6.66,6.94,7.12,7.39
07-Apr-1995,6.65,6.93,7.11,7.39
06-Apr-1995,6.66,6.92,7.09,7.36
05-Apr-1995,6.70,6.97,7.12,7.38
04-Apr-1995,6.71,6.96,7.12,7.38
03-Apr-1995,6.75,7.00,7.14,7.39
31-Mar-1995,6.80,7.08,7.20,7.44
30-Mar-1995,6.76,7.05,7.18,7.43
29-Mar-1995,6.73,6.98,7.16,7.40
28-Mar-1995,6.73,7.02,7.16,7.41
27-Mar-1995,6.62,6.90,7.05,7.33
24-Mar-1995,6.64,6.93,7.09,7.38
23-Mar-1995,6.75,7.06,7.21,7.47
22-Mar-1995,6.75,7.05,7.21,7.46
21-Mar-1995,6.71,7.01,7.16,7.43
20-Mar-1995,6.69,6.98,7.12,7.40
17-Mar-1995,6.69,6.97,7.12,7.37
16-Mar-1995,6.68,6.89,7.05,7.33
15-Mar-1995,6.71,6.93,7.09,7.36
14-Mar-1995,6.69,6.93,7.09,7.35
13-Mar-1995,6.76,7.01,7.19,7.45
10-Mar-1995,6.83,7.07,7.23,7.46
09-Mar-1995,6.83,7.11,7.30,7.53
08-Mar-1995,6.93,7.20,7.36,7.56
07-Mar-1995,7.00,7.28,7.44,7.64
06-Mar-1995,6.96,7.24,7.41,7.59
03-Mar-1995,6.89,7.19,7.36,7.56
02-Mar-1995,6.88,7.15,7.30,7.50
01-Mar-1995,6.81,7.06,7.23,7.45
28-Feb-1995,6.79,7.06,7.22,7.46
27-Feb-1995,6.79,7.06,7.24,7.49
24-Feb-1995,6.89,7.16,7.33,7.54
23-Feb-1995,6.92,7.20,7.34,7.56
22-Feb-1995,6.92,7.20,7.34,7.54
21-Feb-1995,7.09,7.35,7.44,7.61
17-Feb-1995,7.07,7.33,7.43,7.59
16-Feb-1995,7.02,7.29,7.40,7.57
15-Feb-1995,7.12,7.37,7.45,7.58
14-Feb-1995,7.21,7.45,7.51,7.61
13-Feb-1995,7.32,7.54,7.61,7.67
10-Feb-1995,7.33,7.55,7.62,7.68
09-Feb-1995,7.23,7.50,7.58,7.65
08-Feb-1995,7.18,7.43,7.53,7.66
07-Feb-1995,7.19,7.44,7.52,7.65
06-Feb-1995,7.18,7.43,7.53,7.64
03-Feb-1995,7.14,7.40,7.49,7.61
02-Feb-1995,7.40,7.63,7.68,7.76
01-Feb-1995,7.33,7.56,7.66,7.75
31-Jan-1995,7.26,7.54,7.60,7.71
30-Jan-1995,7.23,7.55,7.65,7.76
27-Jan-1995,7.29,7.60,7.66,7.75
26-Jan-1995,7.39,7.70,7.76,7.85
25-Jan-1995,7.50,7.76,7.80,7.88
24-Jan-1995,7.57,7.82,7.86,7.93
23-Jan-1995,7.50,7.80,7.83,7.91
20-Jan-1995,7.50,7.80,7.82,7.90
19-Jan-1995,7.49,7.74,7.74,7.82
18-Jan-1995,7.48,7.71,7.71,7.78
17-Jan-1995,7.44,7.68,7.70,7.78
13-Jan-1995,7.39,7.64,7.69,7.80
12-Jan-1995,7.56,7.80,7.80,7.88
11-Jan-1995,7.58,7.80,7.79,7.85
10-Jan-1995,7.63,7.85,7.84,7.87
09-Jan-1995,7.68,7.90,7.89,7.90
06-Jan-1995,7.64,7.87,7.87,7.87
05-Jan-1995,7.66,7.87,7.88,7.91
04-Jan-1995,7.62,7.81,7.82,7.85
03-Jan-1995,7.73,7.88,7.88,7.93
30-Dec-1994,7.69,7.83,7.84,7.89
29-Dec-1994,7.69,7.83,7.82,7.85
28-Dec-1994,7.71,7.81,7.80,7.83
27-Dec-1994,7.67,7.78,7.76,7.76
23-Dec-1994,7.74,7.86,7.85,7.85
22-Dec-1994,7.70,7.83,7.84,7.87
21-Dec-1994,7.58,7.75,7.80,7.84
20-Dec-1994,7.56,7.76,7.81,7.85
19-Dec-1994,7.59,7.77,7.81,7.84
16-Dec-1994,7.59,7.76,7.81,7.86
15-Dec-1994,7.54,7.73,7.79,7.86
14-Dec-1994,7.59,7.74,7.80,7.86
13-Dec-1994,7.71,7.84,7.83,7.86
12-Dec-1994,7.62,7.82,7.85,7.92
09-Dec-1994,7.53,7.74,7.79,7.86
08-Dec-1994,7.51,7.77,7.79,7.88
07-Dec-1994,7.48,7.74,7.81,7.90
06-Dec-1994,7.44,7.65,7.73,7.84
05-Dec-1994,7.58,7.78,7.83,7.94
02-Dec-1994,7.44,7.71,7.81,7.92
01-Dec-1994,7.42,7.80,7.92,8.02
30-Nov-1994,7.40,7.79,7.91,7.99
29-Nov-1994,7.44,7.86,7.95,8.05
28-Nov-1994,7.35,7.77,7.88,7.99
25-Nov-1994,7.19,7.65,7.80,7.94
23-Nov-1994,7.18,7.64,7.81,7.96
22-Nov-1994,7.29,7.82,8.00,8.11
21-Nov-1994,7.30,7.83,8.03,8.14
18-Nov-1994,7.23,7.79,8.01,8.14
17-Nov-1994,7.21,7.79,8.03,8.14
16-Nov-1994,7.15,7.73,7.97,8.09
15-Nov-1994,7.10,7.69,7.92,8.05
14-Nov-1994,7.06,7.66,7.94,8.09
10-Nov-1994,7.06,7.69,7.98,8.15
09-Nov-1994,7.01,7.64,7.94,8.09
08-Nov-1994,7.02,7.69,8.01,8.12
07-Nov-1994,7.06,7.73,8.05,8.16
04-Nov-1994,7.05,7.72,8.04,8.16
03-Nov-1994,6.98,7.65,7.96,8.11
02-Nov-1994,6.96,7.63,7.96,8.09
01-Nov-1994,6.93,7.58,7.91,8.06
31-Oct-1994,6.84,7.48,7.81,7.97
28-Oct-1994,6.82,7.48,7.82,7.96
27-Oct-1994,6.89,7.55,7.88,8.05
26-Oct-1994,6.90,7.55,7.88,8.06
25-Oct-1994,6.87,7.54,7.88,8.06
24-Oct-1994,6.84,7.52,7.86,8.04
21-Oct-1994,6.80,7.46,7.81,7.99
20-Oct-1994,6.77,7.46,7.80,8.00
19-Oct-1994,6.66,7.34,7.68,7.90
18-Oct-1994,6.61,7.29,7.64,7.86
17-Oct-1994,6.61,7.28,7.62,7.83
14-Oct-1994,6.57,7.26,7.61,7.83
13-Oct-1994,6.63,7.30,7.64,7.84
12-Oct-1994,6.67,7.34,7.69,7.89
11-Oct-1994,6.63,7.30,7.65,7.86
07-Oct-1994,6.65,7.34,7.70,7.91
06-Oct-1994,6.71,7.43,7.78,7.95
05-Oct-1994,6.73,7.42,7.77,7.95
04-Oct-1994,6.68,7.37,7.70,7.89
03-Oct-1994,6.69,7.35,7.66,7.86
30-Sep-1994,6.62,7.28,7.62,7.82
29-Sep-1994,6.60,7.29,7.64,7.86
28-Sep-1994,6.51,7.21,7.57,7.81
27-Sep-1994,6.52,7.24,7.61,7.85
26-Sep-1994,6.54,7.21,7.57,7.80
23-Sep-1994,6.52,7.20,7.57,7.80
22-Sep-1994,6.50,7.20,7.56,7.79
21-Sep-1994,6.52,7.20,7.56,7.80
20-Sep-1994,6.44,7.15,7.53,7.78
19-Sep-1994,6.39,7.11,7.49,7.75
16-Sep-1994,6.42,7.13,7.52,7.78
15-Sep-1994,6.28,6.97,7.35,7.64
14-Sep-1994,6.33,7.02,7.41,7.68
13-Sep-1994,6.35,7.05,7.44,7.70
12-Sep-1994,6.37,7.08,7.46,7.72
09-Sep-1994,6.35,7.06,7.44,7.71
08-Sep-1994,6.22,6.92,7.30,7.58
07-Sep-1994,6.22,6.92,7.29,7.58
06-Sep-1994,6.22,6.88,7.27,7.55
02-Sep-1994,6.17,6.82,7.21,7.50
01-Sep-1994,6.15,6.81,7.19,7.46
31-Aug-1994,6.17,6.81,7.19,7.46
30-Aug-1994,6.18,6.83,7.20,7.47
29-Aug-1994,6.20,6.87,7.24,7.50
26-Aug-1994,6.21,6.87,7.24,7.49
25-Aug-1994,6.24,6.93,7.29,7.55
24-Aug-1994,6.18,6.87,7.22,7.47
23-Aug-1994,6.26,6.94,7.28,7.54
22-Aug-1994,6.27,6.97,7.31,7.56
19-Aug-1994,6.23,6.92,7.27,7.50
18-Aug-1994,6.23,6.93,7.28,7.50
17-Aug-1994,6.14,6.81,7.15,7.39
16-Aug-1994,6.21,6.86,7.19,7.39
15-Aug-1994,6.26,6.96,7.30,7.51
12-Aug-1994,6.22,6.94,7.27,7.48
11-Aug-1994,6.26,7.00,7.36,7.56
10-Aug-1994,6.21,6.95,7.30,7.58
09-Aug-1994,6.26,6.97,7.33,7.57
08-Aug-1994,6.22,6.93,7.28,7.53
05-Aug-1994,6.18,6.93,7.28,7.54
04-Aug-1994,5.98,6.72,7.12,7.40
03-Aug-1994,5.96,6.70,7.09,7.38
02-Aug-1994,5.98,6.73,7.11,7.40
01-Aug-1994,6.03,6.75,7.13,7.41
29-Jul-1994,5.99,6.73,7.12,7.39
28-Jul-1994,6.21,6.94,7.29,7.55
27-Jul-1994,6.22,6.99,7.34,7.60
26-Jul-1994,6.16,6.90,7.28,7.55
25-Jul-1994,6.13,6.90,7.27,7.53
22-Jul-1994,6.15,6.92,7.29,7.56
21-Jul-1994,6.11,6.89,7.27,7.55
20-Jul-1994,6.06,6.84,7.25,7.55
19-Jul-1994,5.94,6.73,7.15,7.47
18-Jul-1994,5.99,6.79,7.20,7.51
15-Jul-1994,6.04,6.84,7.25,7.55
14-Jul-1994,6.05,6.85,7.25,7.54
13-Jul-1994,6.22,7.02,7.41,7.68
12-Jul-1994,6.24,7.03,7.43,7.69
11-Jul-1994,6.29,7.09,7.47,7.73
08-Jul-1994,6.25,7.04,7.42,7.70
07-Jul-1994,6.11,6.89,7.30,7.60
06-Jul-1994,6.11,6.92,7.32,7.61
05-Jul-1994,6.14,6.93,7.31,7.60
01-Jul-1994,6.19,6.95,7.34,7.62
30-Jun-1994,6.19,6.97,7.34,7.63
29-Jun-1994,6.12,6.87,7.24,7.51
28-Jun-1994,6.13,6.88,7.26,7.53
27-Jun-1994,6.05,6.79,7.18,7.46
24-Jun-1994,6.06,6.81,7.22,7.52
23-Jun-1994,5.94,6.70,7.10,7.40
22-Jun-1994,5.97,6.75,7.13,7.41
21-Jun-1994,6.04,6.82,7.22,7.51
20-Jun-1994,5.92,6.74,7.16,7.46
17-Jun-1994,5.88,6.71,7.14,7.45
16-Jun-1994,5.83,6.65,7.07,7.38
15-Jun-1994,5.88,6.67,7.10,7.41
14-Jun-1994,5.81,6.58,7.00,7.31
13-Jun-1994,5.91,6.66,7.07,7.36
10-Jun-1994,5.85,6.60,7.03,7.32
09-Jun-1994,5.80,6.54,6.98,7.28
08-Jun-1994,5.78,6.53,6.96,7.28
07-Jun-1994,5.80,6.53,6.95,7.26
06-Jun-1994,5.78,6.49,6.91,7.21
03-Jun-1994,5.84,6.59,6.98,7.26
02-Jun-1994,5.93,6.68,7.07,7.35
01-Jun-1994,5.98,6.74,7.12,7.39
31-May-1994,6.01,6.77,7.17,7.44
27-May-1994,5.97,6.73,7.12,7.40
26-May-1994,5.92,6.69,7.09,7.37
25-May-1994,5.95,6.74,7.14,7.37
24-May-1994,5.94,6.75,7.17,7.41
23-May-1994,5.94,6.76,7.19,7.44
20-May-1994,5.80,6.59,7.02,7.30
19-May-1994,5.73,6.52,6.96,7.24
18-May-1994,5.83,6.61,7.03,7.27
17-May-1994,5.88,6.66,7.03,7.27
16-May-1994,6.03,6.85,7.24,7.46
13-May-1994,6.05,6.89,7.29,7.50
12-May-1994,6.13,6.97,7.36,7.57
11-May-1994,6.20,7.02,7.40,7.60
10-May-1994,6.13,6.93,7.33,7.50
09-May-1994,6.26,7.09,7.49,7.63
06-May-1994,6.12,6.95,7.35,7.53
05-May-1994,5.88,6.70,7.11,7.33
04-May-1994,5.89,6.74,7.14,7.35
03-May-1994,5.86,6.73,7.13,7.35
02-May-1994,5.81,6.69,7.09,7.33
29-Apr-1994,5.73,6.64,7.06,7.31
28-Apr-1994,5.75,6.65,7.04,7.29
26-Apr-1994,5.59,6.46,6.86,7.12
25-Apr-1994,5.61,6.48,6.86,7.14
22-Apr-1994,5.62,6.53,6.93,7.21
21-Apr-1994,5.59,6.49,6.91,7.22
20-Apr-1994,5.67,6.62,7.05,7.33
19-Apr-1994,5.70,6.68,7.10,7.37
18-Apr-1994,5.70,6.70,7.14,7.41
15-Apr-1994,5.51,6.50,6.97,7.29
14-Apr-1994,5.49,6.51,6.97,7.29
13-Apr-1994,5.43,6.47,6.93,7.26
12-Apr-1994,5.40,6.40,6.87,7.20
11-Apr-1994,5.43,6.46,6.92,7.24
08-Apr-1994,5.43,6.46,6.94,7.26
07-Apr-1994,5.37,6.38,6.86,7.21
06-Apr-1994,5.40,6.42,6.93,7.25
05-Apr-1994,5.45,6.47,6.97,7.28
04-Apr-1994,5.57,6.64,7.16,7.43
31-Mar-1994,5.21,6.23,6.77,7.11
30-Mar-1994,5.19,6.24,6.78,7.10
29-Mar-1994,5.19,6.19,6.71,7.06
28-Mar-1994,5.12,6.10,6.63,6.98
25-Mar-1994,5.10,6.08,6.61,6.99
24-Mar-1994,5.08,6.05,6.58,6.98
23-Mar-1994,5.00,5.92,6.44,6.85
22-Mar-1994,5.03,5.92,6.44,6.85
21-Mar-1994,5.09,6.03,6.55,6.94
18-Mar-1994,5.03,5.97,6.49,6.90
17-Mar-1994,4.94,5.88,6.40,6.82
16-Mar-1994,4.96,5.86,6.40,6.82
15-Mar-1994,4.99,5.91,6.47,6.90
14-Mar-1994,4.99,5.94,6.50,6.93
11-Mar-1994,4.95,5.89,6.46,6.91
10-Mar-1994,4.96,5.90,6.48,6.94
09-Mar-1994,4.96,5.84,6.38,6.85
08-Mar-1994,4.92,5.84,6.38,6.85
07-Mar-1994,4.87,5.77,6.32,6.80
04-Mar-1994,4.88,5.82,6.38,6.85
03-Mar-1994,4.83,5.79,6.35,6.84
02-Mar-1994,4.79,5.74,6.30,6.79
01-Mar-1994,4.81,5.74,6.28,6.79
28-Feb-1994,4.67,5.60,6.15,6.67
25-Feb-1994,4.72,5.65,6.21,6.73
24-Feb-1994,4.72,5.66,6.22,6.75
23-Feb-1994,4.67,5.59,6.13,6.65
22-Feb-1994,4.57,5.50,6.05,6.60
18-Feb-1994,4.57,5.52,6.09,6.63
17-Feb-1994,4.50,5.45,6.00,6.54
16-Feb-1994,4.44,5.35,5.89,6.46
15-Feb-1994,4.44,5.34,5.88,6.45
14-Feb-1994,4.44,5.36,5.90,6.45
11-Feb-1994,4.44,5.34,5.88,6.41
10-Feb-1994,4.45,5.36,5.91,6.45
09-Feb-1994,4.43,5.35,5.92,6.43
08-Feb-1994,4.44,5.38,6.01,6.44
07-Feb-1994,4.41,5.36,5.96,6.38
04-Feb-1994,4.42,5.32,5.94,6.37
03-Feb-1994,4.28,5.17,5.81,6.31
02-Feb-1994,4.20,5.11,5.77,6.29
01-Feb-1994,4.20,5.10,5.77,6.31
31-Jan-1994,4.12,5.02,5.70,6.23
28-Jan-1994,4.08,4.99,5.68,6.21
27-Jan-1994,4.11,5.04,5.73,6.27
26-Jan-1994,4.13,5.09,5.77,6.33
25-Jan-1994,4.11,5.08,5.78,6.34
24-Jan-1994,4.09,5.06,5.74,6.30
21-Jan-1994,4.09,5.05,5.73,6.29
20-Jan-1994,4.07,5.02,5.71,6.27
19-Jan-1994,4.12,5.08,5.76,6.30
18-Jan-1994,4.14,5.09,5.74,6.28
14-Jan-1994,4.17,5.12,5.78,6.30
13-Jan-1994,4.13,5.08,5.71,6.26
12-Jan-1994,4.05,4.95,5.60,6.17
11-Jan-1994,4.08,5.00,5.67,6.25
10-Jan-1994,4.08,5.01,5.67,6.24
07-Jan-1994,4.09,5.03,5.70,6.24
06-Jan-1994,4.24,5.21,5.84,6.36
05-Jan-1994,4.31,5.27,5.90,6.40
04-Jan-1994,4.29,5.26,5.88,6.37
03-Jan-1994,4.30,5.29,5.92,6.41
31-Dec-1993,4.25,5.21,5.83,6.35
30-Dec-1993,4.25,5.20,5.82,6.34
29-Dec-1993,4.20,5.12,5.74,6.25
28-Dec-1993,4.20,5.10,5.72,6.24
27-Dec-1993,4.20,5.09,5.72,6.23
23-Dec-1993,4.18,5.10,5.72,6.22
22-Dec-1993,4.19,5.13,5.74,6.22
21-Dec-1993,4.26,5.22,5.85,6.32
20-Dec-1993,4.22,5.20,5.83,6.30
17-Dec-1993,4.20,5.17,5.81,6.29
16-Dec-1993,4.23,5.20,5.84,6.31
15-Dec-1993,4.22,5.19,5.83,6.29
14-Dec-1993,4.25,5.20,5.82,6.29
13-Dec-1993,4.23,5.16,5.78,6.24
10-Dec-1993,4.21,5.13,5.73,6.19
09-Dec-1993,4.18,5.07,5.68,6.15
08-Dec-1993,4.18,5.09,5.71,6.17
07-Dec-1993,4.17,5.10,5.71,6.17
06-Dec-1993,4.19,5.09,5.72,6.17
03-Dec-1993,4.24,5.16,5.80,6.25
02-Dec-1993,4.22,5.16,5.81,6.27
01-Dec-1993,4.20,5.14,5.82,6.28
30-Nov-1993,4.22,5.15,5.83,6.29
29-Nov-1993,4.17,5.08,5.76,6.23
26-Nov-1993,4.16,5.08,5.78,6.26
24-Nov-1993,4.18,5.11,5.84,6.31
23-Nov-1993,4.19,5.14,5.82,6.30
22-Nov-1993,4.26,5.20,5.89,6.36
19-Nov-1993,4.22,5.16,5.84,6.34
18-Nov-1993,4.15,5.06,5.72,6.23
17-Nov-1993,4.09,4.99,5.65,6.19
16-Nov-1993,4.10,4.98,5.66,6.17
15-Nov-1993,4.11,5.02,5.69,6.17
12-Nov-1993,4.11,5.02,5.66,6.15
10-Nov-1993,4.17,5.08,5.72,6.21
09-Nov-1993,4.12,5.02,5.64,6.16
08-Nov-1993,4.13,5.04,5.70,6.22
05-Nov-1993,4.20,5.11,5.75,6.22
04-Nov-1993,4.13,5.03,5.67,6.19
03-Nov-1993,4.13,5.01,5.67,6.11
02-Nov-1993,4.16,5.02,5.63,6.07
01-Nov-1993,4.11,4.96,5.56,6.02
29-Oct-1993,3.99,4.83,5.43,5.96
28-Oct-1993,3.97,4.83,5.41,5.97
27-Oct-1993,3.99,4.82,5.44,6.00
26-Oct-1993,3.93,4.79,5.43,6.00
25-Oct-1993,3.95,4.82,5.47,6.02
22-Oct-1993,3.91,4.76,5.42,5.98
21-Oct-1993,3.89,4.72,5.35,5.92
20-Oct-1993,3.86,4.64,5.26,5.83
19-Oct-1993,3.86,4.66,5.27,5.85
18-Oct-1993,3.84,4.66,5.27,5.85
15-Oct-1993,3.81,4.57,5.19,5.78
14-Oct-1993,3.82,4.61,5.23,5.86
13-Oct-1993,3.84,4.64,5.27,5.92
12-Oct-1993,3.82,4.64,5.27,5.92
08-Oct-1993,3.78,4.61,5.26,5.92
07-Oct-1993,3.83,4.69,5.33,6.01
06-Oct-1993,3.85,4.70,5.35,6.01
05-Oct-1993,3.86,4.72,5.35,6.01
04-Oct-1993,3.85,4.71,5.34,5.99
01-Oct-1993,3.84,4.72,5.34,5.98
30-Sep-1993,3.89,4.79,5.40,6.04
29-Sep-1993,3.84,4.74,5.35,6.00
28-Sep-1993,3.79,4.67,5.28,5.94
27-Sep-1993,3.81,4.69,5.30,5.97
24-Sep-1993,3.90,4.81,5.42,6.06
23-Sep-1993,3.87,4.80,5.42,6.06
22-Sep-1993,3.90,4.81,5.45,6.10
21-Sep-1993,3.90,4.80,5.47,6.14
20-Sep-1993,3.92,4.79,5.42,6.08
17-Sep-1993,3.89,4.75,5.38,6.04
16-Sep-1993,3.88,4.74,5.37,6.01
15-Sep-1993,3.89,4.75,5.39,6.00
14-Sep-1993,3.91,4.77,5.37,5.97
13-Sep-1993,3.82,4.66,5.26,5.86
10-Sep-1993,3.80,4.67,5.29,5.89
09-Sep-1993,3.88,4.74,5.35,5.96
08-Sep-1993,3.78,4.63,5.23,5.86
07-Sep-1993,3.70,4.60,5.23,5.88
03-Sep-1993,3.71,4.65,5.31,5.95
02-Sep-1993,3.83,4.76,5.41,6.04
01-Sep-1993,3.88,4.81,5.46,6.09
31-Aug-1993,3.88,4.80,5.45,6.09
30-Aug-1993,3.86,4.78,5.44,6.12
27-Aug-1993,3.87,4.83,5.48,6.13
26-Aug-1993,3.82,4.78,5.42,6.09
25-Aug-1993,3.85,4.86,5.51,6.18
24-Aug-1993,3.89,4.90,5.54,6.20
23-Aug-1993,3.97,4.98,5.60,6.22
20-Aug-1993,3.93,4.96,5.61,6.22
19-Aug-1993,3.93,4.97,5.64,6.21
18-Aug-1993,3.98,5.04,5.69,6.26
17-Aug-1993,4.02,5.07,5.70,6.31
16-Aug-1993,3.98,5.05,5.68,6.31
13-Aug-1993,4.00,5.08,5.72,6.35
12-Aug-1993,4.06,5.13,5.77,6.37
11-Aug-1993,4.10,5.13,5.75,6.44
10-Aug-1993,4.10,5.14,5.82,6.45
09-Aug-1993,4.06,5.12,5.82,6.47
06-Aug-1993,4.09,5.16,5.86,6.53
05-Aug-1993,4.12,5.18,5.86,6.53
04-Aug-1993,4.16,5.20,5.87,6.54
03-Aug-1993,4.17,5.19,5.83,6.53
02-Aug-1993,4.19,5.20,5.85,6.56
30-Jul-1993,4.13,5.16,5.83,6.57
29-Jul-1993,4.12,5.13,5.81,6.57
28-Jul-1993,4.21,5.23,5.90,6.66
27-Jul-1993,4.25,5.26,5.92,6.68
26-Jul-1993,4.22,5.25,5.93,6.68
23-Jul-1993,4.25,5.28,5.95,6.71
22-Jul-1993,4.22,5.24,5.90,6.65
21-Jul-1993,4.15,5.17,5.83,6.62
20-Jul-1993,4.09,5.08,5.75,6.55
19-Jul-1993,3.99,5.00,5.71,6.54
16-Jul-1993,3.99,4.99,5.71,6.54
15-Jul-1993,3.99,4.99,5.72,6.55
14-Jul-1993,3.97,4.98,5.72,6.56
13-Jul-1993,4.04,5.03,5.78,6.62
12-Jul-1993,3.99,5.00,5.75,6.62
09-Jul-1993,3.98,5.00,5.76,6.64
08-Jul-1993,4.00,5.02,5.78,6.66
07-Jul-1993,4.00,5.04,5.80,6.68
06-Jul-1993,4.00,5.04,5.80,6.68
02-Jul-1993,3.93,4.98,5.76,6.67
01-Jul-1993,3.99,5.04,5.80,6.69
30-Jun-1993,4.03,5.05,5.80,6.68
29-Jun-1993,4.03,5.05,5.79,6.67
28-Jun-1993,4.06,5.08,5.80,6.67
25-Jun-1993,4.10,5.13,5.84,6.71
24-Jun-1993,4.15,5.16,5.88,6.74
23-Jun-1993,4.20,5.20,5.91,6.77
22-Jun-1993,4.15,5.21,5.91,6.78
21-Jun-1993,4.16,5.20,5.92,6.78
18-Jun-1993,4.16,5.23,5.97,6.82
17-Jun-1993,4.08,5.17,5.93,6.81
16-Jun-1993,4.09,5.18,5.96,6.82
15-Jun-1993,4.11,5.19,5.96,6.83
14-Jun-1993,4.13,5.20,5.97,6.81
11-Jun-1993,4.15,5.22,5.97,6.80
10-Jun-1993,4.29,5.34,6.07,6.88
09-Jun-1993,4.29,5.33,6.07,6.87
08-Jun-1993,4.33,5.35,6.09,6.91
07-Jun-1993,4.30,5.34,6.08,6.88
04-Jun-1993,4.31,5.36,6.11,6.91
03-Jun-1993,4.14,5.23,6.02,6.86
02-Jun-1993,4.18,5.27,6.06,6.88
01-Jun-1993,4.16,5.28,6.07,6.88
28-May-1993,4.24,5.37,6.16,6.98
27-May-1993,4.22,5.35,6.11,6.93
26-May-1993,4.20,5.35,6.12,6.94
25-May-1993,4.19,5.38,6.17,7.01
24-May-1993,4.19,5.37,6.16,6.99
21-May-1993,4.14,5.34,6.16,7.03
20-May-1993,4.03,5.25,6.09,6.99
19-May-1993,4.03,5.26,6.11,6.98
18-May-1993,4.08,5.30,6.15,7.02
17-May-1993,4.05,5.27,6.07,6.97
14-May-1993,3.97,5.21,6.03,6.95
13-May-1993,3.91,5.15,6.02,6.96
12-May-1993,3.82,5.07,5.96,6.86
11-May-1993,3.79,5.03,5.89,6.82
10-May-1993,3.79,5.02,5.89,6.81
07-May-1993,3.79,5.04,5.92,6.85
06-May-1993,3.80,5.03,5.89,6.80
05-May-1993,3.80,5.07,5.93,6.82
04-May-1993,3.75,5.04,5.92,6.81
03-May-1993,3.75,5.06,5.96,6.86
30-Apr-1993,3.83,5.14,6.05,6.95
29-Apr-1993,3.79,5.10,5.99,6.88
28-Apr-1993,3.86,5.18,6.03,6.91
27-Apr-1993,3.88,5.19,6.02,6.90
26-Apr-1993,3.79,5.09,5.94,6.83
23-Apr-1993,3.75,5.06,5.89,6.79
22-Apr-1993,3.75,5.04,5.85,6.75
21-Apr-1993,3.77,5.05,5.86,6.75
20-Apr-1993,3.78,5.07,5.87,6.76
19-Apr-1993,3.78,5.07,5.87,6.73
16-Apr-1993,3.80,5.08,5.89,6.76
15-Apr-1993,3.79,5.06,5.88,6.73
14-Apr-1993,3.78,5.07,5.90,6.76
13-Apr-1993,3.82,5.10,5.93,6.80
12-Apr-1993,3.82,5.09,5.92,6.79
08-Apr-1993,3.85,5.13,5.97,6.85
07-Apr-1993,3.93,5.23,6.07,6.96
06-Apr-1993,3.93,5.22,6.08,6.97
05-Apr-1993,3.96,5.27,6.13,7.04
02-Apr-1993,3.99,5.31,6.16,7.06
01-Apr-1993,3.94,5.24,6.06,6.97
31-Mar-1993,3.96,5.24,6.03,6.93
30-Mar-1993,3.91,5.20,6.02,6.91
29-Mar-1993,3.95,5.25,6.06,6.90
26-Mar-1993,4.02,5.32,6.09,6.94
25-Mar-1993,3.92,5.19,5.98,6.83
24-Mar-1993,3.93,5.19,5.95,6.81
23-Mar-1993,3.88,5.14,5.91,6.77
22-Mar-1993,3.92,5.18,5.96,6.81
19-Mar-1993,3.95,5.17,5.95,6.81
18-Mar-1993,3.91,5.11,5.93,6.80
17-Mar-1993,3.98,5.21,6.02,6.86
16-Mar-1993,4.02,5.27,6.06,6.87
15-Mar-1993,4.10,5.39,6.17,6.91
12-Mar-1993,4.11,5.35,6.11,6.86
11-Mar-1993,4.01,5.23,5.96,6.75
10-Mar-1993,4.05,5.24,5.97,6.75
09-Mar-1993,4.02,5.21,5.91,6.73
08-Mar-1993,3.97,5.15,5.85,6.72
05-Mar-1993,3.91,5.14,5.90,6.76
04-Mar-1993,3.75,5.00,5.83,6.73
03-Mar-1993,3.81,5.05,5.88,6.78
02-Mar-1993,3.88,5.13,5.95,6.84
01-Mar-1993,3.88,5.12,5.94,6.83
26-Feb-1993,3.92,5.21,6.03,6.90
25-Feb-1993,3.95,5.23,6.03,6.89
24-Feb-1993,3.97,5.20,6.01,6.88
23-Feb-1993,3.90,5.12,5.92,6.83
22-Feb-1993,3.99,5.28,6.09,6.95
19-Feb-1993,3.99,5.30,6.15,7.01
18-Feb-1993,3.95,5.29,6.17,7.02
17-Feb-1993,4.06,5.43,6.28,7.11
16-Feb-1993,4.14,5.52,6.34,7.14
12-Feb-1993,4.20,5.57,6.35,7.13
11-Feb-1993,4.20,5.58,6.37,7.15
10-Feb-1993,4.27,5.63,6.40,7.26
09-Feb-1993,4.20,5.55,6.41,7.20
08-Feb-1993,4.16,5.49,6.37,7.18
05-Feb-1993,4.07,5.42,6.32,7.17
04-Feb-1993,4.19,5.53,6.39,7.19
03-Feb-1993,4.27,5.62,6.45,7.23
02-Feb-1993,4.25,5.63,6.46,7.25
01-Feb-1993,4.19,5.55,6.38,7.21
29-Jan-1993,4.20,5.57,6.39,7.21
28-Jan-1993,4.20,5.61,6.44,7.23
27-Jan-1993,4.24,5.68,6.48,7.25
26-Jan-1993,4.30,5.75,6.50,7.26
25-Jan-1993,4.26,5.71,6.48,7.22
22-Jan-1993,4.30,5.77,6.57,7.30
21-Jan-1993,4.36,5.83,6.60,7.31
20-Jan-1993,4.41,5.85,6.61,7.32
19-Jan-1993,4.39,5.82,6.59,7.31
15-Jan-1993,4.31,5.80,6.60,7.35
14-Jan-1993,4.40,5.88,6.65,7.41
13-Jan-1993,4.46,5.93,6.71,7.45
12-Jan-1993,4.48,5.95,6.72,7.48
11-Jan-1993,4.48,5.93,6.71,7.47
08-Jan-1993,4.50,5.97,6.75,7.47
07-Jan-1993,4.64,6.05,6.76,7.45
06-Jan-1993,4.52,5.94,6.63,7.34
05-Jan-1993,4.48,5.90,6.61,7.33
04-Jan-1993,4.48,5.90,6.60,7.33
31-Dec-1992,4.56,6.04,6.70,7.40
30-Dec-1992,4.54,5.98,6.68,7.39
29-Dec-1992,4.61,6.04,6.69,7.37
28-Dec-1992,4.64,6.06,6.72,7.40
24-Dec-1992,4.60,6.02,6.69,7.36
23-Dec-1992,4.63,6.01,6.68,7.36
22-Dec-1992,4.64,6.02,6.65,7.34
21-Dec-1992,4.64,6.05,6.71,7.38
18-Dec-1992,4.66,6.07,6.76,7.43
17-Dec-1992,4.69,6.08,6.77,7.43
16-Dec-1992,4.67,6.06,6.77,7.44
15-Dec-1992,4.77,6.12,6.83,7.45
14-Dec-1992,4.80,6.15,6.83,7.45
11-Dec-1992,4.78,6.10,6.80,7.44
10-Dec-1992,4.67,6.04,6.77,7.42
09-Dec-1992,4.61,6.01,6.76,7.44
08-Dec-1992,4.59,5.99,6.73,7.44
07-Dec-1992,4.62,6.05,6.78,7.45
04-Dec-1992,4.70,6.11,6.84,7.50
03-Dec-1992,4.78,6.20,6.91,7.57
02-Dec-1992,4.81,6.23,6.93,7.57
01-Dec-1992,4.81,6.24,6.94,7.57
30-Nov-1992,4.79,6.23,6.95,7.59
27-Nov-1992,4.77,6.22,6.93,7.59
25-Nov-1992,4.70,6.12,6.84,7.54
24-Nov-1992,4.61,6.04,6.82,7.53
23-Nov-1992,4.69,6.10,6.86,7.56
20-Nov-1992,4.66,6.08,6.84,7.54
19-Nov-1992,4.59,6.00,6.81,7.54
18-Nov-1992,4.58,5.97,6.78,7.51
17-Nov-1992,4.67,6.08,6.86,7.55
16-Nov-1992,4.68,6.11,6.90,7.56
13-Nov-1992,4.54,5.99,6.82,7.57
12-Nov-1992,4.44,5.89,6.79,7.57
10-Nov-1992,4.50,6.01,6.91,7.68
09-Nov-1992,4.57,6.09,7.00,7.75
06-Nov-1992,4.48,6.02,6.97,7.76
05-Nov-1992,4.39,5.93,6.87,7.69
04-Nov-1992,4.44,5.94,6.89,7.69
03-Nov-1992,4.44,5.94,6.87,7.65
02-Nov-1992,4.47,5.96,6.88,7.66
30-Oct-1992,4.40,5.90,6.80,7.63
29-Oct-1992,4.33,5.79,6.71,7.60
28-Oct-1992,4.33,5.83,6.76,7.64
27-Oct-1992,4.32,5.82,6.78,7.62
26-Oct-1992,4.39,5.92,6.83,7.66
23-Oct-1992,4.37,5.91,6.83,7.65
22-Oct-1992,4.24,5.79,6.74,7.61
21-Oct-1992,4.29,5.82,6.80,7.63
20-Oct-1992,4.34,5.90,6.86,7.65
19-Oct-1992,4.15,5.71,6.69,7.57
16-Oct-1992,4.04,5.57,6.60,7.54
15-Oct-1992,4.02,5.52,6.53,7.51
14-Oct-1992,4.02,5.51,6.51,7.50
13-Oct-1992,3.99,5.49,6.51,7.53
09-Oct-1992,4.00,5.50,6.52,7.52
08-Oct-1992,3.83,5.37,6.41,7.45
07-Oct-1992,3.88,5.43,6.46,7.48
06-Oct-1992,3.74,5.25,6.30,7.41
05-Oct-1992,3.68,5.18,6.24,7.34
02-Oct-1992,3.71,5.22,6.26,7.33
01-Oct-1992,3.67,5.18,6.23,7.30
30-Sep-1992,3.80,5.33,6.37,7.38
29-Sep-1992,3.80,5.31,6.37,7.36
28-Sep-1992,3.77,5.28,6.37,7.34
25-Sep-1992,3.78,5.33,6.41,7.35
24-Sep-1992,3.91,5.47,6.48,7.42
23-Sep-1992,3.97,5.54,6.54,7.48
22-Sep-1992,3.98,5.52,6.50,7.45
21-Sep-1992,3.91,5.46,6.42,7.35
18-Sep-1992,3.86,5.41,6.41,7.32
17-Sep-1992,3.86,5.41,6.40,7.34
16-Sep-1992,3.87,5.40,6.41,7.35
15-Sep-1992,3.89,5.37,6.40,7.33
14-Sep-1992,3.80,5.28,6.32,7.26
11-Sep-1992,3.87,5.33,6.37,7.30
10-Sep-1992,3.83,5.26,6.31,7.24
09-Sep-1992,3.85,5.25,6.31,7.25
08-Sep-1992,3.83,5.21,6.29,7.23
04-Sep-1992,3.89,5.30,6.40,7.29
03-Sep-1992,4.09,5.50,6.54,7.37
02-Sep-1992,4.10,5.50,6.54,7.37
01-Sep-1992,4.12,5.52,6.56,7.38
31-Aug-1992,4.15,5.60,6.62,7.42
28-Aug-1992,4.16,5.60,6.63,7.42
27-Aug-1992,4.23,5.65,6.64,7.42
26-Aug-1992,4.26,5.70,6.68,7.43
25-Aug-1992,4.32,5.76,6.73,7.47
24-Aug-1992,4.27,5.72,6.68,7.44
21-Aug-1992,4.13,5.54,6.53,7.36
20-Aug-1992,4.04,5.42,6.46,7.32
19-Aug-1992,4.06,5.43,6.47,7.33
18-Aug-1992,4.04,5.44,6.48,7.33
17-Aug-1992,4.13,5.55,6.56,7.37
14-Aug-1992,4.14,5.54,6.53,7.33
13-Aug-1992,4.19,5.57,6.55,7.36
12-Aug-1992,4.19,5.54,6.48,7.33
11-Aug-1992,4.15,5.50,6.50,7.33
10-Aug-1992,4.12,5.50,6.52,7.37
07-Aug-1992,4.18,5.56,6.57,7.40
06-Aug-1992,4.29,5.67,6.65,7.45
05-Aug-1992,4.29,5.69,6.64,7.43
04-Aug-1992,4.31,5.72,6.66,7.43
03-Aug-1992,4.40,5.82,6.72,7.46
31-Jul-1992,4.42,5.84,6.72,7.46
30-Jul-1992,4.33,5.76,6.69,7.46
29-Jul-1992,4.25,5.62,6.60,7.43
28-Jul-1992,4.27,5.63,6.63,7.44
27-Jul-1992,4.27,5.66,6.69,7.53
24-Jul-1992,4.25,5.66,6.73,7.57
23-Jul-1992,4.20,5.62,6.72,7.54
22-Jul-1992,4.29,5.77,6.85,7.62
21-Jul-1992,4.34,5.82,6.89,7.67
20-Jul-1992,4.30,5.82,6.90,7.66
17-Jul-1992,4.27,5.82,6.90,7.68
16-Jul-1992,4.25,5.80,6.87,7.62
15-Jul-1992,4.25,5.80,6.90,7.64
14-Jul-1992,4.32,5.90,6.97,7.69
13-Jul-1992,4.40,5.94,6.97,7.67
10-Jul-1992,4.38,5.92,6.93,7.64
09-Jul-1992,4.40,5.93,6.91,7.61
08-Jul-1992,4.40,5.93,6.91,7.61
07-Jul-1992,4.40,5.91,6.87,7.61
06-Jul-1992,4.46,5.97,6.90,7.62
02-Jul-1992,4.55,6.02,6.93,7.63
01-Jul-1992,4.82,6.27,7.10,7.76
30-Jun-1992,4.83,6.29,7.14,7.79
29-Jun-1992,4.83,6.29,7.12,7.78
26-Jun-1992,4.88,6.33,7.15,7.79
25-Jun-1992,4.89,6.32,7.14,7.78
24-Jun-1992,4.96,6.39,7.20,7.83
23-Jun-1992,5.10,6.50,7.25,7.85
22-Jun-1992,4.99,6.45,7.24,7.84
19-Jun-1992,5.00,6.45,7.24,7.83
18-Jun-1992,4.94,6.39,7.19,7.80
17-Jun-1992,5.00,6.44,7.23,7.82
16-Jun-1992,5.02,6.44,7.24,7.84
15-Jun-1992,5.05,6.49,7.28,7.85
12-Jun-1992,5.06,6.49,7.29,7.85
11-Jun-1992,5.09,6.56,7.33,7.88
10-Jun-1992,5.13,6.59,7.35,7.90
09-Jun-1992,5.11,6.59,7.33,7.88
08-Jun-1992,5.11,6.56,7.31,7.84
05-Jun-1992,5.13,6.55,7.31,7.84
04-Jun-1992,5.22,6.60,7.34,7.88
03-Jun-1992,5.20,6.60,7.34,7.88
02-Jun-1992,5.23,6.61,7.35,7.87
01-Jun-1992,5.29,6.69,7.39,7.90
29-May-1992,5.19,6.61,7.33,7.84
28-May-1992,5.22,6.67,7.36,7.87
27-May-1992,5.28,6.74,7.44,7.91
26-May-1992,5.35,6.79,7.46,7.92
22-May-1992,5.24,6.69,7.35,7.83
21-May-1992,5.34,6.77,7.39,7.86
20-May-1992,5.13,6.55,7.25,7.79
19-May-1992,5.00,6.47,7.20,7.77
18-May-1992,5.12,6.59,7.28,7.82
15-May-1992,5.11,6.60,7.28,7.81
14-May-1992,5.13,6.63,7.34,7.87
13-May-1992,5.14,6.64,7.34,7.85
12-May-1992,5.19,6.66,7.36,7.86
11-May-1992,5.24,6.71,7.40,7.90
08-May-1992,5.29,6.73,7.41,7.90
07-May-1992,5.34,6.80,7.49,8.00
06-May-1992,5.25,6.76,7.46,7.97
05-May-1992,5.30,6.80,7.56,8.01
04-May-1992,5.32,6.82,7.58,8.03
01-May-1992,5.33,6.82,7.56,8.01
30-Apr-1992,5.46,6.91,7.61,8.06
29-Apr-1992,5.39,6.88,7.60,8.08
28-Apr-1992,5.40,6.87,7.57,8.06
27-Apr-1992,5.42,6.90,7.60,8.10
24-Apr-1992,5.33,6.85,7.55,8.06
23-Apr-1992,5.41,6.91,7.59,8.06
22-Apr-1992,5.41,6.89,7.57,8.04
21-Apr-1992,5.41,6.89,7.58,8.03
20-Apr-1992,5.45,6.90,7.59,8.02
16-Apr-1992,5.34,6.76,7.45,7.93
15-Apr-1992,5.22,6.66,7.37,7.87
14-Apr-1992,5.15,6.60,7.35,7.88
13-Apr-1992,5.11,6.58,7.33,7.86
10-Apr-1992,5.16,6.62,7.37,7.89
09-Apr-1992,5.09,6.59,7.35,7.85
08-Apr-1992,5.33,6.76,7.44,7.94
07-Apr-1992,5.34,6.73,7.41,7.90
06-Apr-1992,5.36,6.74,7.41,7.88
03-Apr-1992,5.37,6.76,7.42,7.88
02-Apr-1992,5.55,6.85,7.47,7.92
01-Apr-1992,5.53,6.82,7.46,7.90
31-Mar-1992,5.60,6.94,7.54,7.96
30-Mar-1992,5.61,6.93,7.54,7.95
27-Mar-1992,5.68,6.97,7.54,7.94
26-Mar-1992,5.69,6.98,7.57,7.99
25-Mar-1992,5.72,6.96,7.53,7.94
24-Mar-1992,5.78,7.00,7.53,7.94
23-Mar-1992,5.87,7.10,7.62,8.04
20-Mar-1992,5.86,7.12,7.64,8.05
19-Mar-1992,5.79,7.03,7.57,7.98
18-Mar-1992,5.84,7.06,7.62,8.01
17-Mar-1992,5.83,7.06,7.62,8.02
16-Mar-1992,5.87,7.12,7.69,8.07
13-Mar-1992,5.86,7.14,7.71,8.06
12-Mar-1992,5.74,7.01,7.62,8.04
11-Mar-1992,5.58,6.86,7.51,7.96
10-Mar-1992,5.56,6.78,7.43,7.89
09-Mar-1992,5.54,6.77,7.42,7.88
06-Mar-1992,5.60,6.85,7.48,7.93
05-Mar-1992,5.62,6.87,7.51,7.95
04-Mar-1992,5.50,6.76,7.43,7.90
03-Mar-1992,5.48,6.76,7.43,7.93
02-Mar-1992,5.45,6.73,7.38,7.90
28-Feb-1992,5.27,6.58,7.27,7.80
27-Feb-1992,5.34,6.67,7.35,7.86
26-Feb-1992,5.37,6.66,7.33,7.85
25-Feb-1992,5.43,6.78,7.44,7.94
24-Feb-1992,5.46,6.81,7.47,7.97
21-Feb-1992,5.46,6.77,7.45,7.95
20-Feb-1992,5.30,6.67,7.41,7.91
19-Feb-1992,5.28,6.67,7.42,7.93
18-Feb-1992,5.24,6.69,7.47,7.97
14-Feb-1992,5.27,6.65,7.41,7.91
13-Feb-1992,5.22,6.61,7.40,7.92
12-Feb-1992,5.08,6.46,7.30,7.81
11-Feb-1992,5.01,6.40,7.23,7.79
10-Feb-1992,4.94,6.38,7.21,7.79
07-Feb-1992,4.97,6.40,7.20,7.77
06-Feb-1992,5.05,6.40,7.20,7.75
05-Feb-1992,5.07,6.40,7.21,7.74
04-Feb-1992,5.12,6.46,7.29,7.76
03-Feb-1992,5.15,6.52,7.36,7.82
31-Jan-1992,5.11,6.44,7.31,7.77
30-Jan-1992,5.17,6.48,7.31,7.79
29-Jan-1992,5.15,6.42,7.25,7.75
28-Jan-1992,5.10,6.32,7.16,7.66
27-Jan-1992,5.15,6.41,7.24,7.71
24-Jan-1992,5.13,6.40,7.25,7.71
23-Jan-1992,5.02,6.32,7.20,7.71
22-Jan-1992,4.95,6.28,7.09,7.62
21-Jan-1992,4.97,6.27,7.03,7.57
17-Jan-1992,5.02,6.36,7.09,7.61
16-Jan-1992,5.07,6.41,7.13,7.65
15-Jan-1992,5.07,6.37,7.05,7.57
14-Jan-1992,5.00,6.34,7.03,7.54
13-Jan-1992,4.93,6.21,6.92,7.49
10-Jan-1992,4.85,6.10,6.85,7.47
09-Jan-1992,4.77,6.02,6.79,7.42
08-Jan-1992,4.66,5.96,6.77,7.41
07-Jan-1992,4.67,5.94,6.76,7.39
06-Jan-1992,4.76,6.02,6.82,7.44
03-Jan-1992,4.80,6.05,6.85,7.48
02-Jan-1992,4.77,5.98,6.78,7.46
31-Dec-1991,4.77,5.93,6.71,7.41
30-Dec-1991,4.80,5.97,6.76,7.45
27-Dec-1991,4.85,6.00,6.82,7.52
26-Dec-1991,4.85,6.00,6.85,7.51
24-Dec-1991,4.84,6.01,6.88,7.53
23-Dec-1991,4.79,6.00,6.88,7.53
20-Dec-1991,4.80,6.02,6.97,7.59
19-Dec-1991,5.05,6.19,7.11,7.68
18-Dec-1991,5.11,6.30,7.19,7.76
17-Dec-1991,5.02,6.24,7.18,7.75
16-Dec-1991,5.06,6.28,7.21,7.77
13-Dec-1991,5.09,6.30,7.22,7.79
12-Dec-1991,5.06,6.23,7.19,7.77
11-Dec-1991,5.04,6.26,7.22,7.81
10-Dec-1991,5.07,6.25,7.21,7.79
09-Dec-1991,5.09,6.23,7.22,7.78
06-Dec-1991,5.19,6.31,7.26,7.78
05-Dec-1991,5.22,6.30,7.21,7.86
04-Dec-1991,5.22,6.27,7.17,7.84
03-Dec-1991,5.29,6.39,7.28,7.90
02-Dec-1991,5.33,6.43,7.32,7.92
29-Nov-1991,5.38,6.48,7.38,7.94
27-Nov-1991,5.43,6.53,7.42,7.97
26-Nov-1991,5.45,6.53,7.42,7.95
25-Nov-1991,5.50,6.61,7.45,7.99
22-Nov-1991,5.49,6.56,7.44,7.99
21-Nov-1991,5.50,6.54,7.39,7.96
20-Nov-1991,5.52,6.56,7.38,7.92
19-Nov-1991,5.50,6.55,7.37,7.90
18-Nov-1991,5.55,6.57,7.33,7.84
15-Nov-1991,5.54,6.58,7.33,7.84
14-Nov-1991,5.60,6.62,7.35,7.82
13-Nov-1991,5.65,6.69,7.41,7.88
12-Nov-1991,5.65,6.65,7.37,7.80
08-Nov-1991,5.63,6.66,7.41,7.88
07-Nov-1991,5.62,6.65,7.43,7.92
06-Nov-1991,5.63,6.72,7.51,8.01
05-Nov-1991,5.70,6.79,7.56,8.02
04-Nov-1991,5.63,6.74,7.50,7.95
01-Nov-1991,5.65,6.71,7.48,7.93
31-Oct-1991,5.70,6.74,7.47,7.91
30-Oct-1991,5.73,6.77,7.48,7.90
29-Oct-1991,5.78,6.80,7.51,7.91
28-Oct-1991,5.88,6.91,7.65,8.03
25-Oct-1991,5.93,6.96,7.68,8.05
24-Oct-1991,5.93,6.91,7.65,8.03
23-Oct-1991,6.01,7.00,7.69,8.09
22-Oct-1991,6.02,6.99,7.67,8.10
21-Oct-1991,5.99,6.95,7.62,8.06
18-Oct-1991,5.95,6.88,7.53,7.97
17-Oct-1991,5.93,6.90,7.55,8.00
16-Oct-1991,5.86,6.79,7.45,7.88
15-Oct-1991,5.85,6.81,7.46,7.87
11-Oct-1991,5.91,6.84,7.49,7.90
10-Oct-1991,5.98,6.93,7.58,7.98
09-Oct-1991,5.93,6.87,7.51,7.91
08-Oct-1991,5.89,6.82,7.43,7.82
07-Oct-1991,5.93,6.81,7.40,7.79
04-Oct-1991,5.91,6.81,7.39,7.79
03-Oct-1991,5.98,6.88,7.47,7.84
02-Oct-1991,5.99,6.90,7.47,7.83
01-Oct-1991,5.99,6.90,7.45,7.81
30-Sep-1991,5.99,6.92,7.47,7.82
27-Sep-1991,6.02,6.95,7.49,7.83
26-Sep-1991,6.05,7.03,7.56,7.89
25-Sep-1991,6.12,7.06,7.58,7.91
24-Sep-1991,6.11,7.09,7.56,7.89
23-Sep-1991,6.17,7.09,7.55,7.88
20-Sep-1991,6.18,7.09,7.57,7.89
19-Sep-1991,6.20,7.10,7.61,7.92
18-Sep-1991,6.18,7.10,7.62,7.92
17-Sep-1991,6.18,7.10,7.62,7.92
16-Sep-1991,6.17,7.11,7.63,7.93
13-Sep-1991,6.18,7.13,7.66,7.95
12-Sep-1991,6.20,7.15,7.67,7.96
11-Sep-1991,6.23,7.21,7.74,8.02
10-Sep-1991,6.21,7.20,7.73,8.01
09-Sep-1991,6.23,7.20,7.73,8.00
06-Sep-1991,6.26,7.24,7.76,8.02
05-Sep-1991,6.31,7.32,7.83,8.09
04-Sep-1991,6.31,7.31,7.81,8.06
03-Sep-1991,6.33,7.32,7.81,8.05
30-Aug-1991,6.36,7.34,7.82,8.06
29-Aug-1991,6.25,7.24,7.74,7.99
28-Aug-1991,6.30,7.32,7.82,8.06
27-Aug-1991,6.41,7.42,7.89,8.14
26-Aug-1991,6.48,7.44,7.91,8.15
23-Aug-1991,6.46,7.39,7.88,8.13
22-Aug-1991,6.27,7.25,7.78,8.05
21-Aug-1991,6.27,7.27,7.80,8.07
20-Aug-1991,6.17,7.24,7.81,8.09
19-Aug-1991,6.24,7.31,7.83,8.11
16-Aug-1991,6.31,7.33,7.84,8.09
15-Aug-1991,6.33,7.37,7.84,8.09
14-Aug-1991,6.37,7.37,7.82,8.08
13-Aug-1991,6.48,7.46,7.91,8.17
12-Aug-1991,6.49,7.49,7.95,8.21
09-Aug-1991,6.49,7.51,7.98,8.23
08-Aug-1991,6.52,7.53,7.98,8.22
07-Aug-1991,6.54,7.51,7.93,8.17
06-Aug-1991,6.57,7.54,7.97,8.18
05-Aug-1991,6.69,7.62,8.04,8.24
02-Aug-1991,6.69,7.62,8.06,8.25
01-Aug-1991,6.84,7.78,8.20,8.38
31-Jul-1991,6.81,7.77,8.20,8.36
30-Jul-1991,6.84,7.81,8.21,8.39
29-Jul-1991,6.82,7.81,8.20,8.39
26-Jul-1991,6.85,7.82,8.20,8.39
25-Jul-1991,6.87,7.81,8.20,8.38
24-Jul-1991,6.88,7.86,8.24,8.42
23-Jul-1991,6.94,7.96,8.31,8.50
22-Jul-1991,6.91,7.92,8.28,8.48
19-Jul-1991,6.89,7.91,8.28,8.48
18-Jul-1991,6.91,7.95,8.31,8.50
17-Jul-1991,6.94,7.94,8.30,8.49
16-Jul-1991,6.90,7.91,8.27,8.46
15-Jul-1991,6.88,7.90,8.26,8.44
12-Jul-1991,6.88,7.90,8.26,8.44
11-Jul-1991,6.92,7.95,8.30,8.47
10-Jul-1991,6.97,8.00,8.35,8.53
09-Jul-1991,7.00,8.02,8.36,8.53
08-Jul-1991,7.00,8.00,8.34,8.51
05-Jul-1991,7.04,8.01,8.34,8.49
03-Jul-1991,6.97,7.92,8.26,8.42
02-Jul-1991,7.00,7.95,8.27,8.44
01-Jul-1991,6.97,7.93,8.26,8.44
28-Jun-1991,6.90,7.90,8.24,8.42
27-Jun-1991,7.00,7.97,8.32,8.49
26-Jun-1991,7.01,7.98,8.33,8.51
25-Jun-1991,7.04,7.99,8.33,8.51
24-Jun-1991,6.96,7.98,8.33,8.51
21-Jun-1991,6.94,7.95,8.32,8.51
20-Jun-1991,6.87,7.91,8.30,8.48
19-Jun-1991,6.95,7.97,8.33,8.52
18-Jun-1991,7.00,7.97,8.32,8.52
17-Jun-1991,7.02,7.96,8.30,8.49
14-Jun-1991,7.02,7.94,8.29,8.47
13-Jun-1991,7.08,8.00,8.34,8.53
12-Jun-1991,7.08,8.02,8.36,8.55
11-Jun-1991,6.99,7.96,8.29,8.48
10-Jun-1991,7.01,7.95,8.29,8.48
07-Jun-1991,6.98,7.96,8.29,8.48
06-Jun-1991,6.86,7.89,8.23,8.42
05-Jun-1991,6.83,7.84,8.19,8.39
04-Jun-1991,6.79,7.80,8.14,8.34
03-Jun-1991,6.79,7.80,8.14,8.34
31-May-1991,6.68,7.69,8.06,8.26
30-May-1991,6.60,7.63,8.02,8.22
29-May-1991,6.61,7.66,8.07,8.29
28-May-1991,6.66,7.66,8.07,8.28
24-May-1991,6.69,7.68,8.10,8.31
23-May-1991,6.74,7.71,8.10,8.31
22-May-1991,6.77,7.72,8.06,8.28
21-May-1991,6.84,7.74,8.06,8.26
20-May-1991,6.86,7.78,8.10,8.30
17-May-1991,6.86,7.77,8.08,8.28
16-May-1991,6.84,7.77,8.12,8.33
15-May-1991,6.84,7.77,8.13,8.34
14-May-1991,6.86,7.78,8.14,8.36
13-May-1991,6.84,7.72,8.07,8.27
10-May-1991,6.87,7.76,8.12,8.33
09-May-1991,6.84,7.68,8.02,8.21
08-May-1991,6.84,7.68,8.04,8.24
07-May-1991,6.82,7.67,8.06,8.24
06-May-1991,6.82,7.67,8.05,8.23
03-May-1991,6.80,7.67,8.04,8.22
02-May-1991,6.76,7.59,7.97,8.14
01-May-1991,6.80,7.63,8.01,8.18
30-Apr-1991,6.80,7.63,8.02,8.20
29-Apr-1991,6.90,7.70,8.07,8.23
26-Apr-1991,6.89,7.68,8.06,8.22
25-Apr-1991,6.93,7.70,8.07,8.24
24-Apr-1991,6.95,7.73,8.06,8.22
23-Apr-1991,7.05,7.78,8.12,8.28
22-Apr-1991,7.07,7.83,8.15,8.30
19-Apr-1991,7.03,7.80,8.10,8.24
18-Apr-1991,6.99,7.74,8.02,8.18
17-Apr-1991,6.90,7.64,7.95,8.11
16-Apr-1991,6.92,7.66,7.97,8.13
15-Apr-1991,6.90,7.64,7.95,8.12
12-Apr-1991,6.88,7.64,7.98,8.16
11-Apr-1991,6.95,7.74,8.09,8.27
10-Apr-1991,7.02,7.75,8.10,8.27
09-Apr-1991,6.94,7.68,8.03,8.20
08-Apr-1991,6.91,7.63,7.98,8.16
05-Apr-1991,6.92,7.65,7.99,8.18
04-Apr-1991,6.94,7.67,8.00,8.19
03-Apr-1991,6.99,7.71,8.05,8.24
02-Apr-1991,6.97,7.68,8.03,8.22
01-Apr-1991,7.01,7.74,8.07,8.25
28-Mar-1991,7.02,7.73,8.05,8.24
27-Mar-1991,7.07,7.76,8.08,8.26
26-Mar-1991,7.16,7.84,8.13,8.31
25-Mar-1991,7.14,7.83,8.13,8.32
22-Mar-1991,7.13,7.82,8.13,8.33
21-Mar-1991,7.13,7.82,8.16,8.34
20-Mar-1991,7.20,7.88,8.20,8.37
19-Mar-1991,7.22,7.93,8.25,8.42
18-Mar-1991,7.09,7.79,8.15,8.34
15-Mar-1991,7.01,7.73,8.10,8.30
14-Mar-1991,6.95,7.64,8.02,8.20
13-Mar-1991,7.00,7.67,8.02,8.20
12-Mar-1991,7.07,7.74,8.09,8.26
11-Mar-1991,7.05,7.71,8.06,8.23
08-Mar-1991,7.08,7.77,8.13,8.30
07-Mar-1991,7.12,7.73,8.07,8.23
06-Mar-1991,7.15,7.77,8.11,8.29
05-Mar-1991,7.13,7.73,8.08,8.25
04-Mar-1991,7.16,7.77,8.12,8.29
01-Mar-1991,7.18,7.78,8.12,8.28
28-Feb-1991,7.04,7.66,8.02,8.19
27-Feb-1991,7.02,7.64,7.98,8.15
26-Feb-1991,7.00,7.62,7.96,8.14
25-Feb-1991,6.99,7.57,7.91,8.05
22-Feb-1991,6.98,7.57,7.91,8.07
21-Feb-1991,6.90,7.51,7.88,8.04
20-Feb-1991,6.87,7.49,7.84,8.02
19-Feb-1991,6.87,7.46,7.80,7.99
15-Feb-1991,6.82,7.41,7.78,7.97
14-Feb-1991,6.77,7.38,7.80,7.99
13-Feb-1991,6.78,7.39,7.78,7.97
12-Feb-1991,6.78,7.39,7.78,7.96
11-Feb-1991,6.78,7.39,7.78,7.97
08-Feb-1991,6.80,7.40,7.77,7.95
07-Feb-1991,6.80,7.42,7.82,8.01
06-Feb-1991,6.82,7.40,7.79,8.02
05-Feb-1991,6.80,7.40,7.85,8.02
04-Feb-1991,6.82,7.43,7.88,8.05
01-Feb-1991,6.83,7.45,7.91,8.09
31-Jan-1991,7.05,7.62,8.03,8.21
30-Jan-1991,7.07,7.64,8.05,8.23
29-Jan-1991,7.10,7.64,8.03,8.20
28-Jan-1991,7.12,7.67,8.06,8.23
25-Jan-1991,7.10,7.67,8.06,8.24
24-Jan-1991,7.04,7.61,8.00,8.18
23-Jan-1991,7.08,7.67,8.04,8.21
22-Jan-1991,7.13,7.70,8.07,8.23
18-Jan-1991,7.14,7.68,8.03,8.17
17-Jan-1991,7.19,7.71,8.05,8.18
16-Jan-1991,7.21,7.83,8.24,8.40
15-Jan-1991,7.16,7.79,8.22,8.41
14-Jan-1991,7.18,7.82,8.23,8.41
11-Jan-1991,7.14,7.79,8.20,8.39
10-Jan-1991,7.14,7.76,8.16,8.37
09-Jan-1991,7.10,7.81,8.25,8.46
08-Jan-1991,7.15,7.74,8.16,8.37
07-Jan-1991,7.20,7.75,8.13,8.32
04-Jan-1991,7.17,7.65,8.02,8.20
03-Jan-1991,7.08,7.56,7.93,8.11
02-Jan-1991,7.08,7.59,7.97,8.14
31-Dec-1990,7.15,7.68,8.08,8.26
28-Dec-1990,7.25,7.78,8.14,8.31
27-Dec-1990,7.25,7.75,8.11,8.25
26-Dec-1990,7.27,7.78,8.15,8.30
24-Dec-1990,7.35,7.84,8.20,8.36
21-Dec-1990,7.30,7.75,8.11,8.28
20-Dec-1990,7.25,7.67,8.05,8.22
19-Dec-1990,7.21,7.64,8.00,8.19
18-Dec-1990,7.28,7.67,7.99,8.15
17-Dec-1990,7.31,7.71,8.02,8.18
14-Dec-1990,7.35,7.74,8.05,8.20
13-Dec-1990,7.31,7.68,7.98,8.14
12-Dec-1990,7.22,7.59,7.91,8.07
11-Dec-1990,7.26,7.60,7.94,8.10
10-Dec-1990,7.28,7.63,7.98,8.14
07-Dec-1990,7.33,7.67,8.03,8.19
06-Dec-1990,7.48,7.82,8.18,8.35
05-Dec-1990,7.46,7.82,8.16,8.32
04-Dec-1990,7.46,7.83,8.20,8.37
03-Dec-1990,7.51,7.88,8.22,8.36
30-Nov-1990,7.53,7.91,8.26,8.40
29-Nov-1990,7.58,7.96,8.32,8.47
28-Nov-1990,7.56,7.94,8.30,8.46
27-Nov-1990,7.50,7.94,8.28,8.44
26-Nov-1990,7.55,7.92,8.27,8.42
23-Nov-1990,7.53,7.92,8.28,8.44
21-Nov-1990,7.55,7.92,8.27,8.44
20-Nov-1990,7.62,7.98,8.31,8.47
19-Nov-1990,7.62,8.01,8.35,8.51
16-Nov-1990,7.58,7.96,8.30,8.46
15-Nov-1990,7.60,8.01,8.37,8.53
14-Nov-1990,7.58,8.01,8.36,8.51
13-Nov-1990,7.60,8.01,8.37,8.52
09-Nov-1990,7.61,8.10,8.49,8.63
08-Nov-1990,7.67,8.18,8.58,8.73
07-Nov-1990,7.67,8.16,8.57,8.71
06-Nov-1990,7.65,8.11,8.52,8.64
05-Nov-1990,7.63,8.10,8.50,8.63
02-Nov-1990,7.68,8.16,8.57,8.70
01-Nov-1990,7.68,8.15,8.57,8.70
31-Oct-1990,7.77,8.24,8.65,8.78
30-Oct-1990,7.79,8.28,8.70,8.83
29-Oct-1990,7.82,8.27,8.70,8.84
26-Oct-1990,7.80,8.23,8.63,8.76
25-Oct-1990,7.80,8.21,8.62,8.74
24-Oct-1990,7.84,8.26,8.66,8.79
23-Oct-1990,7.84,8.25,8.65,8.79
22-Oct-1990,7.85,8.25,8.63,8.76
19-Oct-1990,7.85,8.25,8.62,8.75
18-Oct-1990,7.91,8.32,8.71,8.85
17-Oct-1990,7.92,8.37,8.76,8.89
16-Oct-1990,7.92,8.39,8.79,8.94
15-Oct-1990,7.92,8.39,8.80,8.95
12-Oct-1990,7.94,8.44,8.84,8.98
11-Oct-1990,7.99,8.51,8.92,9.08
10-Oct-1990,7.99,8.49,8.89,9.03
09-Oct-1990,7.94,8.43,8.83,8.98
05-Oct-1990,7.81,8.27,8.65,8.79
04-Oct-1990,7.87,8.30,8.67,8.81
03-Oct-1990,7.88,8.33,8.71,8.85
02-Oct-1990,7.92,8.35,8.69,8.84
01-Oct-1990,7.94,8.38,8.71,8.84
28-Sep-1990,8.02,8.47,8.82,8.96
27-Sep-1990,8.05,8.52,8.91,9.05
26-Sep-1990,8.16,8.63,9.00,9.14
25-Sep-1990,8.18,8.64,9.02,9.15
24-Sep-1990,8.21,8.64,9.04,9.18
21-Sep-1990,8.12,8.58,8.99,9.13
20-Sep-1990,8.10,8.53,8.91,9.05
19-Sep-1990,8.08,8.51,8.88,9.02
18-Sep-1990,8.03,8.48,8.90,9.05
17-Sep-1990,8.05,8.49,8.90,9.06
14-Sep-1990,8.03,8.48,8.87,9.01
13-Sep-1990,8.01,8.44,8.82,8.96
12-Sep-1990,8.05,8.45,8.82,8.96
11-Sep-1990,8.10,8.48,8.83,8.96
10-Sep-1990,8.09,8.50,8.85,8.98
07-Sep-1990,8.04,8.45,8.81,8.92
06-Sep-1990,8.06,8.47,8.84,8.96
05-Sep-1990,8.04,8.47,8.86,8.98
04-Sep-1990,8.09,8.53,8.90,9.03
31-Aug-1990,8.07,8.50,8.86,8.99
30-Aug-1990,8.12,8.52,8.86,8.98
29-Aug-1990,8.16,8.52,8.84,8.95
28-Aug-1990,8.23,8.67,8.94,9.07
27-Aug-1990,8.21,8.61,8.90,9.02
24-Aug-1990,8.32,8.75,9.05,9.17
23-Aug-1990,8.26,8.69,9.00,9.11
22-Aug-1990,8.26,8.62,8.91,9.03
21-Aug-1990,8.19,8.56,8.84,8.94
20-Aug-1990,8.13,8.50,8.81,8.92
17-Aug-1990,8.11,8.49,8.80,8.94
16-Aug-1990,8.09,8.45,8.76,8.91
15-Aug-1990,7.94,8.33,8.64,8.76
14-Aug-1990,7.94,8.34,8.66,8.78
13-Aug-1990,7.94,8.36,8.71,8.83
10-Aug-1990,7.95,8.35,8.68,8.79
09-Aug-1990,7.99,8.33,8.66,8.75
08-Aug-1990,8.02,8.43,8.77,8.87
07-Aug-1990,8.04,8.41,8.78,8.86
06-Aug-1990,7.90,8.29,8.71,8.82
03-Aug-1990,7.79,8.11,8.43,8.55
02-Aug-1990,7.90,8.15,8.41,8.46
01-Aug-1990,7.85,8.06,8.29,8.36
31-Jul-1990,7.91,8.13,8.36,8.42
30-Jul-1990,7.93,8.14,8.34,8.40
27-Jul-1990,8.00,8.25,8.42,8.48
26-Jul-1990,8.08,8.31,8.49,8.54
25-Jul-1990,8.08,8.31,8.49,8.55
24-Jul-1990,8.12,8.35,8.53,8.59
23-Jul-1990,8.05,8.28,8.48,8.54
20-Jul-1990,8.08,8.28,8.48,8.54
19-Jul-1990,8.13,8.33,8.51,8.56
18-Jul-1990,8.13,8.34,8.50,8.55
17-Jul-1990,8.13,8.30,8.44,8.46
16-Jul-1990,8.15,8.31,8.44,8.46
13-Jul-1990,8.13,8.32,8.45,8.46
12-Jul-1990,8.20,8.37,8.50,8.50
11-Jul-1990,8.40,8.49,8.57,8.56
10-Jul-1990,8.40,8.50,8.57,8.56
09-Jul-1990,8.39,8.49,8.57,8.55
06-Jul-1990,8.32,8.44,8.51,8.51
05-Jul-1990,8.22,8.34,8.42,8.42
03-Jul-1990,8.20,8.32,8.40,8.40
02-Jul-1990,8.25,8.35,8.43,8.41
29-Jun-1990,8.24,8.35,8.43,8.41
28-Jun-1990,8.31,8.41,8.47,8.45
27-Jun-1990,8.37,8.47,8.52,8.49
26-Jun-1990,8.41,8.51,8.56,8.53
25-Jun-1990,8.45,8.53,8.58,8.56
22-Jun-1990,8.40,8.46,8.51,8.49
21-Jun-1990,8.41,8.48,8.52,8.50
20-Jun-1990,8.43,8.51,8.55,8.52
19-Jun-1990,8.41,8.47,8.51,8.48
18-Jun-1990,8.39,8.45,8.50,8.47
15-Jun-1990,8.33,8.41,8.46,8.43
14-Jun-1990,8.24,8.32,8.38,8.36
13-Jun-1990,8.27,8.35,8.40,8.39
12-Jun-1990,8.36,8.44,8.48,8.45
11-Jun-1990,8.36,8.43,8.48,8.45
08-Jun-1990,8.33,8.42,8.46,8.44
07-Jun-1990,8.34,8.41,8.46,8.43
06-Jun-1990,8.34,8.43,8.46,8.44
05-Jun-1990,8.34,8.42,8.47,8.46
04-Jun-1990,8.31,8.39,8.44,8.43
01-Jun-1990,8.33,8.38,8.44,8.43
31-May-1990,8.50,8.56,8.60,8.58
30-May-1990,8.48,8.56,8.62,8.60
29-May-1990,8.52,8.59,8.66,8.64
25-May-1990,8.53,8.61,8.69,8.67
24-May-1990,8.50,8.58,8.63,8.60
23-May-1990,8.51,8.61,8.61,8.59
22-May-1990,8.54,8.66,8.65,8.61
21-May-1990,8.61,8.74,8.74,8.69
18-May-1990,8.63,8.74,8.75,8.70
17-May-1990,8.56,8.69,8.69,8.65
16-May-1990,8.54,8.66,8.68,8.64
15-May-1990,8.54,8.64,8.65,8.62
14-May-1990,8.51,8.60,8.61,8.58
11-May-1990,8.55,8.64,8.64,8.64
10-May-1990,8.69,8.80,8.82,8.81
09-May-1990,8.75,8.87,8.88,8.90
08-May-1990,8.68,8.79,8.84,8.81
07-May-1990,8.74,8.83,8.87,8.85
04-May-1990,8.70,8.80,8.84,8.83
03-May-1990,8.98,9.04,9.04,8.99
02-May-1990,9.05,9.10,9.09,9.05
01-May-1990,9.02,9.08,9.08,9.04
30-Apr-1990,8.96,9.04,9.04,9.00
27-Apr-1990,8.98,9.06,9.06,9.04
26-Apr-1990,9.03,9.09,9.07,9.04
25-Apr-1990,8.95,9.00,9.01,8.98
24-Apr-1990,8.92,8.96,9.00,8.98
23-Apr-1990,8.87,8.92,8.98,8.96
20-Apr-1990,8.82,8.88,8.95,8.93
19-Apr-1990,8.81,8.84,8.87,8.86
18-Apr-1990,8.79,8.84,8.86,8.85
17-Apr-1990,8.70,8.73,8.77,8.74
16-Apr-1990,8.61,8.65,8.68,8.64
12-Apr-1990,8.57,8.62,8.64,8.60
11-Apr-1990,8.56,8.60,8.63,8.58
10-Apr-1990,8.54,8.58,8.60,8.57
09-Apr-1990,8.54,8.58,8.59,8.55
06-Apr-1990,8.52,8.55,8.56,8.52
05-Apr-1990,8.54,8.57,8.57,8.52
04-Apr-1990,8.54,8.56,8.55,8.52
03-Apr-1990,8.61,8.64,8.63,8.61
02-Apr-1990,8.62,8.65,8.65,8.63
30-Mar-1990,8.64,8.65,8.65,8.63
29-Mar-1990,8.62,8.60,8.60,8.58
28-Mar-1990,8.57,8.53,8.51,8.47
27-Mar-1990,8.59,8.55,8.52,8.48
26-Mar-1990,8.61,8.52,8.51,8.47
23-Mar-1990,8.61,8.54,8.52,8.48
22-Mar-1990,8.62,8.56,8.53,8.49
21-Mar-1990,8.69,8.62,8.55,8.47
20-Mar-1990,8.68,8.61,8.54,8.47
19-Mar-1990,8.68,8.65,8.59,8.54
16-Mar-1990,8.64,8.61,8.59,8.55
15-Mar-1990,8.71,8.69,8.66,8.63
14-Mar-1990,8.69,8.67,8.65,8.61
13-Mar-1990,8.77,8.75,8.73,8.72
12-Mar-1990,8.71,8.67,8.63,8.62
09-Mar-1990,8.73,8.68,8.65,8.63
08-Mar-1990,8.59,8.57,8.57,8.56
07-Mar-1990,8.54,8.56,8.58,8.58
06-Mar-1990,8.54,8.57,8.59,8.59
05-Mar-1990,8.55,8.58,8.65,8.66
02-Mar-1990,8.48,8.50,8.54,8.55
01-Mar-1990,8.53,8.53,8.59,8.61
28-Feb-1990,8.43,8.44,8.51,8.54
27-Feb-1990,8.34,8.34,8.41,8.45
26-Feb-1990,8.38,8.40,8.46,8.49
23-Feb-1990,8.43,8.47,8.53,8.56
22-Feb-1990,8.45,8.48,8.54,8.56
21-Feb-1990,8.50,8.60,8.62,8.66
20-Feb-1990,8.52,8.58,8.62,8.66
16-Feb-1990,8.36,8.41,8.42,8.46
15-Feb-1990,8.35,8.40,8.43,8.47
14-Feb-1990,8.27,8.34,8.36,8.41
13-Feb-1990,8.21,8.29,8.35,8.39
12-Feb-1990,8.32,8.37,8.40,8.43
09-Feb-1990,8.25,8.29,8.31,8.36
08-Feb-1990,8.37,8.45,8.49,8.50
07-Feb-1990,8.42,8.51,8.52,8.57
06-Feb-1990,8.42,8.49,8.57,8.58
05-Feb-1990,8.37,8.44,8.53,8.53
02-Feb-1990,8.37,8.42,8.50,8.51
01-Feb-1990,8.28,8.35,8.42,8.44
31-Jan-1990,8.28,8.35,8.43,8.46
30-Jan-1990,8.30,8.43,8.51,8.55
29-Jan-1990,8.30,8.39,8.50,8.54
26-Jan-1990,8.28,8.38,8.49,8.55
25-Jan-1990,8.24,8.31,8.42,8.46
24-Jan-1990,8.20,8.28,8.38,8.41
23-Jan-1990,8.18,8.18,8.26,8.29
22-Jan-1990,8.18,8.19,8.27,8.31
19-Jan-1990,8.20,8.20,8.26,8.29
18-Jan-1990,8.25,8.27,8.32,8.35
17-Jan-1990,8.09,8.11,8.19,8.25
16-Jan-1990,8.10,8.11,8.20,8.25
12-Jan-1990,7.93,7.99,8.10,8.17
11-Jan-1990,7.91,7.94,8.04,8.11
10-Jan-1990,7.91,7.92,8.03,8.11
09-Jan-1990,7.91,7.92,8.02,8.10
08-Jan-1990,7.90,7.92,8.02,8.09
05-Jan-1990,7.90,7.92,7.99,8.06
04-Jan-1990,7.92,7.91,7.98,8.04
03-Jan-1990,7.94,7.92,7.99,8.04
02-Jan-1990,7.87,7.87,7.94,8.00
29-Dec-1989,7.87,7.86,7.93,7.98
28-Dec-1989,7.87,7.85,7.91,7.97
27-Dec-1989,7.90,7.89,7.94,7.98
26-Dec-1989,7.90,7.90,7.95,8.00
22-Dec-1989,7.74,7.75,7.82,7.88
21-Dec-1989,7.68,7.67,7.77,7.86
20-Dec-1989,7.64,7.67,7.77,7.84
19-Dec-1989,7.72,7.69,7.78,7.85
18-Dec-1989,7.75,7.67,7.77,7.83
15-Dec-1989,7.75,7.70,7.80,7.86
14-Dec-1989,7.75,7.68,7.79,7.85
13-Dec-1989,7.82,7.73,7.82,7.88
12-Dec-1989,7.80,7.74,7.84,7.90
11-Dec-1989,7.78,7.74,7.83,7.89
08-Dec-1989,7.78,7.73,7.82,7.88
07-Dec-1989,7.85,7.80,7.88,7.93
06-Dec-1989,7.80,7.76,7.85,7.91
05-Dec-1989,7.72,7.70,7.82,7.88
04-Dec-1989,7.72,7.70,7.82,7.88
01-Dec-1989,7.70,7.70,7.81,7.88
30-Nov-1989,7.75,7.74,7.84,7.90
29-Nov-1989,7.80,7.78,7.88,7.93
28-Nov-1989,7.78,7.81,7.86,7.91
27-Nov-1989,7.79,7.80,7.85,7.92
24-Nov-1989,7.64,7.70,7.80,7.88
22-Nov-1989,7.66,7.72,7.81,7.88
21-Nov-1989,7.77,7.79,7.85,7.91
20-Nov-1989,7.77,7.80,7.86,7.92
17-Nov-1989,7.77,7.82,7.88,7.94
16-Nov-1989,7.71,7.74,7.82,7.87
15-Nov-1989,7.69,7.74,7.82,7.87
14-Nov-1989,7.75,7.80,7.87,7.90
13-Nov-1989,7.82,7.85,7.89,7.89
10-Nov-1989,7.83,7.85,7.92,7.90
09-Nov-1989,7.80,7.84,7.90,7.91
08-Nov-1989,7.78,7.81,7.87,7.88
07-Nov-1989,7.87,7.85,7.90,7.88
06-Nov-1989,8.04,7.99,8.00,7.97
03-Nov-1989,8.01,7.93,7.96,7.92
02-Nov-1989,7.81,7.81,7.87,7.88
01-Nov-1989,7.87,7.86,7.91,7.89
31-Oct-1989,7.85,7.86,7.92,7.92
30-Oct-1989,7.85,7.86,7.92,7.93
27-Oct-1989,7.87,7.87,7.94,7.95
26-Oct-1989,7.78,7.81,7.88,7.89
25-Oct-1989,7.76,7.79,7.86,7.88
24-Oct-1989,7.78,7.80,7.87,7.87
23-Oct-1989,7.88,7.87,7.92,7.94
20-Oct-1989,7.92,7.93,7.98,7.98
19-Oct-1989,7.87,7.91,7.96,7.97
18-Oct-1989,7.83,7.92,8.01,8.03
17-Oct-1989,7.83,7.92,8.00,8.01
16-Oct-1989,7.85,7.91,7.98,7.98
13-Oct-1989,7.69,7.79,7.87,7.88
12-Oct-1989,8.01,7.98,8.04,8.02
11-Oct-1989,8.08,8.03,8.07,8.05
10-Oct-1989,8.06,8.00,8.03,8.01
06-Oct-1989,8.10,8.01,8.03,8.01
05-Oct-1989,8.31,8.18,8.15,8.09
04-Oct-1989,8.37,8.25,8.22,8.16
03-Oct-1989,8.39,8.27,8.23,8.19
02-Oct-1989,8.48,8.33,8.28,8.22
29-Sep-1989,8.46,8.36,8.31,8.24
28-Sep-1989,8.41,8.34,8.30,8.25
27-Sep-1989,8.39,8.31,8.30,8.25
26-Sep-1989,8.36,8.29,8.30,8.25
25-Sep-1989,8.43,8.32,8.32,8.30
22-Sep-1989,8.34,8.20,8.22,8.20
21-Sep-1989,8.32,8.19,8.20,8.19
20-Sep-1989,8.27,8.14,8.15,8.15
19-Sep-1989,8.14,8.05,8.09,8.09
18-Sep-1989,8.13,8.04,8.10,8.09
15-Sep-1989,8.06,8.01,8.09,8.08
14-Sep-1989,8.09,8.05,8.13,8.12
13-Sep-1989,8.20,8.11,8.18,8.15
12-Sep-1989,8.18,8.07,8.13,8.09
11-Sep-1989,8.20,8.10,8.13,8.07
08-Sep-1989,8.27,8.14,8.14,8.07
07-Sep-1989,8.35,8.19,8.17,8.11
06-Sep-1989,8.35,8.19,8.17,8.11
05-Sep-1989,8.37,8.21,8.19,8.14
01-Sep-1989,8.37,8.18,8.19,8.14
31-Aug-1989,8.42,8.27,8.26,8.21
30-Aug-1989,8.41,8.28,8.25,8.20
29-Aug-1989,8.44,8.30,8.27,8.21
28-Aug-1989,8.41,8.29,8.27,8.23
25-Aug-1989,8.34,8.23,8.21,8.18
24-Aug-1989,8.32,8.23,8.20,8.16
23-Aug-1989,8.37,8.23,8.25,8.19
22-Aug-1989,8.43,8.35,8.29,8.25
21-Aug-1989,8.32,8.27,8.20,8.18
18-Aug-1989,8.26,8.20,8.15,8.15
17-Aug-1989,8.26,8.20,8.18,8.16
16-Aug-1989,8.17,8.11,8.12,8.13
15-Aug-1989,8.29,8.24,8.21,8.19
14-Aug-1989,8.31,8.27,8.24,8.23
11-Aug-1989,8.12,8.10,8.09,8.13
10-Aug-1989,7.99,7.96,8.02,8.08
09-Aug-1989,7.99,7.96,8.05,8.12
08-Aug-1989,7.96,7.95,8.00,8.08
07-Aug-1989,8.01,7.98,8.03,8.08
04-Aug-1989,7.92,7.94,8.00,8.08
03-Aug-1989,7.60,7.64,7.80,7.90
02-Aug-1989,7.53,7.57,7.76,7.84
01-Aug-1989,7.46,7.49,7.74,7.83
31-Jul-1989,7.53,7.56,7.82,7.92
28-Jul-1989,7.56,7.60,7.87,7.99
27-Jul-1989,7.65,7.69,7.92,8.03
26-Jul-1989,7.75,7.81,8.02,8.11
25-Jul-1989,7.84,7.79,8.01,8.12
24-Jul-1989,7.93,7.87,8.05,8.14
21-Jul-1989,7.91,7.89,8.07,8.16
20-Jul-1989,7.81,7.80,8.01,8.10
19-Jul-1989,7.90,7.90,8.09,8.14
18-Jul-1989,7.95,7.97,8.13,8.17
17-Jul-1989,7.85,7.85,8.05,8.11
14-Jul-1989,7.83,7.84,8.04,8.09
13-Jul-1989,7.74,7.80,8.00,8.05
12-Jul-1989,7.74,7.79,8.00,8.04
11-Jul-1989,7.81,7.80,8.00,8.04
10-Jul-1989,7.81,7.84,7.99,8.02
07-Jul-1989,7.83,7.86,8.02,8.04
06-Jul-1989,7.94,7.91,8.08,8.10
05-Jul-1989,7.99,7.97,8.11,8.14
03-Jul-1989,8.02,7.99,8.09,8.07
30-Jun-1989,8.08,8.03,8.10,8.05
29-Jun-1989,8.16,8.09,8.12,8.09
28-Jun-1989,8.27,8.18,8.17,8.13
27-Jun-1989,8.27,8.14,8.11,8.08
26-Jun-1989,8.35,8.22,8.18,8.16
23-Jun-1989,8.39,8.27,8.25,8.20
22-Jun-1989,8.55,8.41,8.38,8.34
21-Jun-1989,8.53,8.40,8.37,8.33
20-Jun-1989,8.50,8.35,8.31,8.28
19-Jun-1989,8.55,8.41,8.37,8.34
16-Jun-1989,8.53,8.40,8.35,8.31
15-Jun-1989,8.48,8.36,8.33,8.30
14-Jun-1989,8.36,8.24,8.20,8.17
13-Jun-1989,8.41,8.30,8.25,8.21
12-Jun-1989,8.29,8.18,8.16,8.13
09-Jun-1989,8.28,8.16,8.15,8.15
08-Jun-1989,8.33,8.26,8.27,8.31
07-Jun-1989,8.38,8.28,8.27,8.34
06-Jun-1989,8.45,8.35,8.36,8.41
05-Jun-1989,8.44,8.33,8.36,8.44
02-Jun-1989,8.52,8.42,8.43,8.48
01-Jun-1989,8.82,8.65,8.61,8.61
31-May-1989,8.82,8.65,8.60,8.60
30-May-1989,8.87,8.68,8.64,8.63
26-May-1989,8.89,8.72,8.66,8.63
25-May-1989,8.92,8.75,8.67,8.66
24-May-1989,8.82,8.74,8.63,8.63
23-May-1989,8.83,8.72,8.60,8.62
22-May-1989,8.84,8.71,8.58,8.60
19-May-1989,8.94,8.82,8.71,8.72
18-May-1989,9.00,8.88,8.78,8.78
17-May-1989,8.96,8.87,8.80,8.81
16-May-1989,8.95,8.87,8.82,8.84
15-May-1989,8.91,8.85,8.82,8.85
12-May-1989,8.82,8.80,8.81,8.84
11-May-1989,9.14,9.10,9.10,9.07
10-May-1989,9.27,9.21,9.16,9.12
09-May-1989,9.23,9.17,9.15,9.08
08-May-1989,9.09,9.02,9.04,8.99
05-May-1989,9.04,8.96,8.99,8.95
04-May-1989,9.21,9.09,9.06,8.99
03-May-1989,9.21,9.10,9.06,8.95
02-May-1989,9.27,9.11,9.08,8.95
01-May-1989,9.36,9.19,9.14,9.00
28-Apr-1989,9.22,9.06,9.02,8.91
27-Apr-1989,9.23,9.10,9.05,8.92
26-Apr-1989,9.34,9.18,9.11,8.96
25-Apr-1989,9.41,9.21,9.12,8.97
24-Apr-1989,9.46,9.26,9.15,8.99
21-Apr-1989,9.44,9.27,9.15,8.99
20-Apr-1989,9.46,9.32,9.20,9.03
19-Apr-1989,9.30,9.17,9.08,8.96
18-Apr-1989,9.28,9.14,9.06,8.94
17-Apr-1989,9.48,9.33,9.20,9.06
14-Apr-1989,9.43,9.29,9.18,9.04
13-Apr-1989,9.66,9.50,9.34,9.15
12-Apr-1989,9.59,9.44,9.29,9.11
11-Apr-1989,9.57,9.42,9.27,9.10
10-Apr-1989,9.57,9.43,9.27,9.10
07-Apr-1989,9.57,9.42,9.27,9.11
06-Apr-1989,9.54,9.35,9.20,9.04
05-Apr-1989,9.45,9.31,9.17,9.02
04-Apr-1989,9.47,9.31,9.17,9.03
03-Apr-1989,9.56,9.39,9.21,9.07
31-Mar-1989,9.73,9.53,9.30,9.11
30-Mar-1989,9.79,9.59,9.34,9.14
29-Mar-1989,9.80,9.60,9.36,9.15
28-Mar-1989,9.86,9.66,9.41,9.20
27-Mar-1989,9.85,9.67,9.44,9.23
23-Mar-1989,9.81,9.65,9.43,9.23
22-Mar-1989,9.81,9.65,9.45,9.25
21-Mar-1989,9.92,9.75,9.53,9.30
20-Mar-1989,9.90,9.71,9.53,9.31
17-Mar-1989,9.84,9.64,9.49,9.30
16-Mar-1989,9.61,9.43,9.30,9.12
15-Mar-1989,9.62,9.45,9.31,9.13
14-Mar-1989,9.64,9.45,9.32,9.13
13-Mar-1989,9.64,9.48,9.35,9.15
10-Mar-1989,9.66,9.48,9.34,9.15
09-Mar-1989,9.48,9.35,9.24,9.07
08-Mar-1989,9.48,9.34,9.23,9.05
07-Mar-1989,9.48,9.35,9.26,9.09
06-Mar-1989,9.46,9.34,9.26,9.09
03-Mar-1989,9.50,9.38,9.31,9.13
02-Mar-1989,9.52,9.38,9.31,9.13
01-Mar-1989,9.55,9.43,9.36,9.18
28-Feb-1989,9.55,9.42,9.32,9.14
27-Feb-1989,9.62,9.47,9.36,9.17
24-Feb-1989,9.66,9.49,9.38,9.18
23-Feb-1989,9.60,9.47,9.36,9.17
22-Feb-1989,9.48,9.43,9.29,9.12
21-Feb-1989,9.41,9.34,9.22,9.05
17-Feb-1989,9.37,9.32,9.20,9.05
16-Feb-1989,9.37,9.32,9.21,9.06
15-Feb-1989,9.41,9.33,9.22,9.09
14-Feb-1989,9.43,9.34,9.23,9.10
13-Feb-1989,9.39,9.29,9.20,9.06
10-Feb-1989,9.37,9.28,9.19,9.05
09-Feb-1989,9.28,9.21,9.13,8.99
08-Feb-1989,9.21,9.06,8.95,8.82
07-Feb-1989,9.19,9.06,8.96,8.80
06-Feb-1989,9.25,9.11,9.01,8.85
03-Feb-1989,9.23,9.10,9.01,8.84
02-Feb-1989,9.12,9.05,8.98,8.82
01-Feb-1989,9.12,9.05,8.99,8.83
31-Jan-1989,9.12,9.08,9.01,8.84
30-Jan-1989,9.10,9.07,9.00,8.83
27-Jan-1989,9.07,9.03,8.95,8.76
26-Jan-1989,9.14,9.07,8.99,8.81
25-Jan-1989,9.10,9.05,8.99,8.82
24-Jan-1989,9.07,8.98,8.93,8.78
23-Jan-1989,9.13,9.06,9.00,8.87
20-Jan-1989,9.13,9.11,9.03,8.89
19-Jan-1989,9.09,9.06,9.00,8.86
18-Jan-1989,9.13,9.07,8.99,8.84
17-Jan-1989,9.16,9.11,9.06,8.89
13-Jan-1989,9.14,9.10,9.06,8.89
12-Jan-1989,9.20,9.20,9.14,8.98
11-Jan-1989,9.29,9.28,9.24,9.05
10-Jan-1989,9.25,9.29,9.24,9.05
09-Jan-1989,9.29,9.30,9.23,9.05
06-Jan-1989,9.32,9.30,9.25,9.06
05-Jan-1989,9.32,9.32,9.27,9.10
04-Jan-1989,9.25,9.24,9.22,9.08
03-Jan-1989,9.21,9.25,9.23,9.09
30-Dec-1988,9.14,9.14,9.14,9.00
29-Dec-1988,9.18,9.19,9.18,9.01
28-Dec-1988,9.23,9.22,9.21,9.01
27-Dec-1988,9.15,9.17,9.13,8.96
23-Dec-1988,9.04,9.08,9.05,8.92
22-Dec-1988,9.04,9.09,9.07,8.94
21-Dec-1988,9.09,9.08,9.07,8.96
20-Dec-1988,9.11,9.09,9.08,8.96
19-Dec-1988,9.18,9.16,9.15,9.05
16-Dec-1988,9.18,9.18,9.17,9.05
15-Dec-1988,9.20,9.21,9.19,9.07
14-Dec-1988,9.20,9.19,9.19,9.06
13-Dec-1988,9.16,9.15,9.15,8.98
12-Dec-1988,9.05,9.07,9.08,8.94
09-Dec-1988,9.03,9.05,9.07,8.97
08-Dec-1988,9.00,9.01,9.02,8.97
07-Dec-1988,8.93,8.93,9.00,8.98
06-Dec-1988,8.88,8.88,8.95,8.95
05-Dec-1988,9.09,9.07,9.13,9.13
02-Dec-1988,9.12,9.11,9.18,9.18
01-Dec-1988,8.86,8.88,9.01,9.02
30-Nov-1988,8.84,8.91,9.06,9.07
29-Nov-1988,8.96,9.02,9.13,9.13
28-Nov-1988,9.00,9.06,9.16,9.15
25-Nov-1988,8.98,9.07,9.17,9.18
23-Nov-1988,8.87,8.97,9.08,9.11
22-Nov-1988,8.88,8.99,9.09,9.12
21-Nov-1988,8.81,8.92,9.04,9.11
18-Nov-1988,8.77,8.91,9.05,9.12
17-Nov-1988,8.75,8.90,9.06,9.14
16-Nov-1988,8.75,8.87,9.00,9.10
15-Nov-1988,8.69,8.78,8.92,9.01
14-Nov-1988,8.62,8.76,8.91,9.01
10-Nov-1988,8.60,8.72,8.90,8.99
09-Nov-1988,8.57,8.71,8.91,9.01
08-Nov-1988,8.53,8.66,8.91,8.97
07-Nov-1988,8.50,8.66,8.91,8.96
04-Nov-1988,8.39,8.58,8.85,8.91
03-Nov-1988,8.27,8.42,8.69,8.76
02-Nov-1988,8.29,8.44,8.73,8.81
01-Nov-1988,8.25,8.38,8.68,8.76
31-Oct-1988,8.25,8.37,8.65,8.74
28-Oct-1988,8.27,8.40,8.69,8.80
27-Oct-1988,8.27,8.41,8.72,8.84
26-Oct-1988,8.34,8.48,8.79,8.92
25-Oct-1988,8.42,8.53,8.83,8.93
24-Oct-1988,8.42,8.54,8.83,8.93
21-Oct-1988,8.40,8.54,8.83,8.89
20-Oct-1988,8.38,8.52,8.79,8.85
19-Oct-1988,8.38,8.53,8.82,8.91
18-Oct-1988,8.33,8.49,8.78,8.87
17-Oct-1988,8.33,8.50,8.79,8.88
14-Oct-1988,8.33,8.52,8.81,8.90
13-Oct-1988,8.36,8.55,8.84,8.94
12-Oct-1988,8.35,8.56,8.84,8.94
11-Oct-1988,8.29,8.48,8.75,8.86
07-Oct-1988,8.26,8.43,8.70,8.81
06-Oct-1988,8.43,8.61,8.87,8.97
05-Oct-1988,8.43,8.60,8.87,8.98
04-Oct-1988,8.43,8.60,8.87,8.97
03-Oct-1988,8.41,8.59,8.84,8.96
30-Sep-1988,8.43,8.61,8.87,8.98
29-Sep-1988,8.53,8.73,8.98,9.08
28-Sep-1988,8.59,8.81,9.06,9.15
27-Sep-1988,8.55,8.77,9.04,9.11
26-Sep-1988,8.52,8.73,9.00,9.09
23-Sep-1988,8.47,8.69,8.97,9.05
22-Sep-1988,8.44,8.67,8.95,9.05
21-Sep-1988,8.40,8.64,8.93,9.02
20-Sep-1988,8.45,8.68,8.97,9.06
19-Sep-1988,8.44,8.69,8.97,9.07
16-Sep-1988,8.40,8.65,8.93,9.01
15-Sep-1988,8.39,8.63,8.91,9.00
14-Sep-1988,8.36,8.59,8.88,8.96
13-Sep-1988,8.40,8.65,8.94,9.01
12-Sep-1988,8.44,8.66,8.97,9.04
09-Sep-1988,8.42,8.62,8.93,8.99
08-Sep-1988,8.45,8.69,8.99,9.05
07-Sep-1988,8.45,8.69,8.99,9.04
06-Sep-1988,8.47,8.70,8.99,9.05
02-Sep-1988,8.45,8.70,9.00,9.05
01-Sep-1988,8.68,8.95,9.25,9.31
31-Aug-1988,8.71,8.95,9.25,9.31
30-Aug-1988,8.73,8.98,9.27,9.33
29-Aug-1988,8.75,9.00,9.30,9.36
26-Aug-1988,8.78,9.07,9.38,9.43
25-Aug-1988,8.78,9.08,9.41,9.46
24-Aug-1988,8.73,9.02,9.34,9.40
23-Aug-1988,8.71,9.04,9.32,9.39
22-Aug-1988,8.76,9.09,9.37,9.44
19-Aug-1988,8.74,9.05,9.35,9.41
18-Aug-1988,8.74,9.05,9.35,9.41
17-Aug-1988,8.74,9.06,9.38,9.43
16-Aug-1988,8.72,9.03,9.35,9.40
15-Aug-1988,8.70,9.04,9.37,9.44
12-Aug-1988,8.68,9.03,9.36,9.42
11-Aug-1988,8.68,9.02,9.35,9.40
10-Aug-1988,8.64,9.00,9.30,9.36
09-Aug-1988,8.59,8.88,9.20,9.21
08-Aug-1988,8.48,8.79,9.12,9.13
05-Aug-1988,8.47,8.78,9.12,9.14
04-Aug-1988,8.31,8.61,8.99,9.04
03-Aug-1988,8.34,8.64,9.04,9.10
02-Aug-1988,8.32,8.63,9.00,9.08
01-Aug-1988,8.36,8.70,9.07,9.17
29-Jul-1988,8.39,8.75,9.12,9.23
28-Jul-1988,8.44,8.79,9.16,9.27
27-Jul-1988,8.44,8.77,9.14,9.26
26-Jul-1988,8.35,8.72,9.09,9.19
25-Jul-1988,8.34,8.69,9.07,9.16
22-Jul-1988,8.35,8.71,9.11,9.21
21-Jul-1988,8.39,8.75,9.16,9.27
20-Jul-1988,8.31,8.70,9.11,9.24
19-Jul-1988,8.32,8.70,9.10,9.21
18-Jul-1988,8.35,8.73,9.15,9.24
15-Jul-1988,8.31,8.67,9.08,9.16
14-Jul-1988,8.33,8.70,9.12,9.19
13-Jul-1988,8.27,8.69,9.12,9.20
12-Jul-1988,8.27,8.68,9.08,9.11
11-Jul-1988,8.25,8.62,9.02,9.06
08-Jul-1988,8.25,8.64,9.04,9.10
07-Jul-1988,8.13,8.52,8.95,9.00
06-Jul-1988,8.07,8.47,8.91,8.98
05-Jul-1988,8.04,8.42,8.82,8.88
01-Jul-1988,7.98,8.38,8.77,8.84
30-Jun-1988,8.02,8.41,8.82,8.87
29-Jun-1988,8.03,8.47,8.88,8.92
28-Jun-1988,8.05,8.48,8.87,8.89
27-Jun-1988,8.10,8.54,8.94,8.96
24-Jun-1988,8.03,8.45,8.85,8.87
23-Jun-1988,8.05,8.47,8.88,8.90
22-Jun-1988,8.04,8.49,8.90,8.94
21-Jun-1988,8.15,8.61,9.03,9.10
20-Jun-1988,8.14,8.59,9.02,9.09
17-Jun-1988,8.10,8.58,9.02,9.12
16-Jun-1988,7.96,8.46,8.89,8.98
15-Jun-1988,7.84,8.29,8.71,8.83
14-Jun-1988,7.80,8.25,8.69,8.81
13-Jun-1988,7.98,8.45,8.91,9.02
10-Jun-1988,7.99,8.47,8.92,9.04
09-Jun-1988,7.97,8.50,8.96,9.06
08-Jun-1988,7.96,8.46,8.92,9.02
07-Jun-1988,8.04,8.54,9.02,9.12
06-Jun-1988,8.04,8.51,8.97,9.06
03-Jun-1988,8.06,8.52,8.97,9.07
02-Jun-1988,8.13,8.60,9.07,9.16
01-Jun-1988,8.09,8.57,9.03,9.12
31-May-1988,8.21,8.73,9.20,9.30
27-May-1988,8.23,8.75,9.24,9.33
26-May-1988,8.23,8.72,9.21,9.32
25-May-1988,8.17,8.73,9.20,9.31
24-May-1988,8.14,8.73,9.22,9.34
23-May-1988,8.12,8.74,9.23,9.36
20-May-1988,8.08,8.70,9.22,9.35
19-May-1988,8.04,8.67,9.18,9.30
18-May-1988,8.04,8.68,9.19,9.31
17-May-1988,7.99,8.64,9.12,9.22
16-May-1988,7.93,8.52,9.01,9.13
13-May-1988,7.90,8.51,9.00,9.11
12-May-1988,7.95,8.55,9.04,9.17
11-May-1988,7.95,8.55,9.05,9.22
10-May-1988,8.00,8.55,9.07,9.20
09-May-1988,7.95,8.50,9.03,9.18
06-May-1988,7.87,8.48,9.01,9.18
05-May-1988,7.79,8.39,8.92,9.12
04-May-1988,7.77,8.35,8.90,9.13
03-May-1988,7.77,8.35,8.89,9.12
02-May-1988,7.78,8.39,8.94,9.17
29-Apr-1988,7.73,8.33,8.87,9.11
28-Apr-1988,7.69,8.32,8.86,9.11
27-Apr-1988,7.63,8.25,8.80,9.05
26-Apr-1988,7.64,8.24,8.80,9.04
25-Apr-1988,7.64,8.23,8.78,9.03
22-Apr-1988,7.64,8.23,8.78,9.03
21-Apr-1988,7.64,8.26,8.82,9.06
20-Apr-1988,7.65,8.27,8.83,9.06
19-Apr-1988,7.57,8.24,8.81,9.06
18-Apr-1988,7.60,8.25,8.81,9.03
15-Apr-1988,7.60,8.20,8.74,8.97
14-Apr-1988,7.56,8.15,8.67,8.91
13-Apr-1988,7.45,8.05,8.56,8.77
12-Apr-1988,7.49,8.09,8.57,8.79
11-Apr-1988,7.50,8.10,8.59,8.82
08-Apr-1988,7.47,8.05,8.52,8.74
07-Apr-1988,7.54,8.12,8.60,8.82
06-Apr-1988,7.57,8.13,8.61,8.83
05-Apr-1988,7.60,8.18,8.67,8.90
04-Apr-1988,7.58,8.19,8.68,8.92
31-Mar-1988,7.41,8.04,8.57,8.82
30-Mar-1988,7.43,8.03,8.57,8.83
29-Mar-1988,7.42,8.03,8.56,8.81
28-Mar-1988,7.42,8.03,8.58,8.83
25-Mar-1988,7.41,7.95,8.47,8.72
24-Mar-1988,7.46,8.01,8.51,8.77
23-Mar-1988,7.39,7.95,8.47,8.76
22-Mar-1988,7.33,7.91,8.46,8.73
21-Mar-1988,7.32,7.91,8.47,8.74
18-Mar-1988,7.23,7.81,8.41,8.69
17-Mar-1988,7.17,7.76,8.30,8.57
16-Mar-1988,7.24,7.81,8.36,8.63
15-Mar-1988,7.19,7.76,8.30,8.56
14-Mar-1988,7.20,7.76,8.29,8.55
11-Mar-1988,7.20,7.76,8.29,8.55
10-Mar-1988,7.25,7.81,8.35,8.60
09-Mar-1988,7.22,7.76,8.32,8.58
08-Mar-1988,7.25,7.79,8.33,8.58
07-Mar-1988,7.22,7.77,8.30,8.54
04-Mar-1988,7.20,7.74,8.28,8.52
03-Mar-1988,7.08,7.59,8.12,8.36
02-Mar-1988,7.07,7.59,8.13,8.37
01-Mar-1988,7.11,7.61,8.15,8.40
29-Feb-1988,7.13,7.64,8.16,8.39
26-Feb-1988,7.16,7.67,8.18,8.42
25-Feb-1988,7.17,7.68,8.23,8.45
24-Feb-1988,7.15,7.69,8.18,8.41
23-Feb-1988,7.16,7.69,8.17,8.40
22-Feb-1988,7.20,7.75,8.24,8.48
19-Feb-1988,7.21,7.77,8.26,8.50
18-Feb-1988,7.23,7.78,8.28,8.51
17-Feb-1988,7.24,7.80,8.32,8.54
16-Feb-1988,7.26,7.79,8.31,8.53
12-Feb-1988,7.22,7.77,8.28,8.50
11-Feb-1988,7.12,7.64,8.16,8.40
10-Feb-1988,7.07,7.59,8.11,8.35
09-Feb-1988,7.12,7.65,8.16,8.40
08-Feb-1988,7.16,7.70,8.19,8.41
05-Feb-1988,7.10,7.64,8.12,8.36
04-Feb-1988,7.24,7.76,8.24,8.46
03-Feb-1988,7.24,7.76,8.21,8.39
02-Feb-1988,7.21,7.70,8.18,8.32
01-Feb-1988,7.22,7.78,8.26,8.42
29-Jan-1988,7.22,7.76,8.26,8.42
28-Jan-1988,7.29,7.83,8.33,8.49
27-Jan-1988,7.37,7.91,8.38,8.55
26-Jan-1988,7.56,8.08,8.54,8.71
25-Jan-1988,7.49,7.99,8.45,8.62
22-Jan-1988,7.51,8.01,8.49,8.67
21-Jan-1988,7.52,8.04,8.53,8.70
20-Jan-1988,7.59,8.11,8.61,8.78
19-Jan-1988,7.66,8.16,8.65,8.81
15-Jan-1988,7.61,8.13,8.60,8.76
14-Jan-1988,7.76,8.36,8.86,9.05
13-Jan-1988,7.76,8.36,8.87,9.05
12-Jan-1988,7.80,8.39,8.93,9.10
11-Jan-1988,7.80,8.41,8.94,9.10
08-Jan-1988,7.92,8.48,8.97,9.12
07-Jan-1988,7.79,8.35,8.83,8.97
06-Jan-1988,7.79,8.37,8.82,8.97
05-Jan-1988,7.76,8.29,8.76,8.88
04-Jan-1988,7.77,8.35,8.83,8.95
31-Dec-1987,7.77,8.33,8.83,8.95
30-Dec-1987,7.75,8.32,8.78,8.90
29-Dec-1987,7.86,8.41,8.85,8.95
28-Dec-1987,7.91,8.46,8.93,9.01
24-Dec-1987,7.83,8.37,8.82,8.90
23-Dec-1987,7.83,8.40,8.83,8.91
22-Dec-1987,7.91,8.48,8.95,9.05
21-Dec-1987,7.84,8.38,8.88,9.01
18-Dec-1987,7.82,8.39,8.89,8.96
17-Dec-1987,7.89,8.47,9.03,9.15
16-Dec-1987,7.89,8.46,9.00,9.14
15-Dec-1987,7.92,8.54,9.09,9.24
14-Dec-1987,8.01,8.63,9.23,9.41
11-Dec-1987,8.02,8.65,9.28,9.45
10-Dec-1987,8.00,8.63,9.23,9.40
09-Dec-1987,7.88,8.47,9.05,9.22
08-Dec-1987,7.88,8.49,9.09,9.26
07-Dec-1987,7.86,8.48,9.07,9.22
04-Dec-1987,7.72,8.35,8.94,9.12
03-Dec-1987,7.72,8.35,8.94,9.09
02-Dec-1987,7.79,8.43,9.01,9.15
01-Dec-1987,7.77,8.44,9.01,9.15
30-Nov-1987,7.73,8.43,8.99,9.10
27-Nov-1987,7.87,8.55,9.11,9.18
25-Nov-1987,7.78,8.41,8.98,9.06
24-Nov-1987,7.73,8.35,8.89,9.00
23-Nov-1987,7.67,8.34,8.80,8.89
20-Nov-1987,7.66,8.32,8.79,8.88
19-Nov-1987,7.69,8.34,8.83,8.92
18-Nov-1987,7.74,8.38,8.85,8.94
17-Nov-1987,7.73,8.38,8.86,8.94
16-Nov-1987,7.78,8.34,8.82,8.90
13-Nov-1987,7.75,8.34,8.84,8.93
12-Nov-1987,7.67,8.27,8.80,8.88
10-Nov-1987,7.61,8.27,8.79,8.88
09-Nov-1987,7.64,8.30,8.78,8.86
06-Nov-1987,7.62,8.28,8.76,8.85
05-Nov-1987,7.50,8.18,8.72,8.80
04-Nov-1987,7.60,8.30,8.85,8.92
03-Nov-1987,7.67,8.38,8.91,9.03
02-Nov-1987,7.72,8.44,8.98,9.13
30-Oct-1987,7.58,8.37,8.88,9.03
29-Oct-1987,7.53,8.33,8.89,9.08
28-Oct-1987,7.65,8.43,9.01,9.14
27-Oct-1987,7.66,8.42,8.92,9.04
26-Oct-1987,7.57,8.33,8.80,8.94
23-Oct-1987,7.76,8.55,8.98,9.11
22-Oct-1987,7.76,8.52,8.97,9.15
21-Oct-1987,7.90,8.80,9.30,9.44
20-Oct-1987,8.09,8.93,9.40,9.49
19-Oct-1987,8.93,9.70,10.15,10.25
16-Oct-1987,9.22,9.84,10.23,10.24
15-Oct-1987,9.23,9.82,10.18,10.24
14-Oct-1987,9.14,9.75,10.13,10.12
13-Oct-1987,8.94,9.51,9.90,9.92
09-Oct-1987,9.01,9.56,9.94,9.96
08-Oct-1987,9.03,9.49,9.86,9.86
07-Oct-1987,8.73,9.31,9.71,9.79
06-Oct-1987,8.73,9.32,9.72,9.81
05-Oct-1987,8.66,9.28,9.69,9.79
02-Oct-1987,8.61,9.20,9.60,9.70
01-Oct-1987,8.62,9.22,9.66,9.80
30-Sep-1987,8.60,9.21,9.63,9.79
29-Sep-1987,8.60,9.17,9.64,9.80
28-Sep-1987,8.48,9.07,9.52,9.67
25-Sep-1987,8.48,9.06,9.53,9.68
24-Sep-1987,8.42,9.03,9.51,9.67
23-Sep-1987,8.31,8.92,9.40,9.55
22-Sep-1987,8.31,8.91,9.37,9.53
21-Sep-1987,8.33,8.94,9.45,9.63
18-Sep-1987,8.30,8.91,9.38,9.56
17-Sep-1987,8.34,8.98,9.48,9.65
16-Sep-1987,8.35,9.00,9.52,9.70
15-Sep-1987,8.30,8.95,9.44,9.64
14-Sep-1987,8.26,8.87,9.34,9.52
11-Sep-1987,8.31,8.88,9.33,9.50
10-Sep-1987,8.36,8.95,9.42,9.60
09-Sep-1987,8.43,9.00,9.48,9.66
08-Sep-1987,8.46,9.02,9.50,9.65
04-Sep-1987,8.26,8.82,9.30,9.47
03-Sep-1987,8.19,8.77,9.29,9.47
02-Sep-1987,8.15,8.77,9.28,9.45
01-Sep-1987,7.98,8.57,9.05,9.24
31-Aug-1987,7.97,8.52,9.00,9.17
28-Aug-1987,8.01,8.54,9.02,9.18
27-Aug-1987,7.95,8.48,8.92,9.11
26-Aug-1987,7.87,8.36,8.79,8.99
25-Aug-1987,7.79,8.32,8.73,8.94
24-Aug-1987,7.81,8.34,8.78,8.99
21-Aug-1987,7.79,8.35,8.77,8.97
20-Aug-1987,7.77,8.35,8.74,8.94
19-Aug-1987,7.76,8.34,8.77,8.98
18-Aug-1987,7.71,8.31,8.73,8.95
17-Aug-1987,7.62,8.17,8.56,8.77
14-Aug-1987,7.62,8.18,8.58,8.77
13-Aug-1987,7.64,8.21,8.63,8.85
12-Aug-1987,7.67,8.27,8.72,8.95
11-Aug-1987,7.69,8.26,8.73,8.95
10-Aug-1987,7.71,8.29,8.74,8.96
07-Aug-1987,7.69,8.27,8.70,8.93
06-Aug-1987,7.65,8.28,8.73,8.96
05-Aug-1987,7.65,8.26,8.71,8.95
04-Aug-1987,7.72,8.34,8.81,9.04
03-Aug-1987,7.72,8.34,8.81,9.02
31-Jul-1987,7.63,8.21,8.66,8.89
30-Jul-1987,7.63,8.20,8.61,8.84
29-Jul-1987,7.64,8.16,8.61,8.85
28-Jul-1987,7.61,8.17,8.62,8.86
27-Jul-1987,7.59,8.15,8.60,8.84
24-Jul-1987,7.53,8.12,8.58,8.83
23-Jul-1987,7.46,8.08,8.56,8.80
22-Jul-1987,7.47,8.05,8.54,8.78
21-Jul-1987,7.45,8.03,8.49,8.72
20-Jul-1987,7.38,7.96,8.41,8.61
17-Jul-1987,7.34,7.92,8.36,8.55
16-Jul-1987,7.34,7.95,8.41,8.59
15-Jul-1987,7.37,7.97,8.43,8.61
14-Jul-1987,7.32,7.89,8.33,8.51
13-Jul-1987,7.36,7.93,8.38,8.54
10-Jul-1987,7.32,7.88,8.32,8.46
09-Jul-1987,7.38,7.95,8.37,8.52
08-Jul-1987,7.35,7.90,8.32,8.45
07-Jul-1987,7.36,7.90,8.28,8.40
06-Jul-1987,7.38,7.90,8.29,8.42
02-Jul-1987,7.38,7.90,8.30,8.43
01-Jul-1987,7.44,7.96,8.36,8.49
30-Jun-1987,7.48,8.02,8.38,8.51
29-Jun-1987,7.48,7.97,8.34,8.49
26-Jun-1987,7.56,8.02,8.37,8.50
25-Jun-1987,7.47,7.91,8.25,8.40
24-Jun-1987,7.54,7.94,8.31,8.47
23-Jun-1987,7.45,7.85,8.23,8.41
22-Jun-1987,7.42,7.83,8.23,8.41
19-Jun-1987,7.45,7.89,8.30,8.48
18-Jun-1987,7.44,7.87,8.27,8.45
17-Jun-1987,7.42,7.83,8.23,8.42
16-Jun-1987,7.47,7.89,8.28,8.47
15-Jun-1987,7.47,7.89,8.28,8.46
12-Jun-1987,7.51,7.90,8.32,8.50
11-Jun-1987,7.66,8.13,8.52,8.69
10-Jun-1987,7.68,8.15,8.56,8.72
09-Jun-1987,7.71,8.18,8.56,8.73
08-Jun-1987,7.68,8.14,8.53,8.68
05-Jun-1987,7.66,8.11,8.50,8.66
04-Jun-1987,7.76,8.20,8.58,8.76
03-Jun-1987,7.78,8.25,8.64,8.79
02-Jun-1987,7.85,8.31,8.72,8.90
01-Jun-1987,7.67,8.08,8.45,8.63
29-May-1987,7.69,8.15,8.49,8.65
28-May-1987,7.81,8.25,8.56,8.74
27-May-1987,7.84,8.28,8.60,8.75
26-May-1987,7.79,8.23,8.55,8.69
22-May-1987,7.97,8.49,8.78,8.95
21-May-1987,8.06,8.55,8.87,9.03
20-May-1987,8.05,8.61,8.92,9.07
19-May-1987,7.99,8.55,8.89,9.06
18-May-1987,7.93,8.42,8.73,8.88
15-May-1987,7.95,8.45,8.80,8.92
14-May-1987,7.66,8.20,8.57,8.73
13-May-1987,7.68,8.18,8.55,8.71
12-May-1987,7.68,8.19,8.55,8.72
11-May-1987,7.66,8.19,8.57,8.76
08-May-1987,7.57,8.04,8.43,8.61
07-May-1987,7.60,8.08,8.50,8.63
06-May-1987,7.62,8.15,8.54,8.75
05-May-1987,7.60,8.08,8.45,8.64
04-May-1987,7.61,8.12,8.52,8.72
01-May-1987,7.47,7.98,8.39,8.59
30-Apr-1987,7.38,7.82,8.21,8.45
29-Apr-1987,7.43,7.93,8.35,8.56
28-Apr-1987,7.43,7.91,8.28,8.50
27-Apr-1987,7.50,7.97,8.37,8.59
24-Apr-1987,7.48,8.05,8.47,8.69
23-Apr-1987,7.36,7.92,8.39,8.51
22-Apr-1987,7.23,7.77,8.24,8.44
21-Apr-1987,7.09,7.71,8.19,8.38
20-Apr-1987,7.06,7.72,8.20,8.39
16-Apr-1987,6.90,7.55,8.03,8.22
15-Apr-1987,7.02,7.67,8.10,8.32
14-Apr-1987,7.19,7.83,8.28,8.40
13-Apr-1987,7.08,7.68,8.07,8.26
10-Apr-1987,6.97,7.55,7.98,8.19
09-Apr-1987,6.74,7.30,7.78,8.06
08-Apr-1987,6.59,7.14,7.61,7.90
07-Apr-1987,6.59,7.14,7.62,7.92
06-Apr-1987,6.57,7.06,7.54,7.84
03-Apr-1987,6.62,7.10,7.59,7.89
02-Apr-1987,6.63,7.12,7.59,7.90
01-Apr-1987,6.65,7.12,7.59,7.89
31-Mar-1987,6.54,7.02,7.51,7.81
30-Mar-1987,6.63,7.07,7.54,7.84
27-Mar-1987,6.49,6.89,7.33,7.64
26-Mar-1987,6.42,6.81,7.24,7.56
25-Mar-1987,6.46,6.84,7.26,7.58
24-Mar-1987,6.44,6.82,7.27,7.59
23-Mar-1987,6.42,6.80,7.25,7.56
20-Mar-1987,6.40,6.77,7.22,7.53
19-Mar-1987,6.38,6.75,7.21,7.51
18-Mar-1987,6.40,6.76,7.21,7.52
17-Mar-1987,6.42,6.75,7.20,7.51
16-Mar-1987,6.41,6.77,7.22,7.52
13-Mar-1987,6.39,6.75,7.19,7.49
12-Mar-1987,6.43,6.78,7.22,7.52
11-Mar-1987,6.44,6.78,7.23,7.53
10-Mar-1987,6.44,6.78,7.23,7.53
09-Mar-1987,6.43,6.78,7.23,7.53
06-Mar-1987,6.42,6.77,7.23,7.52
05-Mar-1987,6.35,6.69,7.16,7.45
04-Mar-1987,6.32,6.66,7.14,7.44
03-Mar-1987,6.37,6.72,7.21,7.49
02-Mar-1987,6.34,6.69,7.17,7.46
27-Feb-1987,6.35,6.71,7.19,7.48
26-Feb-1987,6.35,6.74,7.21,7.50
25-Feb-1987,6.37,6.72,7.21,7.50
24-Feb-1987,6.32,6.75,7.18,7.48
23-Feb-1987,6.35,6.78,7.23,7.53
20-Feb-1987,6.33,6.78,7.24,7.55
19-Feb-1987,6.33,6.76,7.23,7.55
18-Feb-1987,6.43,6.84,7.30,7.60
17-Feb-1987,6.48,6.87,7.33,7.63
13-Feb-1987,6.43,6.83,7.28,7.57
12-Feb-1987,6.47,6.92,7.31,7.59
11-Feb-1987,6.58,6.96,7.37,7.64
10-Feb-1987,6.49,6.89,7.33,7.61
09-Feb-1987,6.45,6.79,7.25,7.53
06-Feb-1987,6.38,6.73,7.19,7.47
05-Feb-1987,6.33,6.70,7.20,7.47
04-Feb-1987,6.38,6.76,7.23,7.51
03-Feb-1987,6.38,6.77,7.25,7.53
02-Feb-1987,6.36,6.75,7.23,7.52
30-Jan-1987,6.33,6.71,7.18,7.48
29-Jan-1987,6.24,6.65,7.13,7.45
28-Jan-1987,6.24,6.63,7.13,7.46
27-Jan-1987,6.24,6.66,7.16,7.49
26-Jan-1987,6.26,6.67,7.17,7.49
23-Jan-1987,6.20,6.59,7.06,7.42
22-Jan-1987,6.17,6.57,7.03,7.36
21-Jan-1987,6.17,6.57,7.01,7.33
20-Jan-1987,6.17,6.57,7.01,7.32
16-Jan-1987,6.22,6.60,7.03,7.34
15-Jan-1987,6.22,6.64,7.08,7.39
14-Jan-1987,6.24,6.67,7.11,7.41
13-Jan-1987,6.22,6.64,7.10,7.37
12-Jan-1987,6.20,6.61,7.05,7.33
09-Jan-1987,6.19,6.58,7.01,7.29
08-Jan-1987,6.20,6.60,7.04,7.31
07-Jan-1987,6.22,6.65,7.05,7.33
06-Jan-1987,6.25,6.67,7.08,7.36
05-Jan-1987,6.24,6.67,7.08,7.35
02-Jan-1987,6.30,6.75,7.18,7.44
31-Dec-1986,6.35,6.81,7.23,7.49
30-Dec-1986,6.42,6.82,7.23,7.46
29-Dec-1986,6.37,6.78,7.17,7.41
26-Dec-1986,6.30,6.69,7.08,7.34
24-Dec-1986,6.30,6.68,7.07,7.34
23-Dec-1986,6.30,6.68,7.08,7.34
22-Dec-1986,6.30,6.69,7.10,7.36
19-Dec-1986,6.29,6.69,7.10,7.36
18-Dec-1986,6.31,6.69,7.11,7.38
17-Dec-1986,6.31,6.68,7.12,7.39
16-Dec-1986,6.29,6.67,7.12,7.39
15-Dec-1986,6.29,6.69,7.15,7.41
12-Dec-1986,6.24,6.66,7.13,7.39
11-Dec-1986,6.24,6.64,7.12,7.38
10-Dec-1986,6.19,6.58,7.05,7.32
09-Dec-1986,6.21,6.60,7.07,7.33
08-Dec-1986,6.24,6.61,7.10,7.34
05-Dec-1986,6.24,6.65,7.12,7.38
04-Dec-1986,6.15,6.53,7.01,7.29
03-Dec-1986,6.17,6.58,7.06,7.31
02-Dec-1986,6.22,6.61,7.08,7.34
01-Dec-1986,6.25,6.69,7.18,7.42
28-Nov-1986,6.21,6.65,7.15,7.41
26-Nov-1986,6.21,6.65,7.15,7.42
25-Nov-1986,6.23,6.66,7.15,7.44
24-Nov-1986,6.19,6.69,7.11,7.40
21-Nov-1986,6.21,6.72,7.17,7.44
20-Nov-1986,6.26,6.74,7.19,7.45
19-Nov-1986,6.21,6.73,7.19,7.44
18-Nov-1986,6.32,6.79,7.27,7.52
17-Nov-1986,6.32,6.77,7.22,7.48
14-Nov-1986,6.33,6.81,7.29,7.53
13-Nov-1986,6.35,6.83,7.33,7.59
12-Nov-1986,6.38,6.87,7.35,7.59
10-Nov-1986,6.42,6.89,7.38,7.64
07-Nov-1986,6.35,6.86,7.40,7.63
06-Nov-1986,6.29,6.79,7.32,7.55
05-Nov-1986,6.26,6.72,7.24,7.58
04-Nov-1986,6.23,6.71,7.31,7.59
03-Nov-1986,6.21,6.71,7.29,7.57
31-Oct-1986,6.26,6.76,7.34,7.61
30-Oct-1986,6.24,6.75,7.31,7.61
29-Oct-1986,6.32,6.82,7.41,7.71
28-Oct-1986,6.34,6.85,7.45,7.75
27-Oct-1986,6.32,6.82,7.42,7.71
24-Oct-1986,6.35,6.86,7.47,7.76
23-Oct-1986,6.31,6.82,7.43,7.72
22-Oct-1986,6.34,6.91,7.49,7.78
21-Oct-1986,6.40,6.96,7.57,7.84
20-Oct-1986,6.47,7.05,7.66,7.92
17-Oct-1986,6.38,6.94,7.57,7.84
16-Oct-1986,6.29,6.87,7.53,7.81
15-Oct-1986,6.27,6.87,7.51,7.78
14-Oct-1986,6.26,6.82,7.49,7.79
10-Oct-1986,6.16,6.73,7.36,7.66
09-Oct-1986,6.15,6.73,7.33,7.63
08-Oct-1986,6.11,6.71,7.31,7.60
07-Oct-1986,6.13,6.71,7.28,7.54
06-Oct-1986,6.14,6.71,7.28,7.53
03-Oct-1986,6.16,6.74,7.31,7.53
02-Oct-1986,6.38,6.95,7.45,7.61
01-Oct-1986,6.36,6.93,7.41,7.57
30-Sep-1986,6.38,6.98,7.45,7.60
29-Sep-1986,6.46,7.04,7.54,7.69
26-Sep-1986,6.39,6.96,7.47,7.63
25-Sep-1986,6.37,6.94,7.47,7.64
24-Sep-1986,6.37,6.94,7.48,7.64
23-Sep-1986,6.46,7.03,7.58,7.76
22-Sep-1986,6.49,7.06,7.62,7.79
19-Sep-1986,6.52,7.10,7.67,7.83
18-Sep-1986,6.47,7.02,7.62,7.74
17-Sep-1986,6.37,6.93,7.46,7.64
16-Sep-1986,6.38,6.99,7.53,7.67
15-Sep-1986,6.39,7.00,7.53,7.66
12-Sep-1986,6.43,7.09,7.63,7.74
11-Sep-1986,6.43,7.07,7.57,7.74
10-Sep-1986,6.27,6.85,7.35,7.54
09-Sep-1986,6.30,6.88,7.35,7.53
08-Sep-1986,6.30,6.89,7.38,7.59
05-Sep-1986,6.25,6.81,7.32,7.54
04-Sep-1986,6.11,6.63,7.15,7.40
03-Sep-1986,6.14,6.64,7.20,7.43
02-Sep-1986,5.99,6.45,7.03,7.23
29-Aug-1986,5.94,6.40,6.95,7.21
28-Aug-1986,6.07,6.52,7.04,7.26
27-Aug-1986,6.12,6.53,7.06,7.28
26-Aug-1986,6.02,6.63,6.97,7.20
25-Aug-1986,6.10,6.65,7.06,7.25
22-Aug-1986,6.14,6.68,7.07,7.27
21-Aug-1986,6.08,6.62,6.96,7.19
20-Aug-1986,6.17,6.65,7.00,7.17
19-Aug-1986,6.29,6.70,7.02,7.19
18-Aug-1986,6.37,6.83,7.14,7.28
15-Aug-1986,6.36,6.83,7.14,7.29
14-Aug-1986,6.39,6.89,7.16,7.29
13-Aug-1986,6.37,6.83,7.15,7.28
12-Aug-1986,6.46,6.89,7.23,7.34
11-Aug-1986,6.51,6.90,7.25,7.35
08-Aug-1986,6.54,6.97,7.30,7.41
07-Aug-1986,6.61,7.10,7.45,7.56
06-Aug-1986,6.61,7.13,7.47,7.57
05-Aug-1986,6.58,7.07,7.39,7.54
04-Aug-1986,6.56,7.01,7.33,7.46
01-Aug-1986,6.56,7.02,7.34,7.46
31-Jul-1986,6.57,7.02,7.34,7.46
30-Jul-1986,6.67,7.10,7.41,7.51
29-Jul-1986,6.71,7.13,7.41,7.50
28-Jul-1986,6.76,7.23,7.53,7.59
25-Jul-1986,6.67,7.09,7.33,7.40
24-Jul-1986,6.67,7.12,7.35,7.41
23-Jul-1986,6.63,7.04,7.29,7.36
22-Jul-1986,6.60,6.93,7.20,7.27
21-Jul-1986,6.56,6.88,7.14,7.17
18-Jul-1986,6.56,6.88,7.16,7.19
17-Jul-1986,6.61,6.91,7.18,7.20
16-Jul-1986,6.59,6.90,7.20,7.17
15-Jul-1986,6.56,6.91,7.16,7.12
14-Jul-1986,6.58,6.97,7.25,7.14
11-Jul-1986,6.60,7.00,7.30,7.19
10-Jul-1986,6.73,7.12,7.31,7.16
09-Jul-1986,6.73,7.14,7.31,7.15
08-Jul-1986,6.84,7.26,7.44,7.23
07-Jul-1986,6.70,7.14,7.31,7.16
03-Jul-1986,6.71,7.15,7.31,7.18
02-Jul-1986,6.81,7.23,7.37,7.22
01-Jul-1986,6.80,7.23,7.37,7.21
30-Jun-1986,6.81,7.23,7.35,7.24
27-Jun-1986,6.84,7.27,7.38,7.29
26-Jun-1986,6.91,7.29,7.42,7.35
25-Jun-1986,6.91,7.31,7.42,7.36
24-Jun-1986,6.98,7.35,7.47,7.39
23-Jun-1986,7.03,7.42,7.55,7.43
20-Jun-1986,7.06,7.45,7.60,7.47
19-Jun-1986,7.10,7.49,7.69,7.52
18-Jun-1986,7.01,7.41,7.57,7.44
17-Jun-1986,7.08,7.45,7.63,7.43
16-Jun-1986,7.10,7.47,7.63,7.43
13-Jun-1986,7.15,7.57,7.73,7.52
12-Jun-1986,7.31,7.83,7.98,7.70
11-Jun-1986,7.39,7.90,8.01,7.70
10-Jun-1986,7.38,7.92,8.07,7.78
09-Jun-1986,7.39,7.94,8.13,7.79
06-Jun-1986,7.27,7.78,7.95,7.65
05-Jun-1986,7.54,8.10,8.31,7.90
04-Jun-1986,7.63,8.17,8.39,7.93
03-Jun-1986,7.49,7.99,8.19,7.81
02-Jun-1986,7.50,8.05,8.32,7.91
30-May-1986,7.36,7.82,8.05,7.74
29-May-1986,7.35,7.78,7.99,7.66
28-May-1986,7.17,7.55,7.73,7.45
27-May-1986,7.14,7.65,7.73,7.41
23-May-1986,7.19,7.73,7.84,7.45
22-May-1986,7.20,7.76,7.88,7.50
21-May-1986,7.20,7.76,7.90,7.58
20-May-1986,7.23,7.80,7.88,7.58
19-May-1986,7.28,7.87,7.98,7.68
16-May-1986,7.32,7.89,7.99,7.64
15-May-1986,7.16,7.67,7.79,7.50
14-May-1986,7.00,7.48,7.66,7.43
13-May-1986,7.00,7.46,7.63,7.42
12-May-1986,6.98,7.41,7.67,7.41
09-May-1986,6.85,7.25,7.48,7.37
08-May-1986,6.78,7.17,7.40,7.36
07-May-1986,6.83,7.21,7.43,7.53
06-May-1986,6.82,7.16,7.46,7.50
05-May-1986,6.82,7.17,7.45,7.49
02-May-1986,6.88,7.23,7.51,7.62
01-May-1986,6.85,7.20,7.45,7.54
30-Apr-1986,6.83,7.17,7.38,7.47
29-Apr-1986,6.85,7.17,7.38,7.45
28-Apr-1986,6.86,7.27,7.48,7.54
25-Apr-1986,6.91,7.39,7.58,7.61
24-Apr-1986,6.89,7.31,7.51,7.59
23-Apr-1986,6.67,7.11,7.36,7.45
22-Apr-1986,6.58,6.93,7.25,7.28
21-Apr-1986,6.46,6.75,7.04,7.16
18-Apr-1986,6.44,6.78,7.09,7.19
17-Apr-1986,6.44,6.75,7.03,7.16
16-Apr-1986,6.39,6.68,6.98,7.14
15-Apr-1986,6.53,6.88,7.22,7.34
14-Apr-1986,6.53,6.89,7.19,7.29
11-Apr-1986,6.65,7.00,7.29,7.37
10-Apr-1986,6.58,6.95,7.23,7.31
09-Apr-1986,6.58,6.99,7.27,7.33
08-Apr-1986,6.70,7.07,7.31,7.39
07-Apr-1986,6.82,7.19,7.43,7.54
04-Apr-1986,6.85,7.22,7.45,7.53
03-Apr-1986,6.94,7.29,7.41,7.46
02-Apr-1986,6.90,7.21,7.33,7.43
01-Apr-1986,6.89,7.18,7.37,7.47
31-Mar-1986,6.92,7.19,7.39,7.44
27-Mar-1986,7.04,7.28,7.49,7.63
26-Mar-1986,7.11,7.36,7.64,7.82
25-Mar-1986,7.12,7.39,7.70,7.90
24-Mar-1986,7.11,7.40,7.70,7.89
21-Mar-1986,7.19,7.47,7.80,7.98
20-Mar-1986,7.17,7.45,7.78,7.95
19-Mar-1986,7.17,7.46,7.82,8.00
18-Mar-1986,7.23,7.48,7.83,8.00
17-Mar-1986,7.22,7.42,7.77,7.97
14-Mar-1986,7.18,7.40,7.72,7.95
13-Mar-1986,7.21,7.46,7.75,7.95
12-Mar-1986,7.17,7.37,7.68,7.91
11-Mar-1986,7.15,7.35,7.70,7.94
10-Mar-1986,7.16,7.41,7.76,8.00
07-Mar-1986,7.29,7.56,7.96,8.15
06-Mar-1986,7.38,7.68,8.04,8.19
05-Mar-1986,7.54,7.76,8.12,8.26
04-Mar-1986,7.38,7.55,7.93,8.10
03-Mar-1986,7.55,7.76,7.99,8.16
28-Feb-1986,7.71,7.91,8.13,8.27
27-Feb-1986,7.72,7.91,8.15,8.32
26-Feb-1986,7.88,8.07,8.36,8.54
25-Feb-1986,7.89,8.21,8.40,8.60
24-Feb-1986,7.86,8.20,8.39,8.61
21-Feb-1986,7.93,8.24,8.48,8.73
20-Feb-1986,8.05,8.39,8.67,8.88
19-Feb-1986,8.06,8.37,8.70,8.92
18-Feb-1986,7.96,8.28,8.64,8.89
14-Feb-1986,7.99,8.29,8.68,8.93
13-Feb-1986,8.06,8.43,8.85,9.08
12-Feb-1986,8.08,8.46,8.91,9.13
11-Feb-1986,8.04,8.47,8.93,9.16
10-Feb-1986,8.08,8.54,9.00,9.23
07-Feb-1986,8.15,8.62,9.11,9.32
06-Feb-1986,8.02,8.54,9.03,9.25
05-Feb-1986,7.99,8.51,8.97,9.28
04-Feb-1986,7.94,8.44,8.96,9.23
03-Feb-1986,7.97,8.50,9.02,9.28
31-Jan-1986,7.99,8.53,9.08,9.34
30-Jan-1986,8.04,8.57,9.10,9.36
29-Jan-1986,8.05,8.56,9.09,9.35
28-Jan-1986,8.02,8.53,9.05,9.30
27-Jan-1986,8.07,8.63,9.13,9.37
24-Jan-1986,8.13,8.74,9.23,9.45
23-Jan-1986,8.17,8.74,9.23,9.42
22-Jan-1986,8.19,8.77,9.28,9.45
21-Jan-1986,8.20,8.74,9.22,9.40
17-Jan-1986,8.19,8.74,9.24,9.40
16-Jan-1986,8.21,8.79,9.30,9.43
15-Jan-1986,8.24,8.82,9.31,9.42
14-Jan-1986,8.33,8.93,9.43,9.56
13-Jan-1986,8.38,9.00,9.49,9.65
10-Jan-1986,8.36,8.89,9.39,9.54
09-Jan-1986,8.27,8.78,9.27,9.45
08-Jan-1986,8.09,8.58,9.13,9.36
07-Jan-1986,7.97,8.44,8.94,9.18
06-Jan-1986,8.04,8.54,9.07,9.31
03-Jan-1986,8.03,8.52,9.05,9.30
02-Jan-1986,8.02,8.51,9.04,9.28
31-Dec-1985,7.98,8.49,9.00,9.27
30-Dec-1985,7.99,8.49,9.01,9.28
27-Dec-1985,7.99,8.50,8.99,9.27
26-Dec-1985,7.99,8.52,9.04,9.31
24-Dec-1985,8.02,8.56,9.07,9.33
23-Dec-1985,8.01,8.56,9.08,9.34
20-Dec-1985,8.01,8.52,9.04,9.33
19-Dec-1985,8.00,8.58,9.10,9.37
18-Dec-1985,8.04,8.57,9.11,9.40
17-Dec-1985,7.94,8.48,9.04,9.35
16-Dec-1985,8.00,8.62,9.16,9.45
13-Dec-1985,7.97,8.63,9.21,9.53
12-Dec-1985,8.07,8.72,9.27,9.58
11-Dec-1985,8.00,8.64,9.20,9.53
10-Dec-1985,8.23,8.83,9.36,9.65
09-Dec-1985,8.35,8.98,9.49,9.77
06-Dec-1985,8.47,9.12,9.65,9.90
05-Dec-1985,8.47,9.10,9.62,9.88
04-Dec-1985,8.49,9.10,9.63,9.88
03-Dec-1985,8.52,9.15,9.68,9.92
02-Dec-1985,8.54,9.14,9.69,9.94
29-Nov-1985,8.46,9.07,9.59,9.86
27-Nov-1985,8.52,9.12,9.64,9.91
26-Nov-1985,8.53,9.24,9.68,9.96
25-Nov-1985,8.52,9.23,9.68,9.98
22-Nov-1985,8.52,9.22,9.66,9.95
21-Nov-1985,8.51,9.17,9.58,9.93
20-Nov-1985,8.54,9.22,9.72,10.00
19-Nov-1985,8.52,9.20,9.73,10.00
18-Nov-1985,8.51,9.22,9.72,10.03
15-Nov-1985,8.66,9.39,9.92,10.18
14-Nov-1985,8.63,9.33,9.84,10.12
13-Nov-1985,8.58,9.28,9.78,10.07
12-Nov-1985,8.53,9.20,9.74,10.03
08-Nov-1985,8.57,9.30,9.84,10.13
07-Nov-1985,8.67,9.38,9.91,10.18
06-Nov-1985,8.67,9.38,9.93,10.19
05-Nov-1985,8.69,9.39,9.93,10.18
04-Nov-1985,8.71,9.44,9.98,10.23
01-Nov-1985,8.70,9.45,9.98,10.24
31-Oct-1985,8.70,9.47,10.01,10.28
30-Oct-1985,8.68,9.45,9.97,10.26
29-Oct-1985,8.82,9.61,10.11,10.37
28-Oct-1985,8.91,9.75,10.28,10.53
25-Oct-1985,8.88,9.67,10.21,10.47
24-Oct-1985,8.90,9.64,10.15,10.41
23-Oct-1985,8.84,9.62,10.14,10.39
22-Oct-1985,8.80,9.60,10.12,10.39
21-Oct-1985,8.83,9.63,10.18,10.44
18-Oct-1985,8.81,9.62,10.17,10.44
17-Oct-1985,8.85,9.67,10.21,10.47
16-Oct-1985,8.89,9.73,10.25,10.52
15-Oct-1985,8.94,9.79,10.30,10.56
11-Oct-1985,8.96,9.82,10.34,10.61
10-Oct-1985,8.96,9.82,10.35,10.61
09-Oct-1985,8.97,9.82,10.37,10.64
08-Oct-1985,8.96,9.81,10.36,10.63
07-Oct-1985,8.97,9.83,10.42,10.66
04-Oct-1985,8.84,9.73,10.36,10.61
03-Oct-1985,8.84,9.69,10.32,10.59
02-Oct-1985,8.84,9.69,10.30,10.59
01-Oct-1985,8.83,9.69,10.29,10.55
30-Sep-1985,8.88,9.73,10.31,10.57
26-Sep-1985,8.72,9.61,10.22,10.50
25-Sep-1985,8.71,9.59,10.27,10.56
24-Sep-1985,8.82,9.69,10.33,10.62
23-Sep-1985,8.89,9.74,10.39,10.64
20-Sep-1985,9.01,9.81,10.36,10.58
19-Sep-1985,9.13,9.89,10.43,10.65
18-Sep-1985,9.07,9.87,10.43,10.67
17-Sep-1985,9.05,9.85,10.41,10.64
16-Sep-1985,8.99,9.83,10.37,10.58
13-Sep-1985,9.03,9.87,10.40,10.62
12-Sep-1985,9.15,9.97,10.52,10.73
11-Sep-1985,9.13,9.98,10.51,10.73
10-Sep-1985,9.10,9.96,10.48,10.71
09-Sep-1985,9.13,9.97,10.49,10.73
06-Sep-1985,9.15,9.97,10.50,10.73
05-Sep-1985,8.92,9.71,10.27,10.49
04-Sep-1985,8.85,9.64,10.16,10.40
03-Sep-1985,8.95,9.71,10.24,10.46
30-Aug-1985,8.96,9.74,10.28,10.48
29-Aug-1985,8.81,9.58,10.12,10.37
28-Aug-1985,8.85,9.63,10.16,10.41
27-Aug-1985,8.81,9.65,10.12,10.38
26-Aug-1985,8.88,9.70,10.18,10.46
23-Aug-1985,8.87,9.67,10.14,10.42
22-Aug-1985,8.81,9.62,10.10,10.41
21-Aug-1985,8.82,9.63,10.12,10.42
20-Aug-1985,8.86,9.70,10.20,10.48
19-Aug-1985,8.89,9.74,10.23,10.50
16-Aug-1985,8.90,9.74,10.26,10.54
15-Aug-1985,8.96,9.83,10.36,10.64
14-Aug-1985,8.96,9.84,10.38,10.61
13-Aug-1985,8.96,9.92,10.46,10.71
12-Aug-1985,8.95,9.86,10.38,10.66
09-Aug-1985,8.95,9.86,10.37,10.61
08-Aug-1985,8.99,9.91,10.43,10.63
07-Aug-1985,9.08,10.01,10.55,10.71
06-Aug-1985,9.13,10.08,10.65,10.75
05-Aug-1985,9.13,10.06,10.64,10.73
02-Aug-1985,9.15,10.09,10.66,10.77
01-Aug-1985,9.04,9.95,10.51,10.62
31-Jul-1985,9.01,9.98,10.57,10.70
30-Jul-1985,9.04,10.02,10.66,10.78
29-Jul-1985,9.03,10.02,10.67,10.79
26-Jul-1985,8.98,9.96,10.59,10.72
25-Jul-1985,8.96,9.91,10.52,10.64
24-Jul-1985,8.99,9.92,10.51,10.63
23-Jul-1985,8.97,9.91,10.47,10.60
22-Jul-1985,8.95,9.87,10.46,10.60
19-Jul-1985,8.82,9.72,10.34,10.52
18-Jul-1985,8.76,9.71,10.30,10.48
17-Jul-1985,8.63,9.54,10.12,10.32
16-Jul-1985,8.67,9.59,10.15,10.37
15-Jul-1985,8.76,9.63,10.22,10.42
12-Jul-1985,8.78,9.63,10.23,10.42
11-Jul-1985,8.73,9.61,10.22,10.43
10-Jul-1985,8.55,9.45,10.07,10.33
09-Jul-1985,8.52,9.41,10.05,10.31
08-Jul-1985,8.52,9.41,10.05,10.31
05-Jul-1985,8.36,9.30,9.93,10.23
03-Jul-1985,8.66,9.62,10.23,10.45
02-Jul-1985,8.66,9.61,10.20,10.43
01-Jul-1985,8.66,9.58,10.19,10.44
28-Jun-1985,8.67,9.65,10.25,10.47
27-Jun-1985,8.81,9.83,10.39,10.54
26-Jun-1985,8.94,9.97,10.54,10.68
25-Jun-1985,8.96,9.95,10.50,10.67
24-Jun-1985,8.87,9.83,10.45,10.64
21-Jun-1985,8.80,9.75,10.34,10.57
20-Jun-1985,8.59,9.51,10.14,10.44
19-Jun-1985,8.50,9.46,10.04,10.37
18-Jun-1985,8.37,9.33,9.90,10.23
17-Jun-1985,8.48,9.45,9.97,10.28
14-Jun-1985,8.45,9.39,9.98,10.31
13-Jun-1985,8.76,9.67,10.21,10.51
12-Jun-1985,8.76,9.65,10.16,10.46
11-Jun-1985,8.78,9.63,10.08,10.41
10-Jun-1985,8.87,9.68,10.16,10.47
07-Jun-1985,8.82,9.67,10.19,10.52
06-Jun-1985,8.51,9.33,9.89,10.29
05-Jun-1985,8.42,9.26,9.83,10.25
04-Jun-1985,8.68,9.47,10.05,10.39
03-Jun-1985,8.72,9.50,10.05,10.40
31-May-1985,8.92,9.68,10.28,10.58
30-May-1985,9.03,9.84,10.39,10.67
29-May-1985,9.05,9.90,10.46,10.73
28-May-1985,9.05,9.95,10.43,10.72
24-May-1985,9.13,10.05,10.57,10.85
23-May-1985,9.21,10.11,10.64,10.91
22-May-1985,9.11,10.05,10.62,10.90
21-May-1985,9.11,10.07,10.60,10.85
20-May-1985,9.10,10.04,10.56,10.82
17-May-1985,9.37,10.32,10.84,11.05
16-May-1985,9.31,10.28,10.81,11.02
15-May-1985,9.40,10.39,10.89,11.08
14-May-1985,9.47,10.39,10.87,11.07
13-May-1985,9.64,10.56,11.04,11.20
10-May-1985,9.62,10.57,11.04,11.20
09-May-1985,9.67,10.68,11.20,11.34
08-May-1985,9.73,10.74,11.26,11.39
07-May-1985,9.66,10.68,11.17,11.29
06-May-1985,9.70,10.71,11.19,11.30
03-May-1985,9.71,10.74,11.21,11.31
02-May-1985,9.86,10.83,11.29,11.36
01-May-1985,9.82,10.81,11.27,11.37
30-Apr-1985,9.91,10.91,11.41,11.48
29-Apr-1985,9.97,10.96,11.47,11.54
26-Apr-1985,9.88,10.87,11.35,11.42
25-Apr-1985,9.90,10.87,11.37,11.44
24-Apr-1985,9.81,10.77,11.25,11.36
23-Apr-1985,9.88,10.79,11.25,11.34
22-Apr-1985,9.72,10.67,11.13,11.23
19-Apr-1985,9.81,10.69,11.16,11.26
18-Apr-1985,9.73,10.69,11.13,11.21
17-Apr-1985,9.93,10.86,11.29,11.33
16-Apr-1985,9.86,10.80,11.25,11.30
15-Apr-1985,10.09,11.02,11.37,11.37
12-Apr-1985,10.13,11.05,11.43,11.42
11-Apr-1985,10.12,11.05,11.42,11.40
10-Apr-1985,10.31,11.20,11.58,11.54
09-Apr-1985,10.38,11.28,11.66,11.66
08-Apr-1985,10.49,11.36,11.77,11.75
04-Apr-1985,10.53,11.35,11.75,11.74
03-Apr-1985,10.49,11.34,11.73,11.71
02-Apr-1985,10.48,11.33,11.70,11.68
01-Apr-1985,10.45,11.28,11.66,11.65
29-Mar-1985,10.43,11.29,11.65,11.64
28-Mar-1985,10.53,11.38,11.75,11.73
27-Mar-1985,10.63,11.49,11.84,11.78
26-Mar-1985,10.63,11.45,11.77,11.72
25-Mar-1985,10.71,11.53,11.86,11.79
22-Mar-1985,10.75,11.55,11.88,11.83
21-Mar-1985,10.69,11.48,11.82,11.77
20-Mar-1985,10.85,11.62,11.91,11.84
19-Mar-1985,10.85,11.67,11.99,11.93
18-Mar-1985,10.89,11.70,12.02,11.97
15-Mar-1985,10.82,11.63,11.93,11.86
14-Mar-1985,10.86,11.63,11.92,11.84
13-Mar-1985,10.79,11.59,11.90,11.83
12-Mar-1985,10.62,11.45,11.78,11.74
11-Mar-1985,10.56,11.38,11.72,11.71
08-Mar-1985,10.56,11.37,11.71,11.71
07-Mar-1985,10.83,11.61,11.94,11.93
06-Mar-1985,10.75,11.53,11.92,11.89
05-Mar-1985,10.71,11.49,11.86,11.83
04-Mar-1985,10.78,11.57,11.93,11.91
01-Mar-1985,10.73,11.52,11.86,11.82
28-Feb-1985,10.66,11.55,11.91,11.90
27-Feb-1985,10.56,11.51,11.89,11.88
26-Feb-1985,10.36,11.35,11.72,11.67
25-Feb-1985,10.36,11.40,11.75,11.71
22-Feb-1985,10.34,11.35,11.76,11.71
21-Feb-1985,10.29,11.29,11.64,11.58
20-Feb-1985,10.13,11.09,11.52,11.50
19-Feb-1985,10.01,10.95,11.37,11.35
15-Feb-1985,10.02,10.98,11.38,11.37
14-Feb-1985,9.98,10.93,11.29,11.24
13-Feb-1985,10.03,11.02,11.39,11.31
11-Feb-1985,10.06,11.05,11.42,11.35
08-Feb-1985,10.03,11.00,11.37,11.27
07-Feb-1985,10.06,11.04,11.41,11.29
06-Feb-1985,10.03,11.00,11.40,11.37
05-Feb-1985,9.99,10.93,11.30,11.30
04-Feb-1985,10.03,10.99,11.35,11.34
01-Feb-1985,10.04,10.93,11.29,11.32
31-Jan-1985,9.90,10.77,11.17,11.21
30-Jan-1985,9.76,10.68,11.08,11.16
29-Jan-1985,9.79,10.70,11.11,11.18
28-Jan-1985,9.79,10.70,11.11,11.20
25-Jan-1985,9.76,10.66,11.11,11.21
24-Jan-1985,9.74,10.61,11.06,11.18
23-Jan-1985,9.83,10.74,11.21,11.33
22-Jan-1985,9.83,10.79,11.27,11.38
18-Jan-1985,9.91,10.89,11.39,11.51
17-Jan-1985,9.98,10.99,11.48,11.59
16-Jan-1985,9.99,11.02,11.51,11.59
15-Jan-1985,10.00,11.01,11.49,11.57
14-Jan-1985,10.07,11.13,11.60,11.68
11-Jan-1985,10.08,11.14,11.59,11.64
10-Jan-1985,10.00,11.05,11.48,11.53
09-Jan-1985,9.95,11.03,11.47,11.50
08-Jan-1985,9.99,11.04,11.45,11.49
07-Jan-1985,10.01,11.09,11.50,11.53
04-Jan-1985,10.08,11.19,11.67,11.70
03-Jan-1985,10.06,11.13,11.62,11.64
02-Jan-1985,10.03,11.22,11.70,11.69
31-Dec-1984,10.02,11.08,11.55,11.54
28-Dec-1984,10.02,11.03,11.46,11.49
27-Dec-1984,9.96,10.98,11.45,11.48
26-Dec-1984,9.95,10.97,11.45,11.46
24-Dec-1984,9.83,10.85,11.31,11.36
21-Dec-1984,9.94,10.89,11.34,11.38
20-Dec-1984,9.94,10.89,11.37,11.43
19-Dec-1984,9.89,10.86,11.34,11.38
18-Dec-1984,9.85,10.83,11.29,11.35
17-Dec-1984,10.07,11.01,11.49,11.50
14-Dec-1984,10.20,11.08,11.56,11.56
13-Dec-1984,10.40,11.27,11.70,11.67
12-Dec-1984,10.35,11.14,11.54,11.56
11-Dec-1984,10.40,11.18,11.57,11.59
10-Dec-1984,10.47,11.26,11.66,11.66
07-Dec-1984,10.51,11.31,11.70,11.70
06-Dec-1984,10.49,11.23,11.61,11.62
05-Dec-1984,10.40,11.14,11.52,11.53
04-Dec-1984,10.44,11.16,11.52,11.53
03-Dec-1984,10.50,11.23,11.56,11.56
30-Nov-1984,10.50,11.25,11.58,11.58
29-Nov-1984,10.37,11.07,11.42,11.47
28-Nov-1984,10.35,11.03,11.38,11.44
27-Nov-1984,10.31,11.05,11.28,11.33
26-Nov-1984,10.33,11.05,11.28,11.35
23-Nov-1984,10.29,10.99,11.24,11.32
21-Nov-1984,10.39,11.14,11.39,11.46
20-Nov-1984,10.59,11.29,11.53,11.56
19-Nov-1984,10.67,11.41,11.61,11.60
16-Nov-1984,10.71,11.46,11.69,11.67
15-Nov-1984,10.78,11.52,11.73,11.70
14-Nov-1984,10.91,11.59,11.81,11.78
13-Nov-1984,10.89,11.55,11.78,11.74
09-Nov-1984,10.81,11.47,11.71,11.66
08-Nov-1984,10.95,11.55,11.81,11.78
07-Nov-1984,10.80,11.45,11.72,11.63
05-Nov-1984,10.79,11.40,11.60,11.50
02-Nov-1984,10.96,11.46,11.66,11.55
01-Nov-1984,10.93,11.45,11.66,11.53
31-Oct-1984,11.09,11.59,11.79,11.64
30-Oct-1984,11.13,11.63,11.75,11.61
29-Oct-1984,11.30,11.79,11.95,11.75
26-Oct-1984,11.33,11.83,11.99,11.78
25-Oct-1984,11.13,11.65,11.83,11.68
24-Oct-1984,11.10,11.55,11.74,11.62
23-Oct-1984,11.17,11.62,11.78,11.64
22-Oct-1984,11.35,11.82,11.90,11.69
19-Oct-1984,11.39,11.82,11.93,11.74
18-Oct-1984,11.53,11.98,12.09,11.88
17-Oct-1984,11.70,12.21,12.28,12.08
16-Oct-1984,11.77,12.25,12.32,12.15
15-Oct-1984,11.78,12.24,12.34,12.16
12-Oct-1984,11.72,12.17,12.28,12.12
11-Oct-1984,11.78,12.23,12.31,12.15
10-Oct-1984,11.89,12.32,12.36,12.19
09-Oct-1984,11.87,12.32,12.36,12.18
05-Oct-1984,11.93,12.35,12.39,12.20
04-Oct-1984,12.02,12.45,12.52,12.31
03-Oct-1984,12.06,12.49,12.54,12.36
02-Oct-1984,12.07,12.52,12.54,12.35
01-Oct-1984,12.09,12.51,12.54,12.35
28-Sep-1984,12.07,12.48,12.47,12.28
27-Sep-1984,11.95,12.31,12.31,12.12
26-Sep-1984,12.05,12.47,12.46,12.27
25-Sep-1984,12.12,12.53,12.56,12.34
24-Sep-1984,12.10,12.51,12.52,12.31
21-Sep-1984,12.06,12.44,12.45,12.22
20-Sep-1984,11.94,12.27,12.28,12.08
19-Sep-1984,11.94,12.26,12.25,12.07
18-Sep-1984,12.10,12.33,12.35,12.15
17-Sep-1984,12.16,12.42,12.40,12.18
14-Sep-1984,12.15,12.42,12.42,12.22
13-Sep-1984,12.21,12.47,12.44,12.22
12-Sep-1984,12.30,12.62,12.55,12.33
11-Sep-1984,12.26,12.59,12.54,12.31
10-Sep-1984,12.27,12.65,12.62,12.37
07-Sep-1984,12.45,12.75,12.70,12.44
06-Sep-1984,12.54,12.82,12.81,12.48
05-Sep-1984,12.63,12.92,12.92,12.61
04-Sep-1984,12.59,12.85,12.88,12.57
31-Aug-1984,12.54,12.77,12.79,12.51
30-Aug-1984,12.56,12.79,12.84,12.56
29-Aug-1984,12.56,12.78,12.83,12.57
28-Aug-1984,12.54,12.82,12.81,12.57
27-Aug-1984,12.54,12.80,12.81,12.60
24-Aug-1984,12.41,12.67,12.66,12.44
23-Aug-1984,12.44,12.68,12.69,12.45
22-Aug-1984,12.45,12.66,12.65,12.43
21-Aug-1984,12.41,12.64,12.62,12.35
20-Aug-1984,12.42,12.66,12.69,12.41
17-Aug-1984,12.40,12.67,12.70,12.46
16-Aug-1984,12.40,12.66,12.70,12.51
15-Aug-1984,12.39,12.68,12.74,12.57
14-Aug-1984,12.34,12.62,12.67,12.48
13-Aug-1984,12.45,12.71,12.74,12.54
10-Aug-1984,12.35,12.63,12.68,12.47
09-Aug-1984,12.33,12.59,12.61,12.47
08-Aug-1984,12.37,12.62,12.66,12.62
07-Aug-1984,12.41,12.64,12.69,12.64
06-Aug-1984,12.42,12.66,12.73,12.69
03-Aug-1984,12.30,12.55,12.61,12.59
02-Aug-1984,12.48,12.71,12.74,12.70
01-Aug-1984,12.48,12.74,12.81,12.78
31-Jul-1984,12.57,12.85,12.91,12.87
30-Jul-1984,12.66,13.00,13.05,12.99
27-Jul-1984,12.59,12.89,12.95,12.91
26-Jul-1984,12.55,12.80,12.89,12.88
25-Jul-1984,12.64,12.95,13.06,12.97
24-Jul-1984,12.85,13.24,13.31,13.25
23-Jul-1984,12.87,13.25,13.35,13.27
20-Jul-1984,12.85,13.24,13.36,13.26
19-Jul-1984,12.82,13.17,13.25,13.12
18-Jul-1984,12.89,13.22,13.32,13.14
17-Jul-1984,12.93,13.29,13.37,13.18
16-Jul-1984,12.89,13.24,13.32,13.12
13-Jul-1984,12.85,13.24,13.30,13.12
12-Jul-1984,12.96,13.39,13.42,13.20
11-Jul-1984,13.06,13.45,13.55,13.33
10-Jul-1984,13.00,13.46,13.53,13.28
09-Jul-1984,12.96,13.40,13.48,13.28
06-Jul-1984,13.13,13.65,13.75,13.55
05-Jul-1984,13.07,13.64,13.77,13.55
03-Jul-1984,13.12,13.67,13.80,13.52
02-Jul-1984,13.17,13.73,13.87,13.64
29-Jun-1984,13.17,13.72,13.84,13.64
28-Jun-1984,13.17,13.70,13.80,13.57
27-Jun-1984,13.12,13.70,13.76,13.56
26-Jun-1984,13.17,13.77,13.79,13.60
25-Jun-1984,13.12,13.70,13.75,13.56
22-Jun-1984,13.15,13.72,13.74,13.55
21-Jun-1984,13.14,13.67,13.72,13.55
20-Jun-1984,13.08,13.57,13.65,13.49
19-Jun-1984,12.79,13.30,13.38,13.30
18-Jun-1984,12.75,13.19,13.27,13.16
15-Jun-1984,12.63,13.12,13.21,13.14
14-Jun-1984,12.75,13.31,13.39,13.28
13-Jun-1984,12.83,13.37,13.44,13.29
12-Jun-1984,12.92,13.45,13.54,13.39
11-Jun-1984,13.00,13.57,13.58,13.48
08-Jun-1984,12.74,13.35,13.46,13.42
07-Jun-1984,12.81,13.43,13.54,13.48
06-Jun-1984,12.75,13.38,13.54,13.47
05-Jun-1984,12.60,13.24,13.37,13.35
04-Jun-1984,12.63,13.29,13.42,13.37
01-Jun-1984,12.72,13.46,13.63,13.58
31-May-1984,13.00,13.76,13.91,13.84
30-May-1984,13.04,13.84,13.99,13.94
29-May-1984,12.98,13.70,13.89,13.85
25-May-1984,12.77,13.52,13.75,13.72
24-May-1984,12.77,13.46,13.72,13.73
23-May-1984,12.67,13.30,13.54,13.56
22-May-1984,12.58,13.27,13.52,13.53
21-May-1984,12.48,13.18,13.43,13.46
18-May-1984,12.47,13.21,13.45,13.46
17-May-1984,12.51,13.27,13.54,13.57
16-May-1984,12.42,13.17,13.41,13.46
15-May-1984,12.51,13.23,13.48,13.50
14-May-1984,12.57,13.30,13.58,13.62
11-May-1984,12.55,13.20,13.46,13.51
10-May-1984,12.32,12.98,13.25,13.30
09-May-1984,12.32,12.97,13.21,13.26
08-May-1984,12.23,12.88,13.09,13.12
07-May-1984,12.24,12.90,13.13,13.17
04-May-1984,12.15,12.83,13.07,13.08
03-May-1984,11.96,12.64,12.89,12.92
02-May-1984,11.92,12.62,12.86,12.90
01-May-1984,11.88,12.57,12.82,12.87
30-Apr-1984,11.89,12.57,12.82,12.86
27-Apr-1984,11.89,12.55,12.79,12.82
26-Apr-1984,11.77,12.42,12.67,12.68
25-Apr-1984,11.79,12.45,12.69,12.71
24-Apr-1984,11.73,12.46,12.75,12.75
23-Apr-1984,11.78,12.49,12.80,12.82
19-Apr-1984,11.77,12.47,12.77,12.81
18-Apr-1984,11.69,12.40,12.70,12.73
17-Apr-1984,11.59,12.30,12.57,12.62
16-Apr-1984,11.70,12.35,12.61,12.65
13-Apr-1984,11.66,12.30,12.57,12.58
12-Apr-1984,11.49,12.16,12.40,12.41
11-Apr-1984,11.53,12.24,12.50,12.51
10-Apr-1984,11.54,12.26,12.52,12.54
09-Apr-1984,11.55,12.22,12.47,12.48
06-Apr-1984,11.55,12.24,12.51,12.50
05-Apr-1984,11.70,12.42,12.65,12.67
04-Apr-1984,11.76,12.44,12.67,12.67
03-Apr-1984,11.73,12.40,12.65,12.63
02-Apr-1984,11.61,12.29,12.56,12.55
30-Mar-1984,11.60,12.28,12.53,12.52
29-Mar-1984,11.49,12.16,12.41,12.42
28-Mar-1984,11.48,12.15,12.42,12.44
27-Mar-1984,11.58,12.21,12.46,12.50
26-Mar-1984,11.56,12.20,12.46,12.48
23-Mar-1984,11.59,12.23,12.48,12.50
22-Mar-1984,11.59,12.22,12.49,12.53
21-Mar-1984,11.57,12.17,12.45,12.53
20-Mar-1984,11.45,12.13,12.44,12.51
19-Mar-1984,11.39,12.11,12.45,12.53
16-Mar-1984,11.27,12.01,12.34,12.43
15-Mar-1984,11.28,11.99,12.31,12.39
14-Mar-1984,11.26,12.00,12.31,12.40
13-Mar-1984,11.22,11.97,12.27,12.37
12-Mar-1984,11.18,11.94,12.24,12.33
09-Mar-1984,11.19,11.95,12.28,12.35
08-Mar-1984,11.15,11.90,12.24,12.33
07-Mar-1984,11.08,11.87,12.22,12.31
06-Mar-1984,11.01,11.77,12.09,12.19
05-Mar-1984,11.01,11.76,12.07,12.17
02-Mar-1984,10.92,11.68,11.99,12.05
01-Mar-1984,11.05,11.77,12.07,12.16
29-Feb-1984,10.99,11.74,12.04,12.14
28-Feb-1984,11.04,11.80,12.09,12.22
27-Feb-1984,11.02,11.77,12.05,12.16
24-Feb-1984,10.94,11.69,11.99,12.10
23-Feb-1984,11.03,11.76,12.05,12.17
22-Feb-1984,10.92,11.61,11.93,12.06
21-Feb-1984,10.85,11.62,11.91,12.02
17-Feb-1984,10.87,11.63,11.92,12.02
16-Feb-1984,10.75,11.51,11.83,11.94
15-Feb-1984,10.73,11.50,11.81,11.92
14-Feb-1984,10.78,11.54,11.85,11.95
10-Feb-1984,10.73,11.52,11.83,11.92
09-Feb-1984,10.66,11.43,11.73,11.84
08-Feb-1984,10.65,11.41,11.72,11.83
07-Feb-1984,10.66,11.40,11.71,11.79
06-Feb-1984,10.67,11.40,11.70,11.79
03-Feb-1984,10.53,11.31,11.60,11.72
02-Feb-1984,10.54,11.28,11.60,11.71
01-Feb-1984,10.56,11.31,11.64,11.74
31-Jan-1984,10.58,11.34,11.67,11.78
30-Jan-1984,10.57,11.31,11.66,11.74
27-Jan-1984,10.62,11.31,11.63,11.73
26-Jan-1984,10.62,11.31,11.63,11.70
25-Jan-1984,10.65,11.31,11.64,11.72
24-Jan-1984,10.63,11.31,11.63,11.69
23-Jan-1984,10.61,11.31,11.63,11.69
20-Jan-1984,10.60,11.32,11.64,11.71
19-Jan-1984,10.57,11.29,11.60,11.68
18-Jan-1984,10.58,11.30,11.61,11.70
17-Jan-1984,10.55,11.28,11.57,11.65
16-Jan-1984,10.52,11.25,11.54,11.62
13-Jan-1984,10.50,11.26,11.59,11.67
12-Jan-1984,10.71,11.48,11.76,11.81
11-Jan-1984,10.72,11.46,11.76,11.83
10-Jan-1984,10.66,11.44,11.71,11.79
09-Jan-1984,10.73,11.47,11.75,11.84
06-Jan-1984,10.68,11.43,11.73,11.82
05-Jan-1984,10.75,11.47,11.77,11.84
04-Jan-1984,10.77,11.50,11.78,11.83
03-Jan-1984,10.87,11.59,11.86,11.93
30-Dec-1983,10.85,11.57,11.82,11.87
29-Dec-1983,10.84,11.52,11.79,11.84
28-Dec-1983,10.85,11.56,11.81,11.84
27-Dec-1983,10.85,11.50,11.75,11.80
23-Dec-1983,10.86,11.53,11.79,11.86
22-Dec-1983,10.83,11.51,11.77,11.84
21-Dec-1983,10.88,11.54,11.83,11.91
20-Dec-1983,10.87,11.56,11.86,11.94
19-Dec-1983,10.87,11.59,11.87,11.94
16-Dec-1983,10.87,11.59,11.88,11.94
15-Dec-1983,10.93,11.66,11.96,11.99
14-Dec-1983,10.92,11.68,11.97,12.01
13-Dec-1983,10.93,11.65,11.95,12.00
12-Dec-1983,10.82,11.54,11.87,11.94
09-Dec-1983,10.85,11.58,11.90,11.95
08-Dec-1983,10.83,11.57,11.89,11.93
07-Dec-1983,10.75,11.49,11.79,11.83
06-Dec-1983,10.74,11.46,11.76,11.81
05-Dec-1983,10.80,11.50,11.78,11.81
02-Dec-1983,10.77,11.47,11.75,11.79
01-Dec-1983,10.66,11.37,11.63,11.67
30-Nov-1983,10.67,11.36,11.63,11.67
29-Nov-1983,10.65,11.31,11.58,11.62
28-Nov-1983,10.69,11.41,11.63,11.70
25-Nov-1983,10.63,11.31,11.55,11.63
23-Nov-1983,10.64,11.37,11.59,11.65
22-Nov-1983,10.60,11.34,11.57,11.64
21-Nov-1983,10.65,11.38,11.65,11.70
18-Nov-1983,10.68,11.46,11.72,11.79
17-Nov-1983,10.68,11.44,11.72,11.78
16-Nov-1983,10.66,11.40,11.70,11.76
15-Nov-1983,10.66,11.40,11.70,11.72
14-Nov-1983,10.60,11.38,11.68,11.73
10-Nov-1983,10.63,11.40,11.71,11.74
09-Nov-1983,10.74,11.54,11.84,11.87
07-Nov-1983,10.79,11.56,11.85,11.90
04-Nov-1983,10.76,11.53,11.85,11.91
03-Nov-1983,10.63,11.41,11.75,11.83
02-Nov-1983,10.62,11.39,11.70,11.76
01-Nov-1983,10.64,11.38,11.69,11.77
31-Oct-1983,10.61,11.39,11.74,11.78
28-Oct-1983,10.61,11.39,11.68,11.74
27-Oct-1983,10.60,11.39,11.66,11.71
26-Oct-1983,10.63,11.40,11.72,11.73
25-Oct-1983,10.63,11.40,11.70,11.73
24-Oct-1983,10.68,11.39,11.66,11.69
21-Oct-1983,10.48,11.18,11.43,11.47
20-Oct-1983,10.54,11.22,11.47,11.51
19-Oct-1983,10.55,11.20,11.49,11.51
18-Oct-1983,10.48,11.20,11.49,11.56
17-Oct-1983,10.49,11.21,11.47,11.51
14-Oct-1983,10.65,11.31,11.58,11.61
13-Oct-1983,10.71,11.40,11.65,11.69
12-Oct-1983,10.65,11.35,11.59,11.62
11-Oct-1983,10.68,11.36,11.57,11.61
07-Oct-1983,10.45,11.12,11.33,11.38
06-Oct-1983,10.42,11.10,11.31,11.36
05-Oct-1983,10.45,11.11,11.35,11.38
04-Oct-1983,10.56,11.22,11.46,11.47
03-Oct-1983,10.55,11.22,11.47,11.48
30-Sep-1983,10.53,11.20,11.44,11.44
29-Sep-1983,10.64,11.26,11.50,11.48
28-Sep-1983,10.59,11.24,11.49,11.47
27-Sep-1983,10.57,11.21,11.45,11.44
26-Sep-1983,10.49,11.18,11.41,11.42
23-Sep-1983,10.61,11.29,11.49,11.47
22-Sep-1983,10.74,11.40,11.60,11.56
21-Sep-1983,10.73,11.40,11.64,11.60
20-Sep-1983,10.70,11.33,11.57,11.57
19-Sep-1983,10.72,11.42,11.66,11.65
16-Sep-1983,10.83,11.43,11.68,11.65
15-Sep-1983,10.95,11.61,11.82,11.80
14-Sep-1983,10.88,11.51,11.76,11.73
13-Sep-1983,10.77,11.38,11.63,11.61
12-Sep-1983,10.71,11.35,11.56,11.56
09-Sep-1983,10.93,11.53,11.73,11.70
08-Sep-1983,10.95,11.57,11.77,11.73
07-Sep-1983,10.88,11.52,11.70,11.68
06-Sep-1983,11.03,11.63,11.85,11.82
02-Sep-1983,11.18,11.81,12.01,11.97
01-Sep-1983,11.16,11.76,11.97,11.95
31-Aug-1983,11.18,11.79,11.98,11.96
30-Aug-1983,11.08,11.67,11.90,11.89
29-Aug-1983,11.09,11.63,11.86,11.81
26-Aug-1983,10.88,11.40,11.65,11.60
25-Aug-1983,10.83,11.35,11.62,11.57
24-Aug-1983,10.76,11.30,11.54,11.52
23-Aug-1983,10.79,11.37,11.57,11.56
22-Aug-1983,10.75,11.30,11.54,11.51
19-Aug-1983,10.90,11.50,11.72,11.73
18-Aug-1983,10.85,11.44,11.70,11.68
17-Aug-1983,10.86,11.41,11.65,11.61
16-Aug-1983,10.97,11.52,11.71,11.70
15-Aug-1983,11.08,11.58,11.76,11.71
12-Aug-1983,11.27,11.82,11.96,11.89
11-Aug-1983,11.32,11.87,12.04,12.00
10-Aug-1983,11.41,11.94,12.17,12.13
09-Aug-1983,11.33,11.88,12.13,12.09
08-Aug-1983,11.37,11.95,12.20,12.15
05-Aug-1983,11.27,11.85,12.10,12.07
04-Aug-1983,11.27,11.84,12.12,12.12
03-Aug-1983,11.13,11.68,11.92,11.87
02-Aug-1983,11.14,11.68,11.82,11.78
01-Aug-1983,11.09,11.63,11.80,11.82
29-Jul-1983,11.03,11.59,11.76,11.80
28-Jul-1983,10.86,11.47,11.66,11.68
27-Jul-1983,10.77,11.32,11.51,11.53
26-Jul-1983,10.77,11.33,11.49,11.50
25-Jul-1983,10.74,11.26,11.41,11.42
22-Jul-1983,10.77,11.26,11.43,11.48
21-Jul-1983,10.66,11.16,11.32,11.34
20-Jul-1983,10.64,11.14,11.28,11.28
19-Jul-1983,10.69,11.23,11.36,11.33
18-Jul-1983,10.76,11.30,11.41,11.37
15-Jul-1983,10.82,11.36,11.51,11.47
14-Jul-1983,10.72,11.21,11.38,11.38
13-Jul-1983,10.71,11.21,11.40,11.44
12-Jul-1983,10.74,11.24,11.42,11.45
11-Jul-1983,10.56,11.09,11.28,11.29
08-Jul-1983,10.69,11.16,11.33,11.37
07-Jul-1983,10.59,11.12,11.29,11.31
06-Jul-1983,10.49,10.98,11.16,11.21
05-Jul-1983,10.52,11.03,11.21,11.25
01-Jul-1983,10.17,10.72,10.93,11.00
30-Jun-1983,10.23,10.76,10.96,11.01
29-Jun-1983,10.27,10.76,10.99,11.06
28-Jun-1983,10.35,10.85,11.04,11.10
27-Jun-1983,10.44,10.92,11.11,11.16
24-Jun-1983,10.43,10.83,11.02,11.06
23-Jun-1983,10.33,10.76,10.90,10.95
22-Jun-1983,10.31,10.71,10.83,10.90
21-Jun-1983,10.27,10.64,10.79,10.86
20-Jun-1983,10.26,10.62,10.80,10.85
17-Jun-1983,10.07,10.47,10.68,10.77
16-Jun-1983,10.05,10.46,10.64,10.72
15-Jun-1983,10.06,10.48,10.72,10.81
14-Jun-1983,10.09,10.53,10.77,10.88
13-Jun-1983,10.11,10.50,10.75,10.84
10-Jun-1983,10.20,10.64,10.89,10.95
09-Jun-1983,10.12,10.63,10.88,10.96
08-Jun-1983,10.20,10.64,10.92,11.02
07-Jun-1983,10.18,10.61,10.85,10.97
06-Jun-1983,10.09,10.54,10.79,10.90
03-Jun-1983,10.01,10.53,10.79,10.93
02-Jun-1983,9.96,10.46,10.78,10.91
01-Jun-1983,9.97,10.48,10.77,10.91
31-May-1983,10.02,10.55,10.81,10.97
27-May-1983,9.90,10.37,10.62,10.78
26-May-1983,9.89,10.38,10.63,10.76
25-May-1983,9.76,10.29,10.58,10.71
24-May-1983,9.75,10.30,10.56,10.69
23-May-1983,9.74,10.27,10.57,10.71
20-May-1983,9.64,10.20,10.54,10.69
19-May-1983,9.61,10.17,10.49,10.67
18-May-1983,9.49,10.06,10.43,10.60
17-May-1983,9.48,10.03,10.41,10.58
16-May-1983,9.47,10.02,10.37,10.54
13-May-1983,9.27,9.86,10.22,10.37
12-May-1983,9.29,9.87,10.23,10.40
11-May-1983,9.22,9.82,10.18,10.33
10-May-1983,9.24,9.81,10.16,10.30
09-May-1983,9.33,9.86,10.25,10.37
06-May-1983,9.17,9.74,10.13,10.28
05-May-1983,9.25,9.76,10.16,10.30
04-May-1983,9.19,9.73,10.12,10.27
03-May-1983,9.27,9.81,10.26,10.38
02-May-1983,9.29,9.82,10.26,10.39
29-Apr-1983,9.35,9.88,10.27,10.38
28-Apr-1983,9.42,9.91,10.31,10.41
27-Apr-1983,9.42,9.92,10.29,10.43
26-Apr-1983,9.49,10.02,10.37,10.47
25-Apr-1983,9.52,10.01,10.40,10.48
22-Apr-1983,9.58,10.03,10.42,10.52
21-Apr-1983,9.61,10.07,10.43,10.53
20-Apr-1983,9.58,10.01,10.39,10.48
19-Apr-1983,9.58,10.04,10.39,10.46
18-Apr-1983,9.49,9.95,10.29,10.35
15-Apr-1983,9.53,9.98,10.33,10.40
14-Apr-1983,9.49,9.93,10.29,10.37
13-Apr-1983,9.57,10.01,10.39,10.44
12-Apr-1983,9.58,10.01,10.42,10.46
11-Apr-1983,9.53,9.99,10.41,10.46
08-Apr-1983,9.67,10.11,10.51,10.58
07-Apr-1983,9.67,10.09,10.51,10.56
06-Apr-1983,9.69,10.11,10.49,10.54
05-Apr-1983,9.72,10.11,10.49,10.55
04-Apr-1983,9.87,10.25,10.60,10.67
31-Mar-1983,9.87,10.27,10.62,10.69
30-Mar-1983,9.88,10.25,10.59,10.65
29-Mar-1983,9.88,10.28,10.60,10.66
28-Mar-1983,9.92,10.33,10.66,10.71
25-Mar-1983,9.91,10.32,10.64,10.70
24-Mar-1983,9.82,10.24,10.58,10.61
23-Mar-1983,9.81,10.23,10.58,10.64
22-Mar-1983,9.84,10.29,10.62,10.71
21-Mar-1983,9.79,10.20,10.60,10.71
18-Mar-1983,9.78,10.15,10.58,10.71
17-Mar-1983,9.71,10.14,10.56,10.68
16-Mar-1983,9.65,10.09,10.53,10.68
15-Mar-1983,9.57,9.99,10.46,10.62
14-Mar-1983,9.58,10.02,10.48,10.66
11-Mar-1983,9.66,10.12,10.59,10.75
10-Mar-1983,9.67,10.08,10.55,10.67
09-Mar-1983,9.62,10.02,10.48,10.64
08-Mar-1983,9.62,10.01,10.52,10.65
07-Mar-1983,9.46,9.92,10.43,10.59
04-Mar-1983,9.25,9.75,10.27,10.46
03-Mar-1983,9.24,9.72,10.23,10.44
02-Mar-1983,9.30,9.76,10.26,10.48
01-Mar-1983,9.26,9.74,10.22,10.45
28-Feb-1983,9.31,9.83,10.27,10.51
25-Feb-1983,9.28,9.82,10.26,10.50
24-Feb-1983,9.40,9.96,10.42,10.61
23-Feb-1983,9.44,10.00,10.44,10.62
22-Feb-1983,9.41,10.01,10.46,10.63
18-Feb-1983,9.56,10.13,10.60,10.78
17-Feb-1983,9.65,10.24,10.71,10.86
16-Feb-1983,9.69,10.29,10.81,10.95
15-Feb-1983,9.77,10.37,10.84,10.99
14-Feb-1983,9.78,10.37,10.80,10.95
11-Feb-1983,9.70,10.31,10.80,10.94
10-Feb-1983,9.74,10.38,10.83,10.96
09-Feb-1983,9.89,10.58,11.00,11.14
08-Feb-1983,9.83,10.50,10.99,11.12
07-Feb-1983,9.80,10.49,10.96,11.10
04-Feb-1983,9.82,10.51,10.99,11.12
03-Feb-1983,9.71,10.39,10.93,11.06
02-Feb-1983,9.71,10.37,10.88,10.94
01-Feb-1983,9.60,10.34,10.78,10.95
31-Jan-1983,9.58,10.31,10.80,10.99
28-Jan-1983,9.47,10.21,10.71,10.90
27-Jan-1983,9.49,10.20,10.67,10.85
26-Jan-1983,9.52,10.23,10.69,10.92
25-Jan-1983,9.44,10.18,10.62,10.82
24-Jan-1983,9.54,10.26,10.70,10.88
21-Jan-1983,9.46,10.18,10.61,10.78
20-Jan-1983,9.26,9.94,10.43,10.66
19-Jan-1983,9.20,9.89,10.41,10.67
18-Jan-1983,9.14,9.79,10.30,10.56
17-Jan-1983,9.17,9.78,10.28,10.50
14-Jan-1983,9.09,9.78,10.28,10.50
13-Jan-1983,9.11,9.81,10.27,10.45
12-Jan-1983,9.22,9.92,10.32,10.46
11-Jan-1983,9.19,9.92,10.34,10.48
10-Jan-1983,9.24,9.96,10.38,10.51
07-Jan-1983,9.26,9.98,10.36,10.50
06-Jan-1983,9.39,10.05,10.39,10.50
05-Jan-1983,9.39,10.06,10.35,10.47
04-Jan-1983,9.43,10.07,10.37,10.45
03-Jan-1983,9.29,10.02,10.32,10.39
31-Dec-1982,9.48,10.09,10.36,10.43
30-Dec-1982,9.52,10.19,10.44,10.46
29-Dec-1982,9.54,10.19,10.47,10.49
28-Dec-1982,9.52,10.15,10.44,10.43
27-Dec-1982,9.54,10.15,10.44,10.44
23-Dec-1982,9.52,10.15,10.47,10.50
22-Dec-1982,9.55,10.22,10.53,10.55
21-Dec-1982,9.54,10.21,10.54,10.53
20-Dec-1982,9.67,10.31,10.70,10.77
17-Dec-1982,9.66,10.28,10.64,10.69
16-Dec-1982,9.59,10.24,10.59,10.66
15-Dec-1982,9.49,10.15,10.50,10.55
14-Dec-1982,9.54,10.13,10.46,10.48
13-Dec-1982,9.84,10.34,10.61,10.57
10-Dec-1982,9.87,10.37,10.66,10.63
09-Dec-1982,9.83,10.30,10.58,10.52
08-Dec-1982,9.85,10.25,10.62,10.54
07-Dec-1982,9.72,10.21,10.48,10.45
06-Dec-1982,9.73,10.17,10.46,10.41
03-Dec-1982,9.72,10.16,10.47,10.44
02-Dec-1982,9.89,10.29,10.68,10.63
01-Dec-1982,9.96,10.34,10.74,10.69
30-Nov-1982,9.96,10.37,10.79,10.70
29-Nov-1982,9.94,10.39,10.78,10.72
26-Nov-1982,9.76,10.19,10.51,10.47
24-Nov-1982,9.80,10.20,10.59,10.52
23-Nov-1982,9.73,10.19,10.53,10.46
22-Nov-1982,9.73,10.25,10.43,10.43
19-Nov-1982,9.79,10.36,10.42,10.35
18-Nov-1982,9.81,10.42,10.46,10.33
17-Nov-1982,9.90,10.55,10.59,10.54
16-Nov-1982,9.90,10.63,10.67,10.60
15-Nov-1982,9.91,10.60,10.65,10.52
12-Nov-1982,9.87,10.50,10.58,10.43
10-Nov-1982,9.77,10.38,10.48,10.37
09-Nov-1982,9.74,10.41,10.51,10.44
08-Nov-1982,9.81,10.46,10.55,10.61
05-Nov-1982,9.73,10.36,10.48,10.59
04-Nov-1982,9.64,10.28,10.42,10.66
03-Nov-1982,9.65,10.30,10.46,10.72
01-Nov-1982,9.68,10.41,10.56,10.84
29-Oct-1982,9.85,10.58,10.71,11.01
28-Oct-1982,9.89,10.61,10.77,11.12
27-Oct-1982,9.94,10.76,10.90,11.23
26-Oct-1982,9.89,10.74,10.87,11.17
25-Oct-1982,10.09,10.97,11.11,11.25
22-Oct-1982,9.87,10.66,10.81,11.03
21-Oct-1982,9.79,10.54,10.69,10.92
20-Oct-1982,9.72,10.52,10.69,10.91
19-Oct-1982,9.82,10.38,10.56,10.87
18-Oct-1982,9.80,10.42,10.58,10.90
15-Oct-1982,10.00,10.64,10.75,11.03
14-Oct-1982,9.84,10.52,10.61,10.86
13-Oct-1982,9.68,10.28,10.39,10.75
12-Oct-1982,9.69,10.40,10.53,10.85
08-Oct-1982,10.15,10.71,10.83,11.19
07-Oct-1982,10.46,10.81,10.91,11.29
06-Oct-1982,11.21,11.52,11.50,11.69
05-Oct-1982,11.42,11.70,11.69,11.81
04-Oct-1982,11.51,11.73,11.72,11.83
01-Oct-1982,11.13,11.50,11.51,11.65
30-Sep-1982,11.23,11.69,11.73,11.79
29-Sep-1982,11.38,11.76,11.80,11.79
28-Sep-1982,11.42,11.78,11.85,11.76
27-Sep-1982,11.69,11.95,11.99,11.82
24-Sep-1982,11.65,12.05,12.09,11.88
23-Sep-1982,11.50,11.92,11.94,11.75
22-Sep-1982,11.61,12.04,12.04,11.83
21-Sep-1982,11.68,12.13,12.18,11.82
20-Sep-1982,11.98,12.43,12.47,12.04
17-Sep-1982,11.96,12.39,12.51,12.12
16-Sep-1982,12.14,12.52,12.60,12.18
15-Sep-1982,12.16,12.56,12.60,12.25
14-Sep-1982,11.88,12.38,12.56,12.24
13-Sep-1982,11.93,12.52,12.63,12.26
10-Sep-1982,12.06,12.56,12.73,12.41
09-Sep-1982,11.87,12.41,12.53,12.21
08-Sep-1982,11.87,12.40,12.51,12.17
07-Sep-1982,11.80,12.36,12.53,12.19
03-Sep-1982,11.69,12.26,12.47,12.16
02-Sep-1982,11.95,12.52,12.60,12.30
01-Sep-1982,12.00,12.58,12.76,12.41
31-Aug-1982,11.99,12.65,12.81,12.50
30-Aug-1982,12.01,12.71,12.81,12.54
27-Aug-1982,11.93,12.65,12.77,12.54
26-Aug-1982,11.67,12.32,12.55,12.31
25-Aug-1982,11.66,12.26,12.43,12.21
24-Aug-1982,11.50,12.29,12.35,12.16
23-Aug-1982,11.57,12.39,12.47,12.29
20-Aug-1982,11.20,12.15,12.24,12.14
19-Aug-1982,11.61,12.42,12.47,12.31
18-Aug-1982,11.76,12.45,12.57,12.29
17-Aug-1982,11.83,12.61,12.65,12.42
16-Aug-1982,12.36,13.00,13.09,12.80
13-Aug-1982,12.75,13.24,13.20,12.98
12-Aug-1982,12.93,13.50,13.55,13.15
11-Aug-1982,13.15,13.74,13.71,13.26
10-Aug-1982,13.15,13.74,13.69,13.27
09-Aug-1982,13.08,13.72,13.70,13.31
06-Aug-1982,13.24,13.86,13.85,13.41
05-Aug-1982,13.08,13.68,13.70,13.29
04-Aug-1982,12.93,13.60,13.68,13.27
03-Aug-1982,12.90,13.52,13.51,13.27
02-Aug-1982,12.82,13.46,13.41,13.17
30-Jul-1982,13.17,13.73,13.68,13.42
29-Jul-1982,13.42,13.89,13.83,13.51
28-Jul-1982,13.45,14.00,13.97,13.60
27-Jul-1982,13.35,13.89,13.86,13.46
26-Jul-1982,13.33,13.92,13.91,13.48
23-Jul-1982,13.04,13.58,13.56,13.25
22-Jul-1982,13.04,13.55,13.51,13.20
21-Jul-1982,13.13,13.70,13.60,13.30
20-Jul-1982,13.27,13.65,13.53,13.24
19-Jul-1982,13.52,13.80,13.68,13.34
16-Jul-1982,13.71,13.86,13.70,13.35
15-Jul-1982,14.07,14.16,13.96,13.57
14-Jul-1982,14.23,14.27,14.10,13.68
13-Jul-1982,14.13,14.19,14.02,13.61
12-Jul-1982,13.86,14.01,13.87,13.46
09-Jul-1982,14.05,14.19,14.03,13.57
08-Jul-1982,14.26,14.33,14.19,13.70
07-Jul-1982,14.68,14.69,14.49,13.90
06-Jul-1982,14.72,14.69,14.48,14.00
02-Jul-1982,14.71,14.69,14.50,14.03
01-Jul-1982,14.60,14.62,14.40,13.90
30-Jun-1982,14.66,14.65,14.44,13.91
29-Jun-1982,14.83,14.80,14.61,14.11
28-Jun-1982,14.93,14.91,14.73,14.19
25-Jun-1982,14.98,14.93,14.76,14.24
24-Jun-1982,14.95,14.94,14.71,14.20
23-Jun-1982,14.97,14.95,14.74,14.26
22-Jun-1982,14.90,14.84,14.66,14.21
21-Jun-1982,14.92,14.85,14.63,14.15
18-Jun-1982,14.96,14.80,14.62,14.19
17-Jun-1982,14.79,14.61,14.48,14.10
16-Jun-1982,14.45,14.39,14.26,13.91
15-Jun-1982,14.41,14.31,14.21,13.87
14-Jun-1982,14.37,14.31,14.21,13.89
11-Jun-1982,14.08,14.00,13.93,13.61
10-Jun-1982,14.12,14.08,14.02,13.72
09-Jun-1982,14.11,14.06,13.99,13.71
08-Jun-1982,14.04,14.04,13.98,13.71
07-Jun-1982,13.97,14.00,13.94,13.66
04-Jun-1982,14.03,14.03,13.98,13.76
03-Jun-1982,13.90,13.94,13.90,13.66
02-Jun-1982,13.95,13.96,13.86,13.60
01-Jun-1982,13.92,13.98,13.93,13.66
28-May-1982,13.62,13.76,13.71,13.39
27-May-1982,13.63,13.79,13.72,13.36
26-May-1982,13.62,13.74,13.68,13.29
25-May-1982,13.68,13.73,13.62,13.20
24-May-1982,13.62,13.68,13.58,13.19
21-May-1982,13.57,13.66,13.52,13.17
20-May-1982,13.48,13.64,13.53,13.17
19-May-1982,13.78,13.81,13.64,13.30
18-May-1982,13.85,13.76,13.60,13.26
17-May-1982,13.85,13.71,13.57,13.29
14-May-1982,13.86,13.64,13.48,13.17
13-May-1982,13.95,13.84,13.62,13.25
12-May-1982,13.80,13.75,13.59,13.23
11-May-1982,13.73,13.64,13.46,13.08
10-May-1982,13.71,13.59,13.49,13.13
07-May-1982,13.67,13.64,13.48,13.08
06-May-1982,13.78,13.71,13.54,13.13
05-May-1982,14.04,13.95,13.80,13.34
04-May-1982,14.17,14.02,13.87,13.37
03-May-1982,14.13,14.02,13.95,13.45
30-Apr-1982,13.99,13.90,13.87,13.39
29-Apr-1982,14.02,13.95,13.87,13.38
28-Apr-1982,13.99,13.87,13.77,13.27
27-Apr-1982,13.95,13.80,13.70,13.19
26-Apr-1982,14.02,13.81,13.70,13.16
23-Apr-1982,14.02,13.84,13.69,13.18
22-Apr-1982,14.06,13.87,13.71,13.19
21-Apr-1982,14.04,13.81,13.69,13.22
20-Apr-1982,14.14,13.89,13.72,13.21
19-Apr-1982,14.18,13.83,13.66,13.13
16-Apr-1982,14.24,13.83,13.71,13.18
15-Apr-1982,14.39,14.05,13.91,13.32
14-Apr-1982,14.35,14.12,13.95,13.42
13-Apr-1982,14.17,13.99,13.83,13.32
12-Apr-1982,14.22,14.01,13.83,13.30
08-Apr-1982,14.28,14.11,13.98,13.48
07-Apr-1982,14.54,14.30,14.18,13.71
06-Apr-1982,14.42,14.30,14.18,13.73
05-Apr-1982,14.37,14.28,14.16,13.72
02-Apr-1982,14.44,14.26,14.10,13.61
01-Apr-1982,14.42,14.26,14.10,13.60
31-Mar-1982,14.52,14.39,14.18,13.68
30-Mar-1982,14.63,14.41,14.19,13.81
29-Mar-1982,14.53,14.39,14.16,13.79
26-Mar-1982,14.35,14.18,14.01,13.65
25-Mar-1982,14.24,14.09,13.90,13.49
24-Mar-1982,14.14,14.10,13.91,13.51
23-Mar-1982,14.07,13.89,13.72,13.36
22-Mar-1982,14.09,13.91,13.74,13.37
19-Mar-1982,14.35,14.06,13.89,13.56
18-Mar-1982,14.24,14.01,13.87,13.51
17-Mar-1982,14.15,14.00,13.88,13.52
16-Mar-1982,14.35,14.04,13.91,13.57
15-Mar-1982,14.43,14.11,13.96,13.56
12-Mar-1982,14.35,14.04,13.97,13.65
11-Mar-1982,14.25,14.03,13.95,13.65
10-Mar-1982,13.97,13.75,13.73,13.50
09-Mar-1982,13.93,13.72,13.69,13.43
08-Mar-1982,13.71,13.57,13.67,13.49
05-Mar-1982,13.79,13.57,13.59,13.35
04-Mar-1982,13.90,13.61,13.61,13.35
03-Mar-1982,14.09,13.77,13.69,13.39
02-Mar-1982,14.14,13.87,13.74,13.44
01-Mar-1982,14.25,13.97,13.85,13.63
26-Feb-1982,14.44,14.12,14.03,13.83
25-Feb-1982,14.25,14.01,13.91,13.72
24-Feb-1982,14.24,13.98,13.87,13.62
23-Feb-1982,14.33,14.03,13.93,13.73
22-Feb-1982,14.35,13.97,13.87,13.65
19-Feb-1982,14.94,14.44,14.24,14.02
18-Feb-1982,14.99,14.45,14.28,14.06
17-Feb-1982,15.18,14.73,14.50,14.30
16-Feb-1982,15.04,14.68,14.53,14.33
11-Feb-1982,15.07,14.80,14.71,14.54
10-Feb-1982,15.08,14.89,14.81,14.64
09-Feb-1982,15.15,15.02,14.95,14.80
08-Feb-1982,15.09,14.94,14.88,14.74
05-Feb-1982,14.89,14.72,14.65,14.43
04-Feb-1982,14.96,14.82,14.76,14.54
03-Feb-1982,14.93,14.73,14.69,14.41
02-Feb-1982,14.85,14.61,14.47,14.26
01-Feb-1982,15.04,14.79,14.58,14.33
29-Jan-1982,14.24,14.24,14.14,13.91
28-Jan-1982,14.33,14.33,14.29,13.98
27-Jan-1982,14.57,14.62,14.51,14.17
26-Jan-1982,14.70,14.63,14.54,14.19
25-Jan-1982,14.93,14.80,14.62,14.20
22-Jan-1982,15.06,14.85,14.69,14.24
21-Jan-1982,14.96,14.75,14.62,14.21
20-Jan-1982,15.02,14.90,14.81,14.32
19-Jan-1982,14.79,14.79,14.80,14.36
18-Jan-1982,14.83,14.77,14.75,14.27
15-Jan-1982,14.81,14.86,14.82,14.41
14-Jan-1982,14.71,14.69,14.70,14.31
13-Jan-1982,14.78,14.86,14.83,14.47
12-Jan-1982,14.49,14.70,14.62,14.27
11-Jan-1982,14.55,14.83,14.81,14.43
08-Jan-1982,14.11,14.47,14.48,14.13
07-Jan-1982,14.33,14.66,14.63,14.32
06-Jan-1982,14.19,14.60,14.59,14.28
05-Jan-1982,14.09,14.41,14.44,14.14
04-Jan-1982,13.87,14.15,14.19,13.87
31-Dec-1981,13.63,13.97,13.98,13.65
30-Dec-1981,13.90,14.06,14.17,13.86
29-Dec-1981,13.98,14.11,14.12,13.88
28-Dec-1981,14.02,14.01,14.01,13.72
24-Dec-1981,13.95,14.03,14.01,13.76
23-Dec-1981,14.12,14.20,14.14,13.85
22-Dec-1981,13.77,14.03,14.02,13.65
21-Dec-1981,13.61,13.87,13.83,13.55
18-Dec-1981,13.19,13.40,13.51,13.30
17-Dec-1981,13.37,13.55,13.71,13.48
16-Dec-1981,13.04,13.36,13.53,13.32
15-Dec-1981,13.10,13.35,13.55,13.30
14-Dec-1981,13.39,13.55,13.62,13.34
11-Dec-1981,13.35,13.73,13.84,13.55
10-Dec-1981,13.16,13.77,13.80,13.58
09-Dec-1981,12.87,13.40,13.64,13.39
08-Dec-1981,12.65,13.23,13.50,13.24
07-Dec-1981,12.58,13.22,13.50,13.26
04-Dec-1981,12.23,12.80,13.15,12.89
03-Dec-1981,12.88,13.21,13.45,13.16
02-Dec-1981,12.89,13.25,13.49,13.21
01-Dec-1981,12.71,13.11,13.37,13.06
30-Nov-1981,12.36,12.79,13.13,12.91
27-Nov-1981,12.11,12.58,12.92,12.76
25-Nov-1981,12.13,12.61,12.98,12.83
24-Nov-1981,12.15,12.75,13.13,13.03
23-Nov-1981,12.50,13.31,13.44,13.38
20-Nov-1981,12.21,13.01,13.14,13.08
19-Nov-1981,12.22,13.04,13.04,13.09
18-Nov-1981,12.19,13.11,13.00,13.05
17-Nov-1981,12.71,13.21,13.18,13.25
16-Nov-1981,12.69,13.21,13.07,13.11
13-Nov-1981,12.83,13.31,13.18,13.26
12-Nov-1981,12.77,13.23,13.19,13.21
10-Nov-1981,13.22,13.63,13.40,13.55
09-Nov-1981,13.17,13.54,13.39,13.56
06-Nov-1981,13.86,14.07,13.94,13.85
05-Nov-1981,14.20,14.43,14.19,14.06
04-Nov-1981,14.11,14.32,14.18,13.96
02-Nov-1981,14.44,14.61,14.57,14.41
30-Oct-1981,14.59,14.78,14.63,14.36
29-Oct-1981,15.07,15.20,15.06,14.66
28-Oct-1981,15.42,15.54,15.44,15.03
27-Oct-1981,15.56,15.62,15.54,15.09
26-Oct-1981,15.56,15.68,15.60,15.21
23-Oct-1981,15.41,15.46,15.30,14.81
22-Oct-1981,15.56,15.57,15.38,14.91
21-Oct-1981,15.55,15.55,15.34,14.94
20-Oct-1981,15.48,15.37,15.09,14.66
19-Oct-1981,15.48,15.29,14.95,14.52
16-Oct-1981,15.46,15.20,14.94,14.55
15-Oct-1981,15.31,15.12,14.88,14.39
14-Oct-1981,15.35,15.13,14.87,14.48
13-Oct-1981,15.25,15.12,14.83,14.36
09-Oct-1981,15.20,15.03,14.73,14.26
08-Oct-1981,15.79,15.41,15.00,14.44
07-Oct-1981,15.73,15.43,15.04,14.54
06-Oct-1981,15.85,15.53,15.14,14.60
05-Oct-1981,15.87,15.55,15.19,14.62
02-Oct-1981,16.34,15.83,15.41,14.80
01-Oct-1981,16.57,16.13,15.75,15.14
30-Sep-1981,16.69,16.27,15.84,15.19
29-Sep-1981,16.59,16.18,15.76,15.20
28-Sep-1981,16.57,16.13,15.65,15.01
25-Sep-1981,16.53,16.13,15.68,15.08
24-Sep-1981,16.17,15.83,15.31,14.69
23-Sep-1981,16.11,15.79,15.23,14.61
22-Sep-1981,16.04,15.61,15.03,14.33
21-Sep-1981,15.79,15.31,14.78,14.09
18-Sep-1981,16.02,15.55,14.91,14.22
17-Sep-1981,16.01,15.55,14.95,14.26
16-Sep-1981,16.09,15.75,15.11,14.42
15-Sep-1981,16.13,15.71,15.08,14.44
14-Sep-1981,16.43,15.93,15.20,14.51
11-Sep-1981,16.47,15.81,15.05,14.49
10-Sep-1981,16.72,16.01,15.30,14.68
09-Sep-1981,16.95,16.22,15.53,14.73
08-Sep-1981,16.95,16.23,15.59,14.99
04-Sep-1981,16.89,16.17,15.51,14.84
03-Sep-1981,16.90,16.14,15.48,14.82
02-Sep-1981,16.78,16.09,15.40,14.70
01-Sep-1981,16.78,16.12,15.41,14.70
31-Aug-1981,16.73,16.11,15.41,14.78
28-Aug-1981,16.57,16.01,15.25,14.49
27-Aug-1981,16.75,16.15,15.36,14.59
26-Aug-1981,16.69,15.99,15.31,14.60
25-Aug-1981,16.67,16.07,15.35,14.61
24-Aug-1981,16.86,16.00,15.32,14.57
21-Aug-1981,16.31,15.62,14.97,14.14
20-Aug-1981,16.25,15.63,14.89,14.08
19-Aug-1981,16.32,15.48,14.77,13.95
18-Aug-1981,16.30,15.45,14.79,13.95
17-Aug-1981,16.22,15.39,14.71,13.90
14-Aug-1981,16.19,15.34,14.74,13.95
13-Aug-1981,16.13,15.26,14.65,13.88
12-Aug-1981,16.02,15.12,14.61,13.82
11-Aug-1981,15.67,14.87,14.40,13.63
10-Aug-1981,15.83,15.08,14.65,13.88
07-Aug-1981,16.05,15.34,14.83,14.07
06-Aug-1981,16.03,15.31,14.86,14.04
05-Aug-1981,16.07,15.40,14.91,14.15
04-Aug-1981,16.16,15.60,14.95,14.17
03-Aug-1981,16.16,15.62,14.95,14.27
31-Jul-1981,15.84,15.24,14.67,13.96
30-Jul-1981,15.88,15.31,14.71,13.95
29-Jul-1981,15.76,15.21,14.61,13.92
28-Jul-1981,15.78,15.04,14.53,13.80
27-Jul-1981,15.57,14.87,14.43,13.70
24-Jul-1981,15.64,14.96,14.41,13.65
23-Jul-1981,15.85,15.17,14.57,13.80
22-Jul-1981,15.95,15.24,14.63,13.87
21-Jul-1981,16.00,15.23,14.61,13.84
20-Jul-1981,15.96,15.25,14.59,13.87
17-Jul-1981,15.07,14.53,14.09,13.40
16-Jul-1981,15.11,14.59,14.11,13.44
15-Jul-1981,15.03,14.55,14.07,13.35
14-Jul-1981,15.07,14.55,14.15,13.49
13-Jul-1981,14.83,14.41,13.99,13.33
10-Jul-1981,14.88,14.45,13.94,13.25
09-Jul-1981,15.14,14.60,14.12,13.47
08-Jul-1981,15.02,14.57,14.11,13.43
07-Jul-1981,14.92,14.49,14.04,13.42
06-Jul-1981,14.68,14.27,13.81,13.19
02-Jul-1981,14.87,14.38,13.95,13.35
01-Jul-1981,14.94,14.47,14.04,13.47
30-Jun-1981,14.66,14.25,13.86,13.30
29-Jun-1981,14.48,14.01,13.68,13.11
26-Jun-1981,14.59,14.09,13.69,13.14
25-Jun-1981,14.65,14.08,13.70,13.14
24-Jun-1981,14.71,14.10,13.66,13.10
23-Jun-1981,14.59,14.00,13.56,12.99
22-Jun-1981,14.49,13.96,13.44,12.86
19-Jun-1981,14.65,14.07,13.46,12.90
18-Jun-1981,14.66,14.10,13.57,12.98
17-Jun-1981,14.37,13.71,13.23,12.73
16-Jun-1981,14.11,13.58,13.08,12.59
15-Jun-1981,14.03,13.57,13.09,12.61
12-Jun-1981,14.44,13.87,13.35,12.84
11-Jun-1981,14.40,13.84,13.32,12.84
10-Jun-1981,14.31,13.78,13.31,12.82
09-Jun-1981,14.41,13.87,13.37,12.89
08-Jun-1981,14.31,13.78,13.36,12.87
05-Jun-1981,14.73,14.10,13.56,13.11
04-Jun-1981,14.76,14.10,13.51,13.04
03-Jun-1981,14.65,14.05,13.55,13.08
02-Jun-1981,14.66,14.07,13.58,13.13
01-Jun-1981,14.47,13.99,13.46,13.06
29-May-1981,14.40,13.99,13.50,13.06
28-May-1981,14.79,13.99,13.56,13.10
27-May-1981,15.14,14.24,13.71,13.27
26-May-1981,15.09,14.13,13.67,13.22
22-May-1981,15.48,14.39,13.82,13.36
21-May-1981,15.75,14.77,14.05,13.53
20-May-1981,15.63,14.71,14.00,13.45
19-May-1981,15.47,14.59,13.95,13.47
18-May-1981,15.19,14.22,13.80,13.31
15-May-1981,15.55,14.59,14.07,13.58
14-May-1981,15.80,14.84,14.24,13.66
13-May-1981,15.94,15.05,14.49,13.95
12-May-1981,15.93,15.06,14.46,13.95
11-May-1981,15.74,14.87,14.34,13.89
08-May-1981,15.69,14.66,14.23,13.76
07-May-1981,15.69,14.83,14.33,13.84
06-May-1981,15.83,15.02,14.56,13.97
05-May-1981,15.94,15.35,14.69,14.11
04-May-1981,15.37,14.83,14.47,13.98
01-May-1981,14.72,14.37,14.05,13.59
30-Apr-1981,14.84,14.45,14.11,13.65
29-Apr-1981,14.67,14.37,14.05,13.50
28-Apr-1981,14.65,14.28,13.93,13.39
27-Apr-1981,14.73,14.31,13.92,13.38
24-Apr-1981,14.66,14.24,13.88,13.35
23-Apr-1981,14.51,14.18,13.80,13.28
22-Apr-1981,14.41,14.13,13.78,13.25
21-Apr-1981,14.34,14.07,13.73,13.20
20-Apr-1981,14.33,14.10,13.69,13.17
16-Apr-1981,14.23,14.08,13.79,13.32
15-Apr-1981,14.19,14.05,13.74,13.29
14-Apr-1981,13.92,13.89,13.58,13.13
13-Apr-1981,14.05,14.01,13.68,13.23
10-Apr-1981,13.90,13.84,13.59,13.15
09-Apr-1981,13.87,13.77,13.45,13.02
08-Apr-1981,13.89,13.85,13.61,13.15
07-Apr-1981,13.70,13.74,13.41,12.99
06-Apr-1981,14.13,14.01,13.74,13.28
03-Apr-1981,13.57,13.62,13.40,12.94
02-Apr-1981,13.40,13.46,13.25,12.80
01-Apr-1981,13.19,13.36,13.14,12.65
31-Mar-1981,13.17,13.39,13.13,12.65
30-Mar-1981,13.32,13.48,13.22,12.80
27-Mar-1981,13.67,13.68,13.36,12.93
26-Mar-1981,13.62,13.63,13.34,12.92
25-Mar-1981,13.51,13.51,13.21,12.77
24-Mar-1981,13.55,13.57,13.30,12.84
23-Mar-1981,13.36,13.38,13.13,12.71
20-Mar-1981,12.88,13.01,12.77,12.34
19-Mar-1981,12.84,12.95,12.67,12.28
18-Mar-1981,12.75,12.80,12.58,12.16
17-Mar-1981,13.20,12.97,12.68,12.25
16-Mar-1981,13.30,13.15,12.85,12.41
13-Mar-1981,13.45,13.18,12.86,12.42
12-Mar-1981,13.70,13.33,13.03,12.59
11-Mar-1981,13.79,13.40,13.12,12.74
10-Mar-1981,13.74,13.37,13.08,12.69
09-Mar-1981,13.84,13.39,13.09,12.64
06-Mar-1981,13.91,13.49,13.20,12.73
05-Mar-1981,14.17,13.78,13.43,13.00
04-Mar-1981,14.21,13.82,13.45,13.03
03-Mar-1981,14.13,13.78,13.43,13.00
02-Mar-1981,14.40,13.92,13.62,13.19
27-Feb-1981,14.08,13.76,13.43,12.97
26-Feb-1981,14.10,13.80,13.47,12.98
25-Feb-1981,14.00,13.61,13.29,12.89
24-Feb-1981,14.00,13.51,13.21,12.81
23-Feb-1981,13.92,13.49,13.19,12.81
20-Feb-1981,13.55,13.10,12.90,12.54
19-Feb-1981,13.72,13.25,13.09,12.71
18-Feb-1981,13.98,13.45,13.30,12.88
17-Feb-1981,13.97,13.46,13.33,12.93
13-Feb-1981,14.45,13.84,13.65,13.20
11-Feb-1981,14.34,13.66,13.42,13.01
10-Feb-1981,14.10,13.50,13.27,12.92
09-Feb-1981,13.97,13.35,13.21,12.81
06-Feb-1981,13.89,13.23,13.09,12.73
05-Feb-1981,13.63,13.10,12.95,12.70
04-Feb-1981,13.63,13.09,12.86,12.49
03-Feb-1981,13.70,13.20,12.98,12.61
02-Feb-1981,13.51,13.02,12.86,12.45
30-Jan-1981,13.26,12.80,12.68,12.28
29-Jan-1981,13.42,12.89,12.80,12.38
28-Jan-1981,13.48,12.94,12.77,12.33
27-Jan-1981,13.40,12.92,12.73,12.31
26-Jan-1981,13.40,12.89,12.70,12.28
23-Jan-1981,13.74,13.10,12.84,12.38
22-Jan-1981,13.83,13.16,12.87,12.46
21-Jan-1981,13.79,13.08,12.77,12.33
20-Jan-1981,13.48,12.77,12.50,12.11
19-Jan-1981,13.62,12.92,12.64,12.25
16-Jan-1981,13.08,12.66,12.53,12.13
15-Jan-1981,13.25,12.77,12.62,12.25
14-Jan-1981,12.95,12.61,12.53,12.07
13-Jan-1981,13.30,12.68,12.53,12.08
12-Jan-1981,13.17,12.71,12.45,12.08
09-Jan-1981,13.53,12.88,12.57,12.13
08-Jan-1981,13.09,12.68,12.35,11.91
07-Jan-1981,12.92,12.61,12.38,11.89
06-Jan-1981,12.42,12.21,12.11,11.67
05-Jan-1981,12.28,12.29,12.15,11.67
02-Jan-1981,13.10,12.61,12.42,12.01
31-Dec-1980,13.06,12.59,12.43,11.98
30-Dec-1980,12.97,12.55,12.39,11.96
29-Dec-1980,12.87,12.41,12.20,11.84
26-Dec-1980,12.95,12.53,12.25,11.84
24-Dec-1980,13.37,12.61,12.42,11.95
23-Dec-1980,13.04,12.50,12.35,11.93
22-Dec-1980,13.24,12.34,12.14,11.75
19-Dec-1980,14.05,13.02,12.64,12.22
18-Dec-1980,14.89,13.79,13.22,12.62
17-Dec-1980,14.98,13.87,13.28,12.74
16-Dec-1980,15.12,14.04,13.51,12.95
15-Dec-1980,14.83,13.75,13.25,12.85
12-Dec-1980,14.74,13.63,13.21,12.82
11-Dec-1980,14.97,14.04,13.57,13.17
10-Dec-1980,14.59,13.63,13.15,12.80
09-Dec-1980,14.54,13.61,13.10,12.68
08-Dec-1980,14.45,13.51,12.91,12.42
05-Dec-1980,14.34,13.45,12.85,12.33
04-Dec-1980,14.15,13.43,12.91,12.43
03-Dec-1980,14.04,13.42,12.92,12.41
02-Dec-1980,14.25,13.37,12.95,12.50
01-Dec-1980,14.25,13.35,12.92,12.51
28-Nov-1980,14.13,13.14,12.72,12.32
26-Nov-1980,14.00,13.01,12.65,12.27
25-Nov-1980,13.99,13.07,12.74,12.30
24-Nov-1980,13.88,13.00,12.76,12.31
21-Nov-1980,13.83,12.97,12.80,12.37
20-Nov-1980,13.53,12.68,12.59,12.22
19-Nov-1980,13.37,12.60,12.51,12.19
18-Nov-1980,13.47,12.67,12.62,12.29
17-Nov-1980,13.71,12.95,12.95,12.60
14-Nov-1980,13.25,12.70,12.79,12.45
13-Nov-1980,12.89,12.38,12.49,12.23
12-Nov-1980,12.86,12.39,12.47,12.26
10-Nov-1980,13.29,12.88,12.78,12.71
07-Nov-1980,13.36,12.87,12.66,12.59
06-Nov-1980,13.57,13.19,13.04,12.59
05-Nov-1980,13.38,12.95,12.61,12.36
03-Nov-1980,13.23,12.74,12.46,12.22
31-Oct-1980,13.08,12.74,12.46,12.23
30-Oct-1980,13.04,12.71,12.48,12.28
29-Oct-1980,12.98,12.75,12.48,12.21
28-Oct-1980,12.91,12.56,12.32,12.14
27-Oct-1980,12.73,12.32,12.13,11.96
24-Oct-1980,12.25,11.89,11.74,11.61
23-Oct-1980,12.31,11.95,11.82,11.68
22-Oct-1980,12.31,12.07,11.88,11.74
21-Oct-1980,12.11,11.81,11.70,11.53
20-Oct-1980,12.00,11.72,11.64,11.44
17-Oct-1980,11.91,11.69,11.62,11.44
16-Oct-1980,11.69,11.55,11.47,11.27
15-Oct-1980,11.58,11.44,11.29,11.11
14-Oct-1980,11.67,11.50,11.37,11.16
10-Oct-1980,11.64,11.55,11.44,11.26
09-Oct-1980,11.60,11.45,11.39,11.21
08-Oct-1980,11.69,11.55,11.51,11.38
07-Oct-1980,11.44,11.40,11.43,11.30
06-Oct-1980,11.41,11.35,11.35,11.26
03-Oct-1980,11.51,11.35,11.40,11.33
02-Oct-1980,12.06,11.83,11.83,11.66
01-Oct-1980,12.02,11.77,11.78,11.69
30-Sep-1980,12.13,11.88,11.86,11.70
29-Sep-1980,12.38,12.19,12.07,11.93
26-Sep-1980,12.40,12.17,11.99,11.81
25-Sep-1980,12.11,12.04,11.91,11.66
24-Sep-1980,11.98,11.96,11.75,11.53
23-Sep-1980,12.00,11.97,11.76,11.53
22-Sep-1980,12.00,11.92,11.69,11.60
19-Sep-1980,11.59,11.53,11.33,11.25
18-Sep-1980,11.84,11.75,11.53,11.35
17-Sep-1980,11.79,11.73,11.57,11.41
16-Sep-1980,11.68,11.63,11.52,11.33
15-Sep-1980,11.79,11.75,11.62,11.38
12-Sep-1980,11.40,11.41,11.37,11.18
11-Sep-1980,11.27,11.37,11.32,11.15
10-Sep-1980,11.03,11.19,11.14,11.02
09-Sep-1980,11.13,11.27,11.19,11.05
08-Sep-1980,11.11,11.30,11.29,11.15
05-Sep-1980,10.89,11.19,11.21,11.06
04-Sep-1980,10.77,11.15,11.16,11.02
03-Sep-1980,10.73,11.13,11.08,10.94
02-Sep-1980,11.05,11.45,11.32,11.08
29-Aug-1980,11.36,11.66,11.55,11.27
28-Aug-1980,11.77,11.92,11.89,11.43
27-Aug-1980,11.52,11.76,11.67,11.33
26-Aug-1980,11.34,11.55,11.42,11.18
25-Aug-1980,11.34,11.55,11.40,11.18
22-Aug-1980,11.09,11.26,11.13,11.01
21-Aug-1980,11.27,11.39,11.30,11.15
20-Aug-1980,11.11,11.29,11.22,11.13
19-Aug-1980,10.91,11.11,11.24,11.16
18-Aug-1980,10.77,10.99,11.13,11.02
15-Aug-1980,10.12,10.48,10.86,10.83
14-Aug-1980,10.07,10.48,10.90,10.90
13-Aug-1980,10.03,10.46,10.89,10.93
12-Aug-1980,10.03,10.48,10.98,11.01
11-Aug-1980,10.07,10.47,11.03,11.05
08-Aug-1980,9.81,10.22,10.87,10.90
07-Aug-1980,9.67,10.10,10.71,10.68
06-Aug-1980,9.69,10.19,10.80,10.73
05-Aug-1980,9.67,10.06,10.70,10.69
04-Aug-1980,9.66,10.04,10.69,10.68
01-Aug-1980,9.78,10.16,10.76,10.76
31-Jul-1980,9.72,10.09,10.76,10.80
30-Jul-1980,9.33,9.81,10.53,10.51
29-Jul-1980,9.28,9.77,10.45,10.40
28-Jul-1980,9.24,9.77,10.46,10.42
25-Jul-1980,9.15,9.59,10.35,10.33
24-Jul-1980,9.05,9.51,10.24,10.24
23-Jul-1980,8.95,9.40,10.12,10.15
22-Jul-1980,9.02,9.41,10.18,10.18
21-Jul-1980,8.93,9.38,10.13,10.11
18-Jul-1980,8.93,9.42,10.20,10.19
17-Jul-1980,8.89,9.43,10.21,10.15
16-Jul-1980,8.79,9.34,10.07,10.05
15-Jul-1980,8.98,9.45,10.17,10.19
14-Jul-1980,9.16,9.56,10.33,10.36
11-Jul-1980,8.97,9.56,10.28,10.30
10-Jul-1980,8.90,9.47,10.21,10.21
09-Jul-1980,8.83,9.41,10.14,10.14
08-Jul-1980,8.80,9.37,10.09,10.06
07-Jul-1980,8.94,9.49,10.20,10.22
03-Jul-1980,8.77,9.36,10.01,10.00
02-Jul-1980,9.01,9.49,10.19,10.12
01-Jul-1980,9.01,9.55,10.13,10.12
30-Jun-1980,8.97,9.48,10.09,9.99
27-Jun-1980,8.94,9.45,10.04,9.97
26-Jun-1980,8.80,9.33,9.87,9.91
25-Jun-1980,8.73,9.23,9.79,9.79
24-Jun-1980,8.64,9.13,9.68,9.70
23-Jun-1980,8.59,9.02,9.63,9.66
20-Jun-1980,8.43,8.86,9.49,9.50
19-Jun-1980,8.68,8.96,9.56,9.57
18-Jun-1980,8.58,8.96,9.56,9.60
17-Jun-1980,8.36,8.86,9.49,9.52
16-Jun-1980,8.38,8.87,9.47,9.49
13-Jun-1980,8.39,8.86,9.51,9.49
12-Jun-1980,8.46,8.93,9.53,9.60
11-Jun-1980,8.65,9.17,9.70,9.79
10-Jun-1980,8.79,9.27,9.83,9.88
09-Jun-1980,8.61,9.17,9.73,9.75
06-Jun-1980,8.72,9.25,9.81,9.87
05-Jun-1980,8.97,9.46,10.02,10.08
04-Jun-1980,9.06,9.55,10.07,10.18
03-Jun-1980,9.20,9.66,10.16,10.29
02-Jun-1980,9.34,9.97,10.31,10.45
30-May-1980,9.25,9.87,10.25,10.37
29-May-1980,9.16,9.88,10.24,10.32
28-May-1980,9.04,9.78,10.10,10.22
27-May-1980,8.82,9.63,9.96,10.10
23-May-1980,8.73,9.61,9.85,10.09
22-May-1980,9.13,9.89,10.10,10.34
21-May-1980,9.14,9.85,10.08,10.31
20-May-1980,9.26,9.89,10.22,10.47
19-May-1980,9.78,10.20,10.53,10.68
16-May-1980,9.76,10.09,10.37,10.53
15-May-1980,9.48,9.97,10.31,10.46
14-May-1980,9.27,9.84,10.14,10.26
13-May-1980,9.38,9.79,10.13,10.29
12-May-1980,9.52,9.99,10.30,10.44
09-May-1980,9.85,10.08,10.30,10.41
08-May-1980,9.48,9.97,10.18,10.34
07-May-1980,9.41,9.85,9.96,10.19
06-May-1980,9.40,9.71,9.80,10.23
05-May-1980,9.85,10.08,10.18,10.35
02-May-1980,10.04,10.17,10.24,10.47
01-May-1980,10.70,10.72,10.57,10.72
30-Apr-1980,10.81,10.82,10.76,10.89
29-Apr-1980,10.74,10.73,10.67,10.89
28-Apr-1980,10.74,10.73,10.63,10.86
25-Apr-1980,11.39,11.14,10.95,11.18
24-Apr-1980,11.42,11.15,10.96,11.13
23-Apr-1980,11.38,11.03,10.89,11.02
22-Apr-1980,11.43,10.97,10.82,10.94
21-Apr-1980,11.56,11.10,10.90,10.96
18-Apr-1980,11.76,11.24,11.05,10.98
17-Apr-1980,11.97,11.52,11.13,10.99
16-Apr-1980,11.97,11.43,10.90,10.91
15-Apr-1980,12.72,12.02,11.57,11.47
14-Apr-1980,12.96,12.15,11.62,11.50
11-Apr-1980,13.22,12.30,11.79,11.53
10-Apr-1980,13.57,12.61,12.06,11.74
09-Apr-1980,13.54,12.59,12.06,11.79
08-Apr-1980,13.89,12.64,12.21,11.85
07-Apr-1980,13.85,12.70,12.13,11.87
03-Apr-1980,14.51,13.19,12.52,12.27
02-Apr-1980,14.52,13.27,12.63,12.28
01-Apr-1980,14.59,13.39,12.69,12.35
31-Mar-1980,14.63,13.31,12.64,12.31
28-Mar-1980,14.89,13.50,12.72,12.35
27-Mar-1980,15.11,13.75,12.97,12.50
26-Mar-1980,15.26,13.87,13.03,12.56
25-Mar-1980,15.19,14.00,13.10,12.67
24-Mar-1980,15.36,14.03,13.17,12.69
21-Mar-1980,15.02,13.51,12.75,12.28
20-Mar-1980,15.03,13.32,12.62,12.22
19-Mar-1980,14.33,13.00,12.35,11.97
18-Mar-1980,14.42,13.01,12.40,12.00
17-Mar-1980,14.82,13.22,12.58,12.20
14-Mar-1980,14.80,13.21,12.52,12.21
13-Mar-1980,14.69,13.20,12.50,12.19
12-Mar-1980,14.74,13.27,12.62,12.39
11-Mar-1980,14.43,13.03,12.41,12.12
10-Mar-1980,14.71,13.37,12.63,12.25
07-Mar-1980,15.20,13.64,12.86,12.50
06-Mar-1980,15.27,13.80,13.13,12.64
05-Mar-1980,14.99,13.68,13.03,12.40
04-Mar-1980,14.86,13.61,12.91,12.35
03-Mar-1980,14.83,13.53,12.79,12.32
29-Feb-1980,14.73,13.48,12.72,12.25
28-Feb-1980,14.41,13.42,12.92,12.29
27-Feb-1980,14.82,14.08,13.46,12.76
26-Feb-1980,14.91,14.12,13.65,12.85
25-Feb-1980,14.62,13.70,13.27,12.69
22-Feb-1980,14.52,13.38,13.06,12.59
21-Feb-1980,14.51,13.50,13.22,12.77
20-Feb-1980,14.03,13.10,12.84,12.56
19-Feb-1980,13.96,12.88,12.85,12.61
15-Feb-1980,13.13,12.26,12.20,12.11
14-Feb-1980,12.60,11.93,11.97,11.90
13-Feb-1980,12.52,11.86,11.86,11.82
11-Feb-1980,12.60,11.91,12.01,11.94
08-Feb-1980,12.31,11.76,11.80,11.72
07-Feb-1980,12.21,11.61,11.71,11.70
06-Feb-1980,12.42,11.86,11.92,11.78
05-Feb-1980,12.49,11.80,11.73,11.64
04-Feb-1980,12.12,11.38,11.40,11.32
01-Feb-1980,12.04,11.30,11.29,11.23
31-Jan-1980,11.75,11.11,11.13,11.09
30-Jan-1980,11.84,11.12,11.16,11.11
29-Jan-1980,11.88,11.14,11.21,11.12
28-Jan-1980,11.79,11.08,11.15,11.03
25-Jan-1980,11.82,11.04,11.10,11.00
24-Jan-1980,11.68,10.90,11.01,10.87
23-Jan-1980,11.53,10.76,10.82,10.68
22-Jan-1980,11.56,10.80,10.85,10.69
21-Jan-1980,11.58,10.86,10.96,10.77
18-Jan-1980,11.52,10.74,10.82,10.61
17-Jan-1980,11.37,10.62,10.71,10.47
16-Jan-1980,11.30,10.60,10.65,10.41
15-Jan-1980,11.32,10.61,10.65,10.40
14-Jan-1980,11.35,10.61,10.70,10.40
11-Jan-1980,11.33,10.61,10.68,10.38
10-Jan-1980,11.18,10.47,10.51,10.26
09-Jan-1980,11.24,10.53,10.58,10.29
08-Jan-1980,11.26,10.52,10.57,10.28
07-Jan-1980,11.35,10.56,10.63,10.35
04-Jan-1980,11.47,10.62,10.66,10.34
03-Jan-1980,11.45,10.54,10.60,10.31
02-Jan-1980,11.39,10.52,10.50,10.23
31-Dec-1979,11.23,10.38,10.33,10.11
28-Dec-1979,11.30,10.50,10.41,10.16
27-Dec-1979,11.39,10.54,10.46,10.19
26-Dec-1979,11.43,10.52,10.48,10.20
24-Dec-1979,11.44,10.49,10.45,10.17
21-Dec-1979,11.42,10.48,10.39,10.17
20-Dec-1979,11.40,10.40,10.38,10.13
19-Dec-1979,11.38,10.33,10.33,10.09
18-Dec-1979,11.31,10.33,10.34,10.11
17-Dec-1979,11.45,10.39,10.42,10.14
14-Dec-1979,11.47,10.40,10.45,10.17
13-Dec-1979,11.67,10.51,10.51,10.23
12-Dec-1979,11.85,10.60,10.58,10.27
11-Dec-1979,11.60,10.47,10.46,10.18
10-Dec-1979,11.25,10.29,10.27,10.03
07-Dec-1979,11.21,10.29,10.30,10.04
06-Dec-1979,11.08,10.20,10.13,9.93
05-Dec-1979,11.21,10.31,10.27,10.01
04-Dec-1979,11.30,10.40,10.32,10.04
03-Dec-1979,11.42,10.48,10.44,10.11
30-Nov-1979,11.33,10.44,10.38,10.09
29-Nov-1979,11.23,10.42,10.34,10.06
28-Nov-1979,11.23,10.46,10.37,10.09
27-Nov-1979,11.11,10.28,10.24,10.02
26-Nov-1979,11.44,10.52,10.37,10.10
23-Nov-1979,11.69,10.76,10.51,10.21
21-Nov-1979,12.17,11.17,10.73,10.36
20-Nov-1979,12.12,11.22,10.78,10.39
19-Nov-1979,12.08,11.19,10.80,10.42
16-Nov-1979,11.97,11.08,10.77,10.41
15-Nov-1979,11.68,10.86,10.62,10.30
14-Nov-1979,11.82,10.98,10.75,10.40
13-Nov-1979,11.64,10.86,10.63,10.32
09-Nov-1979,11.78,10.96,10.68,10.34
08-Nov-1979,12.29,11.28,10.96,10.51
07-Nov-1979,12.36,11.35,11.00,10.53
05-Nov-1979,12.15,11.25,10.85,10.42
02-Nov-1979,12.19,11.24,10.84,10.44
01-Nov-1979,12.08,11.26,10.79,10.30
31-Oct-1979,12.06,11.20,10.72,10.19
30-Oct-1979,12.12,11.27,10.75,10.17
29-Oct-1979,12.19,11.27,10.78,10.22
26-Oct-1979,12.05,11.11,10.67,10.12
25-Oct-1979,12.59,11.50,10.98,10.31
24-Oct-1979,12.52,11.36,10.83,10.20
23-Oct-1979,12.63,11.48,11.02,10.33
22-Oct-1979,12.43,11.40,10.96,10.29
19-Oct-1979,12.15,11.09,10.68,10.07
18-Oct-1979,11.75,10.74,10.41,9.91
17-Oct-1979,11.40,10.51,10.20,9.75
16-Oct-1979,11.39,10.56,10.27,9.82
15-Oct-1979,11.39,10.60,10.31,9.84
12-Oct-1979,11.17,10.45,10.15,9.76
11-Oct-1979,11.26,10.45,10.17,9.77
10-Oct-1979,11.40,10.48,10.09,9.69
09-Oct-1979,11.12,10.29,9.93,9.61
05-Oct-1979,10.39,9.74,9.60,9.36
04-Oct-1979,10.34,9.67,9.58,9.34
03-Oct-1979,10.14,9.55,9.50,9.30
02-Oct-1979,10.14,9.54,9.47,9.28
01-Oct-1979,10.14,9.55,9.51,9.32
28-Sep-1979,10.10,9.48,9.44,9.25
27-Sep-1979,10.11,9.50,9.44,9.25
26-Sep-1979,10.02,9.45,9.36,9.20
25-Sep-1979,10.01,9.40,9.32,9.16
24-Sep-1979,10.01,9.41,9.34,9.17
21-Sep-1979,10.00,9.38,9.26,9.11
20-Sep-1979,10.03,9.38,9.29,9.13
19-Sep-1979,10.08,9.38,9.31,9.16
18-Sep-1979,10.14,9.45,9.36,9.19
17-Sep-1979,10.13,9.44,9.37,9.19
14-Sep-1979,10.02,9.36,9.29,9.13
13-Sep-1979,10.10,9.41,9.34,9.17
12-Sep-1979,10.04,9.36,9.30,9.15
11-Sep-1979,10.00,9.27,9.25,9.13
10-Sep-1979,10.13,9.42,9.36,9.19
07-Sep-1979,10.10,9.41,9.34,9.18
06-Sep-1979,10.03,9.42,9.35,9.16
05-Sep-1979,10.02,9.42,9.32,9.15
04-Sep-1979,10.00,9.42,9.32,9.14
31-Aug-1979,9.84,9.36,9.24,9.09
30-Aug-1979,9.77,9.32,9.21,9.07
29-Aug-1979,9.73,9.25,9.14,9.02
28-Aug-1979,9.73,9.23,9.15,9.03
27-Aug-1979,9.68,9.18,9.12,9.03
24-Aug-1979,9.72,9.19,9.14,9.05
23-Aug-1979,9.63,9.11,9.05,9.00
22-Aug-1979,9.55,9.11,9.04,8.99
21-Aug-1979,9.51,9.09,9.04,8.99
20-Aug-1979,9.45,9.05,9.02,8.96
17-Aug-1979,9.44,9.03,9.01,8.95
16-Aug-1979,9.39,9.02,9.00,8.95
15-Aug-1979,9.41,9.02,9.00,8.96
14-Aug-1979,9.32,8.98,8.98,8.95
13-Aug-1979,9.34,9.00,9.00,8.97
10-Aug-1979,9.33,8.99,9.00,8.97
09-Aug-1979,9.27,8.96,8.97,8.95
08-Aug-1979,9.25,8.92,8.93,8.91
07-Aug-1979,9.22,8.90,8.91,8.90
06-Aug-1979,9.27,8.90,8.91,8.92
03-Aug-1979,9.27,8.92,8.92,8.94
02-Aug-1979,9.20,8.90,8.91,8.92
01-Aug-1979,9.23,8.96,8.99,8.97
31-Jul-1979,9.31,8.99,9.01,8.99
30-Jul-1979,9.32,9.01,9.03,9.01
27-Jul-1979,9.38,9.01,9.02,9.01
26-Jul-1979,9.25,8.94,8.97,8.98
25-Jul-1979,9.36,8.98,8.99,8.97
24-Jul-1979,9.33,9.01,9.06,9.01
23-Jul-1979,9.28,8.98,9.03,8.99
20-Jul-1979,9.24,8.96,8.98,8.95
19-Jul-1979,9.14,8.96,9.04,8.99
18-Jul-1979,9.10,8.93,9.03,8.99
17-Jul-1979,9.10,8.93,9.01,8.97
16-Jul-1979,9.08,8.92,8.99,8.95
13-Jul-1979,9.01,8.88,8.94,8.91
12-Jul-1979,9.01,8.88,8.95,8.91
11-Jul-1979,9.04,8.88,8.97,8.93
10-Jul-1979,9.04,8.85,8.92,8.89
09-Jul-1979,9.04,8.82,8.86,8.86
06-Jul-1979,9.00,8.78,8.82,8.83
05-Jul-1979,8.98,8.73,8.80,8.82
03-Jul-1979,8.95,8.71,8.77,8.81
02-Jul-1979,8.93,8.70,8.76,8.80
29-Jun-1979,8.97,8.74,8.81,8.83
28-Jun-1979,8.95,8.71,8.80,8.84
27-Jun-1979,8.92,8.72,8.80,8.83
26-Jun-1979,8.97,8.76,8.82,8.84
25-Jun-1979,9.20,8.89,8.93,8.92
22-Jun-1979,9.27,8.94,8.98,8.95
21-Jun-1979,9.25,8.88,8.93,8.92
20-Jun-1979,9.25,8.87,8.94,8.92
19-Jun-1979,9.24,8.88,8.95,8.94
18-Jun-1979,9.26,8.86,8.95,8.93
15-Jun-1979,9.24,8.90,8.96,8.94
14-Jun-1979,9.12,8.79,8.87,8.89
13-Jun-1979,9.08,8.75,8.83,8.87
12-Jun-1979,9.05,8.71,8.79,8.84
11-Jun-1979,9.27,8.87,8.94,8.94
08-Jun-1979,9.25,8.84,8.90,8.91
07-Jun-1979,9.29,8.82,8.89,8.90
06-Jun-1979,9.43,8.91,8.97,9.00
05-Jun-1979,9.50,8.97,9.02,9.04
04-Jun-1979,9.56,9.01,9.06,9.07
01-Jun-1979,9.56,9.01,9.05,9.07
31-May-1979,9.56,9.04,9.06,9.08
29-May-1979,9.50,8.99,9.01,9.03
25-May-1979,9.50,8.98,9.01,9.03
24-May-1979,9.58,9.02,9.06,9.07
23-May-1979,9.65,9.05,9.07,9.09
22-May-1979,9.69,9.14,9.15,9.16
21-May-1979,9.75,9.22,9.24,9.20
18-May-1979,9.71,9.20,9.23,9.18
17-May-1979,9.72,9.22,9.24,9.20
16-May-1979,9.84,9.30,9.31,9.22
15-May-1979,9.87,9.32,9.32,9.24
14-May-1979,9.87,9.30,9.30,9.22
11-May-1979,9.90,9.33,9.34,9.26
10-May-1979,9.92,9.37,9.36,9.27
09-May-1979,9.90,9.35,9.36,9.26
08-May-1979,9.91,9.36,9.38,9.28
07-May-1979,9.91,9.36,9.39,9.28
04-May-1979,9.93,9.38,9.39,9.29
03-May-1979,9.93,9.36,9.38,9.27
02-May-1979,9.91,9.34,9.34,9.22
01-May-1979,9.91,9.35,9.36,9.21
30-Apr-1979,9.91,9.35,9.35,9.22
27-Apr-1979,9.93,9.33,9.32,9.19
26-Apr-1979,9.80,9.28,9.27,9.18
25-Apr-1979,9.77,9.26,9.23,9.13
24-Apr-1979,9.75,9.29,9.24,9.14
23-Apr-1979,9.73,9.26,9.21,9.13
20-Apr-1979,9.73,9.26,9.19,9.11
19-Apr-1979,9.68,9.20,9.15,9.06
18-Apr-1979,9.71,9.22,9.15,9.06
17-Apr-1979,9.77,9.24,9.16,9.07
16-Apr-1979,9.86,9.29,9.19,9.09
12-Apr-1979,9.85,9.30,9.20,9.09
11-Apr-1979,9.85,9.30,9.20,9.08
10-Apr-1979,9.81,9.27,9.17,9.07
09-Apr-1979,9.81,9.23,9.14,9.04
06-Apr-1979,9.75,9.19,9.10,9.01
05-Apr-1979,9.68,9.15,9.07,8.99
04-Apr-1979,9.71,9.18,9.09,9.00
03-Apr-1979,9.73,9.19,9.10,9.01
02-Apr-1979,9.74,9.20,9.11,9.02
30-Mar-1979,9.72,9.19,9.11,9.02
29-Mar-1979,9.67,9.15,9.06,8.99
28-Mar-1979,9.71,9.16,9.07,8.99
27-Mar-1979,9.73,9.18,9.11,9.01
26-Mar-1979,9.76,9.20,9.12,9.03
23-Mar-1979,9.77,9.20,9.12,9.02
22-Mar-1979,9.77,9.20,9.12,9.03
21-Mar-1979,9.79,9.21,9.13,9.03
20-Mar-1979,9.79,9.21,9.13,9.04
19-Mar-1979,9.81,9.21,9.12,9.03
16-Mar-1979,9.84,9.22,9.12,9.03
15-Mar-1979,9.82,9.21,9.14,9.05
14-Mar-1979,9.82,9.21,9.12,9.04
13-Mar-1979,9.80,9.20,9.11,9.02
12-Mar-1979,9.81,9.18,9.11,9.02
09-Mar-1979,9.79,9.20,9.11,9.04
08-Mar-1979,9.76,9.18,9.10,9.01
07-Mar-1979,9.81,9.18,9.10,9.02
06-Mar-1979,9.83,9.20,9.14,9.06
05-Mar-1979,9.83,9.22,9.11,9.02
02-Mar-1979,9.87,9.26,9.16,9.09
01-Mar-1979,9.87,9.28,9.17,9.09
28-Feb-1979,9.89,9.29,9.17,9.08
27-Feb-1979,9.89,9.30,9.19,9.08
26-Feb-1979,9.91,9.28,9.20,9.08
23-Feb-1979,9.92,9.31,9.21,9.10
22-Feb-1979,9.90,9.29,9.20,9.08
21-Feb-1979,9.71,9.20,9.15,9.04
20-Feb-1979,9.69,9.17,9.12,9.02
16-Feb-1979,9.68,9.14,9.11,9.01
15-Feb-1979,9.68,9.13,9.12,9.01
14-Feb-1979,9.67,9.13,9.12,9.00
13-Feb-1979,9.69,9.12,9.11,9.00
09-Feb-1979,9.70,9.12,9.11,9.02
08-Feb-1979,9.70,9.11,9.09,9.00
07-Feb-1979,9.67,9.11,9.09,9.00
06-Feb-1979,9.58,9.00,9.00,8.92
05-Feb-1979,9.53,8.92,8.95,8.88
02-Feb-1979,9.48,8.84,8.89,8.84
01-Feb-1979,9.61,8.95,8.94,8.85
31-Jan-1979,9.64,8.95,8.95,8.85
30-Jan-1979,9.68,8.98,8.95,8.85
29-Jan-1979,9.67,9.00,8.96,8.85
26-Jan-1979,9.67,8.98,8.93,8.82
25-Jan-1979,9.78,9.01,8.98,8.84
24-Jan-1979,9.85,9.16,9.08,8.91
23-Jan-1979,9.85,9.16,9.10,8.93
22-Jan-1979,9.86,9.20,9.12,8.94
19-Jan-1979,9.91,9.24,9.15,8.97
18-Jan-1979,9.92,9.27,9.18,8.99
17-Jan-1979,9.91,9.28,9.18,8.99
16-Jan-1979,9.92,9.26,9.16,8.98
15-Jan-1979,9.91,9.27,9.15,8.97
12-Jan-1979,9.92,9.28,9.14,8.97
11-Jan-1979,9.92,9.30,9.15,8.98
10-Jan-1979,9.94,9.30,9.16,8.99
09-Jan-1979,9.92,9.30,9.16,8.99
08-Jan-1979,9.92,9.31,9.14,8.98
05-Jan-1979,9.87,9.28,9.10,8.95
04-Jan-1979,9.88,9.27,9.11,8.94
03-Jan-1979,9.98,9.33,9.16,8.96
02-Jan-1979,10.00,9.33,9.18,8.99
29-Dec-1978,9.98,9.32,9.15,8.96
28-Dec-1978,9.98,9.34,9.16,8.97
27-Dec-1978,9.98,9.31,9.12,8.93
26-Dec-1978,9.98,9.32,9.13,8.94
22-Dec-1978,9.96,9.32,9.11,8.95
21-Dec-1978,9.98,9.35,9.16,8.98
20-Dec-1978,9.96,9.26,9.16,8.99
19-Dec-1978,9.91,9.17,9.14,8.97
18-Dec-1978,9.86,9.17,9.13,8.99
15-Dec-1978,9.58,9.05,9.00,8.90
14-Dec-1978,9.54,8.98,8.96,8.88
13-Dec-1978,9.54,8.98,8.98,8.89
12-Dec-1978,9.52,8.92,8.92,8.82
11-Dec-1978,9.52,8.93,8.90,8.81
08-Dec-1978,9.51,8.93,8.90,8.81
07-Dec-1978,9.50,8.92,8.89,8.81
06-Dec-1978,9.50,8.88,8.85,8.78
05-Dec-1978,9.50,8.87,8.85,8.79
04-Dec-1978,9.51,8.85,8.82,8.79
01-Dec-1978,9.50,8.81,8.80,8.73
30-Nov-1978,9.55,8.94,8.86,8.80
29-Nov-1978,9.55,8.93,8.86,8.79
28-Nov-1978,9.60,8.96,8.86,8.79
27-Nov-1978,9.60,8.96,8.86,8.78
24-Nov-1978,9.60,8.94,8.86,8.79
22-Nov-1978,9.37,8.77,8.77,8.73
21-Nov-1978,9.23,8.77,8.77,8.71
20-Nov-1978,9.19,8.74,8.72,8.70
17-Nov-1978,9.19,8.72,8.72,8.69
16-Nov-1978,9.21,8.71,8.72,8.69
15-Nov-1978,9.34,8.76,8.76,8.69
14-Nov-1978,9.41,8.84,8.82,8.76
13-Nov-1978,9.40,8.86,8.83,8.76
10-Nov-1978,9.46,8.85,8.86,8.79
09-Nov-1978,9.50,8.88,8.87,8.82
08-Nov-1978,9.49,8.87,8.86,8.81
06-Nov-1978,9.45,8.85,8.85,8.80
03-Nov-1978,9.49,8.80,8.86,8.76
02-Nov-1978,9.42,8.78,8.73,8.71
01-Nov-1978,9.44,8.77,8.66,8.66
31-Oct-1978,9.49,9.16,8.96,8.87
30-Oct-1978,9.35,8.93,8.88,8.84
27-Oct-1978,9.12,8.78,8.78,8.75
26-Oct-1978,9.05,8.69,8.72,8.71
25-Oct-1978,8.96,8.62,8.65,8.68
24-Oct-1978,8.85,8.60,8.64,8.67
23-Oct-1978,8.84,8.62,8.66,8.69
20-Oct-1978,8.85,8.62,8.66,8.69
19-Oct-1978,8.84,8.60,8.64,8.67
18-Oct-1978,8.83,8.58,8.62,8.65
17-Oct-1978,8.77,8.57,8.60,8.65
16-Oct-1978,8.73,8.57,8.59,8.65
13-Oct-1978,8.69,8.47,8.52,8.59
12-Oct-1978,8.69,8.47,8.51,8.58
11-Oct-1978,8.70,8.51,8.56,8.61
10-Oct-1978,8.70,8.50,8.58,8.61
06-Oct-1978,8.69,8.51,8.58,8.61
05-Oct-1978,8.69,8.53,8.60,8.64
04-Oct-1978,8.69,8.53,8.59,8.63
03-Oct-1978,8.69,8.52,8.57,8.63
02-Oct-1978,8.71,8.53,8.58,8.63
29-Sep-1978,8.70,8.50,8.56,8.61
28-Sep-1978,8.72,8.51,8.54,8.60
27-Sep-1978,8.74,8.52,8.54,8.59
26-Sep-1978,8.75,8.51,8.53,8.57
25-Sep-1978,8.75,8.54,8.56,8.58
22-Sep-1978,8.73,8.50,8.56,8.59
21-Sep-1978,8.69,8.48,8.51,8.53
20-Sep-1978,8.60,8.46,8.46,8.51
19-Sep-1978,8.54,8.44,8.38,8.45
18-Sep-1978,8.52,8.41,8.37,8.43
15-Sep-1978,8.49,8.39,8.35,8.40
14-Sep-1978,8.45,8.36,8.32,8.38
13-Sep-1978,8.45,8.34,8.30,8.37
12-Sep-1978,8.45,8.35,8.29,8.36
11-Sep-1978,8.43,8.33,8.31,8.38
08-Sep-1978,8.46,8.37,8.34,8.40
07-Sep-1978,8.44,8.36,8.34,8.41
06-Sep-1978,8.44,8.38,8.35,8.40
05-Sep-1978,8.46,8.38,8.34,8.41
01-Sep-1978,8.50,8.42,8.38,8.45
31-Aug-1978,8.46,8.42,8.39,8.46
30-Aug-1978,8.48,8.42,8.42,8.47
29-Aug-1978,8.44,8.37,8.37,8.45
28-Aug-1978,8.41,8.30,8.35,8.43
25-Aug-1978,8.41,8.32,8.34,8.43
24-Aug-1978,8.41,8.33,8.35,8.44
23-Aug-1978,8.42,8.31,8.32,8.42
22-Aug-1978,8.47,8.38,8.41,8.48
21-Aug-1978,8.47,8.39,8.41,8.48
18-Aug-1978,8.50,8.40,8.46,8.53
17-Aug-1978,8.48,8.40,8.48,8.55
16-Aug-1978,8.50,8.44,8.55,8.60
15-Aug-1978,8.29,8.30,8.46,8.53
14-Aug-1978,8.29,8.29,8.45,8.51
11-Aug-1978,8.25,8.28,8.44,8.48
10-Aug-1978,8.24,8.30,8.45,8.48
09-Aug-1978,8.17,8.20,8.34,8.41
08-Aug-1978,8.19,8.24,8.35,8.42
07-Aug-1978,8.18,8.24,8.36,8.44
04-Aug-1978,8.26,8.26,8.38,8.45
03-Aug-1978,8.26,8.30,8.39,8.44
02-Aug-1978,8.40,8.35,8.44,8.44
01-Aug-1978,8.45,8.44,8.54,8.55
31-Jul-1978,8.47,8.46,8.56,8.56
28-Jul-1978,8.45,8.45,8.55,8.55
27-Jul-1978,8.47,8.48,8.58,8.60
26-Jul-1978,8.52,8.56,8.66,8.66
25-Jul-1978,8.55,8.59,8.67,8.68
24-Jul-1978,8.57,8.59,8.67,8.68
21-Jul-1978,8.59,8.58,8.67,8.67
20-Jul-1978,8.50,8.57,8.66,8.66
19-Jul-1978,8.46,8.54,8.62,8.65
18-Jul-1978,8.46,8.54,8.63,8.65
17-Jul-1978,8.48,8.55,8.65,8.66
14-Jul-1978,8.51,8.57,8.68,8.69
13-Jul-1978,8.50,8.57,8.68,8.70
12-Jul-1978,8.48,8.56,8.67,8.69
11-Jul-1978,8.48,8.56,8.68,8.69
10-Jul-1978,8.50,8.56,8.68,8.69
07-Jul-1978,8.48,8.52,8.66,8.67
06-Jul-1978,8.44,8.50,8.62,8.62
05-Jul-1978,8.44,8.50,8.62,8.62
03-Jul-1978,8.44,8.48,8.59,8.60
30-Jun-1978,8.48,8.50,8.62,8.62
29-Jun-1978,8.42,8.46,8.57,8.59
28-Jun-1978,8.44,8.48,8.57,8.57
27-Jun-1978,8.44,8.50,8.58,8.58
26-Jun-1978,8.48,8.50,8.59,8.60
23-Jun-1978,8.44,8.47,8.55,8.55
22-Jun-1978,8.41,8.45,8.50,8.53
21-Jun-1978,8.41,8.46,8.50,8.54
20-Jun-1978,8.27,8.42,8.47,8.50
19-Jun-1978,8.25,8.34,8.45,8.48
16-Jun-1978,8.19,8.32,8.43,8.46
15-Jun-1978,8.12,8.28,8.41,8.44
14-Jun-1978,8.12,8.28,8.41,8.44
13-Jun-1978,8.11,8.28,8.41,8.45
12-Jun-1978,8.11,8.28,8.40,8.45
09-Jun-1978,8.09,8.27,8.41,8.45
08-Jun-1978,8.07,8.25,8.38,8.44
07-Jun-1978,8.07,8.24,8.37,8.44
06-Jun-1978,8.07,8.24,8.37,8.45
05-Jun-1978,8.07,8.25,8.38,8.45
02-Jun-1978,8.09,8.27,8.39,8.48
01-Jun-1978,8.12,8.27,8.41,8.50
31-May-1978,8.12,8.28,8.42,8.50
26-May-1978,8.10,8.27,8.42,8.50
25-May-1978,8.10,8.26,8.40,8.48
24-May-1978,8.10,8.24,8.39,8.45
23-May-1978,8.07,8.22,8.37,8.44
22-May-1978,8.07,8.22,8.38,8.44
19-May-1978,8.07,8.22,8.38,8.45
18-May-1978,8.04,8.19,8.37,8.42
17-May-1978,7.98,8.14,8.33,8.40
16-May-1978,7.97,8.15,8.34,8.42
15-May-1978,7.98,8.17,8.35,8.42
12-May-1978,8.00,8.20,8.36,8.44
11-May-1978,8.00,8.17,8.34,8.42
10-May-1978,7.98,8.16,8.34,8.45
09-May-1978,7.98,8.16,8.34,8.45
08-May-1978,7.98,8.17,8.35,8.45
05-May-1978,7.96,8.15,8.34,8.45
04-May-1978,7.90,8.07,8.27,8.39
03-May-1978,7.91,8.08,8.28,8.40
02-May-1978,7.91,8.09,8.25,8.38
01-May-1978,7.91,8.08,8.24,8.38
28-Apr-1978,7.97,8.09,8.24,8.39
27-Apr-1978,7.89,8.07,8.24,8.40
26-Apr-1978,7.85,8.05,8.22,8.38
25-Apr-1978,7.80,8.02,8.18,8.36
24-Apr-1978,7.82,8.03,8.18,8.36
21-Apr-1978,7.81,8.02,8.16,8.34
20-Apr-1978,7.79,8.01,8.14,8.32
19-Apr-1978,7.77,7.99,8.13,8.31
18-Apr-1978,7.62,7.89,8.08,8.29
17-Apr-1978,7.60,7.88,8.08,8.30
14-Apr-1978,7.61,7.90,8.12,8.33
13-Apr-1978,7.67,7.95,8.15,8.35
12-Apr-1978,7.69,7.97,8.16,8.35
11-Apr-1978,7.71,7.97,8.16,8.35
10-Apr-1978,7.72,7.98,8.15,8.35
07-Apr-1978,7.72,7.97,8.14,8.34
06-Apr-1978,7.73,7.98,8.16,8.33
05-Apr-1978,7.72,7.97,8.14,8.32
04-Apr-1978,7.69,7.95,8.12,8.31
03-Apr-1978,7.69,7.96,8.13,8.32
31-Mar-1978,7.70,7.97,8.15,8.33
30-Mar-1978,7.64,7.95,8.12,8.29
29-Mar-1978,7.64,7.94,8.11,8.28
28-Mar-1978,7.64,7.94,8.12,8.29
27-Mar-1978,7.61,7.91,8.12,8.30
23-Mar-1978,7.56,7.86,8.01,8.22
22-Mar-1978,7.54,7.81,7.98,8.19
21-Mar-1978,7.53,7.79,7.97,8.18
20-Mar-1978,7.53,7.78,7.97,8.18
17-Mar-1978,7.55,7.81,8.00,8.20
16-Mar-1978,7.54,7.82,8.00,8.20
15-Mar-1978,7.54,7.81,8.00,8.20
14-Mar-1978,7.54,7.81,7.99,8.20
13-Mar-1978,7.54,7.82,7.99,8.20
10-Mar-1978,7.54,7.82,8.00,8.21
09-Mar-1978,7.56,7.85,8.02,8.22
08-Mar-1978,7.54,7.85,8.03,8.23
07-Mar-1978,7.56,7.85,8.03,8.23
06-Mar-1978,7.58,7.87,8.05,8.25
03-Mar-1978,7.59,7.87,8.04,8.24
02-Mar-1978,7.59,7.87,8.04,8.25
01-Mar-1978,7.59,7.87,8.05,8.26
28-Feb-1978,7.57,7.86,8.04,8.25
27-Feb-1978,7.59,7.86,8.02,8.25
24-Feb-1978,7.61,7.88,8.04,8.27
23-Feb-1978,7.65,7.90,8.08,8.28
22-Feb-1978,7.65,7.91,8.10,8.30
21-Feb-1978,7.65,7.89,8.10,8.30
17-Feb-1978,7.63,7.88,8.09,8.29
16-Feb-1978,7.64,7.90,8.10,8.30
15-Feb-1978,7.59,7.87,8.08,8.27
14-Feb-1978,7.57,7.84,8.05,8.25
10-Feb-1978,7.53,7.81,8.02,8.24
09-Feb-1978,7.52,7.80,8.01,8.24
08-Feb-1978,7.52,7.79,8.00,8.24
07-Feb-1978,7.52,7.77,7.99,8.24
06-Feb-1978,7.50,7.78,7.99,8.24
03-Feb-1978,7.48,7.75,7.97,8.22
02-Feb-1978,7.48,7.75,7.96,8.20
01-Feb-1978,7.47,7.74,7.96,8.20
31-Jan-1978,7.47,7.72,7.94,8.18
30-Jan-1978,7.47,7.75,7.96,8.20
27-Jan-1978,7.48,7.77,7.97,8.21
26-Jan-1978,7.51,7.78,7.98,8.21
25-Jan-1978,7.53,7.82,8.00,8.23
24-Jan-1978,7.53,7.80,7.99,8.20
23-Jan-1978,7.53,7.78,7.97,8.19
20-Jan-1978,7.55,7.81,7.97,8.19
19-Jan-1978,7.55,7.81,7.97,8.19
18-Jan-1978,7.54,7.81,7.98,8.19
17-Jan-1978,7.54,7.81,7.98,8.19
16-Jan-1978,7.55,7.82,7.98,8.21
13-Jan-1978,7.57,7.82,7.98,8.20
12-Jan-1978,7.60,7.87,8.02,8.22
11-Jan-1978,7.60,7.87,8.03,8.22
10-Jan-1978,7.58,7.85,8.02,8.20
09-Jan-1978,7.58,7.86,8.01,8.21
06-Jan-1978,7.28,7.60,7.85,8.10
05-Jan-1978,7.26,7.58,7.83,8.07
04-Jan-1978,7.24,7.58,7.82,8.08
03-Jan-1978,7.24,7.58,7.83,8.08
30-Dec-1977,7.22,7.54,7.78,8.03
29-Dec-1977,7.26,7.58,7.82,8.06
28-Dec-1977,7.25,7.57,7.78,8.05
27-Dec-1977,7.25,7.57,7.77,8.02
23-Dec-1977,7.24,7.55,7.75,8.00
22-Dec-1977,7.26,7.52,7.75,7.99
21-Dec-1977,7.16,7.48,7.72,7.98
20-Dec-1977,7.14,7.50,7.74,7.99
19-Dec-1977,7.13,7.48,7.69,7.95
16-Dec-1977,7.13,7.44,7.67,7.93
15-Dec-1977,7.14,7.46,7.67,7.92
14-Dec-1977,7.16,7.46,7.66,7.91
13-Dec-1977,7.16,7.46,7.65,7.90
12-Dec-1977,7.16,7.46,7.64,7.89
09-Dec-1977,7.15,7.45,7.63,7.88
08-Dec-1977,7.16,7.46,7.64,7.90
07-Dec-1977,7.16,7.45,7.63,7.89
06-Dec-1977,7.15,7.44,7.63,7.88
05-Dec-1977,7.15,7.40,7.60,7.87
02-Dec-1977,7.15,7.40,7.59,7.86
01-Dec-1977,7.13,7.38,7.58,7.85
30-Nov-1977,7.11,7.36,7.55,7.83
29-Nov-1977,7.11,7.32,7.55,7.83
28-Nov-1977,7.11,7.31,7.53,7.82
25-Nov-1977,7.10,7.31,7.52,7.82
23-Nov-1977,7.11,7.30,7.52,7.81
22-Nov-1977,7.14,7.30,7.54,7.83
21-Nov-1977,7.12,7.30,7.56,7.83
18-Nov-1977,7.11,7.28,7.54,7.82
17-Nov-1977,7.10,7.28,7.54,7.83
16-Nov-1977,7.12,7.28,7.55,7.84
15-Nov-1977,7.11,7.26,7.56,7.84
14-Nov-1977,7.10,7.24,7.56,7.83
10-Nov-1977,7.15,7.34,7.59,7.86
09-Nov-1977,7.16,7.35,7.60,7.86
07-Nov-1977,7.17,7.40,7.62,7.88
04-Nov-1977,7.20,7.42,7.64,7.89
03-Nov-1977,7.22,7.45,7.68,7.92
02-Nov-1977,7.24,7.47,7.69,7.89
01-Nov-1977,7.23,7.47,7.63,7.86
31-Oct-1977,7.23,7.44,7.62,7.83
28-Oct-1977,7.14,7.38,7.56,7.81
27-Oct-1977,7.14,7.38,7.56,7.81
26-Oct-1977,7.17,7.40,7.57,7.81
25-Oct-1977,7.20,7.41,7.58,7.81
24-Oct-1977,7.20,7.39,7.56,7.80
21-Oct-1977,7.22,7.39,7.55,7.79
20-Oct-1977,7.20,7.36,7.54,7.78
19-Oct-1977,7.22,7.35,7.54,7.79
18-Oct-1977,7.23,7.36,7.55,7.80
17-Oct-1977,7.22,7.33,7.55,7.79
14-Oct-1977,7.17,7.31,7.54,7.79
13-Oct-1977,7.19,7.34,7.54,7.79
12-Oct-1977,7.14,7.34,7.54,7.79
11-Oct-1977,7.06,7.30,7.54,7.77
07-Oct-1977,6.96,7.25,7.48,7.73
06-Oct-1977,6.89,7.23,7.44,7.72
05-Oct-1977,6.86,7.16,7.40,7.69
04-Oct-1977,6.84,7.15,7.40,7.69
03-Oct-1977,6.84,7.13,7.41,7.70
30-Sep-1977,6.82,7.11,7.41,7.68
29-Sep-1977,6.79,7.10,7.39,7.68
28-Sep-1977,6.81,7.08,7.38,7.68
27-Sep-1977,6.80,7.07,7.38,7.68
26-Sep-1977,6.89,7.14,7.42,7.70
23-Sep-1977,6.86,7.09,7.39,7.67
22-Sep-1977,6.85,7.08,7.39,7.67
21-Sep-1977,6.71,7.05,7.36,7.66
20-Sep-1977,6.70,7.04,7.36,7.65
19-Sep-1977,6.66,7.02,7.32,7.63
16-Sep-1977,6.68,7.02,7.32,7.63
15-Sep-1977,6.70,7.04,7.33,7.63
14-Sep-1977,6.74,7.05,7.34,7.63
13-Sep-1977,6.75,7.06,7.37,7.66
12-Sep-1977,6.78,7.10,7.38,7.66
09-Sep-1977,6.76,7.09,7.36,7.65
08-Sep-1977,6.54,6.96,7.28,7.60
07-Sep-1977,6.54,6.95,7.26,7.59
06-Sep-1977,6.52,6.90,7.24,7.57
02-Sep-1977,6.53,6.93,7.24,7.58
01-Sep-1977,6.57,6.97,7.30,7.61
31-Aug-1977,6.59,6.94,7.28,7.60
30-Aug-1977,6.56,6.93,7.27,7.59
29-Aug-1977,6.56,6.90,7.25,7.58
26-Aug-1977,6.62,6.93,7.27,7.58
25-Aug-1977,6.62,6.98,7.32,7.62
24-Aug-1977,6.67,7.01,7.35,7.65
23-Aug-1977,6.64,7.02,7.36,7.65
22-Aug-1977,6.66,7.05,7.39,7.67
19-Aug-1977,6.67,7.04,7.40,7.68
18-Aug-1977,6.68,7.06,7.42,7.71
17-Aug-1977,6.72,7.08,7.44,7.72
16-Aug-1977,6.74,7.12,7.48,7.74
15-Aug-1977,6.71,7.11,7.48,7.74
12-Aug-1977,6.68,7.10,7.48,7.74
11-Aug-1977,6.64,7.08,7.47,7.74
10-Aug-1977,6.59,7.07,7.46,7.73
09-Aug-1977,6.58,7.06,7.45,7.73
08-Aug-1977,6.52,7.01,7.41,7.71
05-Aug-1977,6.53,7.02,7.42,7.72
04-Aug-1977,6.52,7.05,7.43,7.70
03-Aug-1977,6.53,7.02,7.42,7.70
02-Aug-1977,6.54,7.05,7.44,7.72
01-Aug-1977,6.49,7.02,7.43,7.70
29-Jul-1977,6.50,7.03,7.42,7.72
28-Jul-1977,6.48,7.01,7.41,7.70
27-Jul-1977,6.37,6.94,7.36,7.66
26-Jul-1977,6.28,6.86,7.28,7.64
25-Jul-1977,6.29,6.86,7.28,7.64
22-Jul-1977,6.35,6.88,7.31,7.65
21-Jul-1977,6.38,6.89,7.32,7.65
20-Jul-1977,6.35,6.85,7.32,7.64
19-Jul-1977,6.31,6.83,7.33,7.64
18-Jul-1977,6.30,6.84,7.34,7.64
15-Jul-1977,6.26,6.82,7.31,7.64
13-Jul-1977,6.19,6.75,7.28,7.62
12-Jul-1977,6.22,6.81,7.32,7.65
11-Jul-1977,6.22,6.83,7.33,7.65
08-Jul-1977,6.19,6.82,7.31,7.65
07-Jul-1977,6.15,6.78,7.29,7.62
06-Jul-1977,6.14,6.78,7.37,7.63
05-Jul-1977,6.12,6.75,7.35,7.63
01-Jul-1977,6.12,6.71,7.34,7.58
30-Jun-1977,6.08,6.70,7.20,7.58
29-Jun-1977,6.05,6.68,7.19,7.56
28-Jun-1977,6.06,6.64,7.16,7.56
27-Jun-1977,6.06,6.65,7.20,7.58
24-Jun-1977,6.10,6.68,7.20,7.59
23-Jun-1977,6.12,6.72,7.26,7.61
22-Jun-1977,6.12,6.70,7.25,7.61
21-Jun-1977,6.12,6.74,7.26,7.62
20-Jun-1977,6.11,6.74,7.27,7.63
17-Jun-1977,6.10,6.72,7.24,7.62
16-Jun-1977,6.12,6.74,7.24,7.62
15-Jun-1977,6.11,6.73,7.23,7.60
14-Jun-1977,6.08,6.68,7.22,7.59
13-Jun-1977,6.13,6.74,7.27,7.62
10-Jun-1977,6.15,6.78,7.30,7.66
09-Jun-1977,6.16,6.85,7.35,7.67
08-Jun-1977,6.15,6.84,7.36,7.67
07-Jun-1977,6.17,6.85,7.36,7.67
06-Jun-1977,6.18,6.87,7.37,7.72
03-Jun-1977,6.19,6.86,7.36,7.72
02-Jun-1977,6.20,6.87,7.39,7.74
01-Jun-1977,6.24,6.87,7.38,7.75
31-May-1977,6.18,6.87,7.38,7.74
27-May-1977,6.20,6.88,7.38,7.74
26-May-1977,6.24,6.86,7.42,7.76
25-May-1977,6.23,6.88,7.39,7.74
24-May-1977,6.30,6.93,7.41,7.76
23-May-1977,6.38,6.99,7.46,7.80
20-May-1977,6.43,7.01,7.49,7.81
19-May-1977,6.37,7.00,7.49,7.81
18-May-1977,6.24,6.89,7.43,7.77
17-May-1977,6.25,6.91,7.45,7.77
16-May-1977,6.26,6.92,7.46,7.79
13-May-1977,6.28,6.94,7.48,7.80
12-May-1977,6.32,6.98,7.50,7.86
11-May-1977,6.34,7.03,7.52,7.86
10-May-1977,6.27,6.99,7.52,7.86
09-May-1977,6.25,6.97,7.50,7.86
06-May-1977,6.24,7.00,7.50,7.86
05-May-1977,6.16,6.94,7.47,7.80
04-May-1977,6.11,6.89,7.45,7.78
03-May-1977,6.15,6.90,7.44,7.79
02-May-1977,6.15,6.94,7.45,7.80
29-Apr-1977,6.14,6.90,7.45,7.80
28-Apr-1977,6.03,6.78,7.40,7.76
27-Apr-1977,6.01,6.75,7.38,7.75
26-Apr-1977,6.00,6.76,7.38,7.74
25-Apr-1977,6.01,6.82,7.40,7.76
22-Apr-1977,5.99,6.80,7.36,7.73
21-Apr-1977,5.94,6.72,7.33,7.69
20-Apr-1977,5.95,6.71,7.32,7.69
19-Apr-1977,5.87,6.66,7.30,7.67
18-Apr-1977,5.80,6.61,7.25,7.64
15-Apr-1977,5.78,6.60,7.25,7.65
14-Apr-1977,5.73,6.56,7.22,7.63
13-Apr-1977,5.96,6.81,7.36,7.76
12-Apr-1977,5.98,6.83,7.39,7.76
11-Apr-1977,5.96,6.84,7.39,7.76
07-Apr-1977,6.02,6.93,7.43,7.78
06-Apr-1977,6.04,6.95,7.46,7.78
05-Apr-1977,6.01,6.95,7.47,7.78
04-Apr-1977,6.03,6.94,7.44,7.78
01-Apr-1977,6.02,6.92,7.43,7.78
31-Mar-1977,6.01,6.94,7.42,7.79
30-Mar-1977,6.05,6.95,7.44,7.80
29-Mar-1977,6.08,6.93,7.47,7.80
28-Mar-1977,6.11,6.96,7.47,7.80
25-Mar-1977,6.10,6.94,7.48,7.78
24-Mar-1977,6.07,6.90,7.46,7.78
23-Mar-1977,6.04,6.88,7.44,7.78
22-Mar-1977,6.04,6.87,7.43,7.77
21-Mar-1977,6.03,6.88,7.43,7.74
18-Mar-1977,6.08,6.90,7.44,7.76
17-Mar-1977,6.14,6.94,7.47,7.78
16-Mar-1977,6.08,6.90,7.44,7.79
15-Mar-1977,6.06,6.87,7.44,7.78
14-Mar-1977,6.06,6.89,7.45,7.80
11-Mar-1977,6.09,6.90,7.44,7.80
10-Mar-1977,6.11,6.95,7.49,7.81
09-Mar-1977,6.12,6.97,7.50,7.81
08-Mar-1977,6.14,6.99,7.52,7.84
07-Mar-1977,6.12,6.99,7.50,7.84
04-Mar-1977,6.10,6.98,7.48,7.82
03-Mar-1977,6.08,6.90,7.43,7.79
02-Mar-1977,6.12,6.93,7.45,7.81
01-Mar-1977,6.16,6.99,7.49,7.84
28-Feb-1977,6.08,6.98,7.45,7.80
25-Feb-1977,6.14,6.99,7.48,7.79
24-Feb-1977,6.20,7.02,7.50,7.82
23-Feb-1977,6.12,6.95,7.48,7.81
22-Feb-1977,6.09,6.84,7.42,7.77
18-Feb-1977,6.06,6.82,7.41,7.76
17-Feb-1977,5.99,6.67,7.26,7.67
16-Feb-1977,6.02,6.70,7.34,7.67
15-Feb-1977,6.04,6.72,7.36,7.70
14-Feb-1977,6.06,6.76,7.38,
11-Feb-1977,6.02,6.76,7.36,
10-Feb-1977,6.04,6.76,7.34,
09-Feb-1977,6.01,6.73,7.34,
08-Feb-1977,6.06,6.76,7.35,
07-Feb-1977,6.04,6.75,7.34,
04-Feb-1977,6.03,6.70,7.28,
03-Feb-1977,6.20,6.93,7.46,
02-Feb-1977,6.28,7.02,7.47,
01-Feb-1977,6.20,6.91,7.41,
31-Jan-1977,6.18,6.83,7.40,
28-Jan-1977,6.22,6.86,7.40,
27-Jan-1977,6.26,6.88,7.43,
26-Jan-1977,6.09,6.76,7.33,
25-Jan-1977,6.08,6.74,7.32,
24-Jan-1977,6.09,6.77,7.34,
21-Jan-1977,6.02,6.68,7.28,
20-Jan-1977,6.01,6.64,7.26,
19-Jan-1977,6.02,6.64,7.28,
18-Jan-1977,6.04,6.70,7.34,
17-Jan-1977,5.98,6.60,7.28,
14-Jan-1977,5.96,6.59,7.28,
13-Jan-1977,5.79,6.50,7.18,
12-Jan-1977,5.84,6.60,7.26,
11-Jan-1977,5.87,6.68,7.28,
10-Jan-1977,5.79,6.60,7.20,
07-Jan-1977,5.68,6.42,7.07,
06-Jan-1977,5.57,6.23,6.93,
05-Jan-1977,5.48,6.18,6.88,
04-Jan-1977,5.50,6.19,6.90,
03-Jan-1977,5.42,6.16,6.84,
31-Dec-1976,5.34,6.13,6.81,
30-Dec-1976,5.38,6.12,6.80,
29-Dec-1976,5.39,6.16,6.84,
28-Dec-1976,5.39,6.15,6.86,
27-Dec-1976,5.37,6.13,6.84,
23-Dec-1976,5.36,6.11,6.84,
22-Dec-1976,5.34,6.12,6.86,
21-Dec-1976,5.37,6.14,6.85,
20-Dec-1976,5.34,6.08,6.84,
17-Dec-1976,5.40,6.11,6.88,
16-Dec-1976,5.40,6.14,6.88,
15-Dec-1976,5.38,6.14,6.88,
14-Dec-1976,5.39,6.13,6.89,
13-Dec-1976,5.43,6.16,6.90,
10-Dec-1976,5.31,6.02,6.82,
09-Dec-1976,5.44,6.14,6.92,
08-Dec-1976,5.43,6.13,6.91,
07-Dec-1976,5.41,6.09,6.88,
06-Dec-1976,5.37,6.05,6.87,
03-Dec-1976,5.31,6.03,6.86,
02-Dec-1976,5.34,6.00,6.92,
01-Dec-1976,5.40,6.02,6.97,
30-Nov-1976,5.42,6.05,7.01,
29-Nov-1976,5.46,6.02,7.02,
26-Nov-1976,5.41,5.99,6.99,
24-Nov-1976,5.56,6.23,7.14,
23-Nov-1976,5.59,6.28,7.16,
22-Nov-1976,5.56,6.30,7.17,
19-Nov-1976,5.67,6.44,7.24,
18-Nov-1976,5.83,6.59,7.33,
17-Nov-1976,5.82,6.56,7.32,
16-Nov-1976,5.86,6.60,7.33,
15-Nov-1976,6.00,6.70,7.41,
12-Nov-1976,6.01,6.73,7.43,
10-Nov-1976,6.03,6.78,7.45,
09-Nov-1976,6.07,6.82,7.46,
08-Nov-1976,6.04,6.82,7.46,
05-Nov-1976,6.01,6.75,7.41,
04-Nov-1976,5.95,6.72,7.38,
03-Nov-1976,6.07,6.79,7.44,
01-Nov-1976,6.03,6.70,7.38,
29-Oct-1976,6.03,6.78,7.42,
28-Oct-1976,5.99,6.76,7.41,
27-Oct-1976,6.01,6.80,7.45,
26-Oct-1976,6.05,6.83,7.48,
25-Oct-1976,6.11,6.87,7.53,
22-Oct-1976,6.07,6.78,7.48,
21-Oct-1976,5.98,6.67,7.39,
20-Oct-1976,5.95,6.64,7.38,
19-Oct-1976,5.85,6.60,7.35,
18-Oct-1976,5.77,6.55,7.31,
15-Oct-1976,5.75,6.55,7.31,
14-Oct-1976,5.81,6.63,7.34,
13-Oct-1976,5.82,6.66,7.35,
12-Oct-1976,5.80,6.64,7.35,
08-Oct-1976,5.87,6.71,7.38,
07-Oct-1976,6.09,6.86,7.43,
06-Oct-1976,6.11,6.88,7.44,
05-Oct-1976,6.19,6.94,7.47,
04-Oct-1976,6.19,6.94,7.46,
01-Oct-1976,6.24,6.95,7.49,
30-Sep-1976,6.33,7.05,7.55,
29-Sep-1976,6.36,7.08,7.56,
28-Sep-1976,6.36,7.09,7.56,
27-Sep-1976,6.41,7.14,7.60,
24-Sep-1976,6.44,7.18,7.58,
23-Sep-1976,6.35,7.09,7.54,
22-Sep-1976,6.36,7.09,7.53,
21-Sep-1976,6.30,7.06,7.51,
20-Sep-1976,6.34,7.07,7.52,
17-Sep-1976,6.26,7.04,7.49,
16-Sep-1976,6.41,7.13,7.60,
15-Sep-1976,6.45,7.17,7.62,
14-Sep-1976,6.49,7.18,7.64,
13-Sep-1976,6.47,7.20,7.64,
10-Sep-1976,6.46,7.17,7.64,
09-Sep-1976,6.49,7.19,7.66,
08-Sep-1976,6.44,7.16,7.64,
07-Sep-1976,6.46,7.15,7.64,
03-Sep-1976,6.52,7.16,7.65,
02-Sep-1976,6.54,7.18,7.67,
01-Sep-1976,6.50,7.14,7.64,
31-Aug-1976,6.50,7.16,7.66,
30-Aug-1976,6.57,7.23,7.71,
27-Aug-1976,6.60,7.26,7.72,
26-Aug-1976,6.54,7.19,7.68,
25-Aug-1976,6.53,7.19,7.69,
24-Aug-1976,6.60,7.22,7.72,
23-Aug-1976,6.62,7.23,7.73,
20-Aug-1976,6.68,7.28,7.76,
19-Aug-1976,6.61,7.29,7.76,
18-Aug-1976,6.59,7.26,7.76,
17-Aug-1976,6.57,7.26,7.75,
16-Aug-1976,6.57,7.23,7.74,
13-Aug-1976,6.60,7.28,7.78,
12-Aug-1976,6.64,7.33,7.81,
11-Aug-1976,6.66,7.33,7.82,
10-Aug-1976,6.68,7.37,7.84,
09-Aug-1976,6.68,7.38,7.84,
06-Aug-1976,6.71,7.37,7.84,
05-Aug-1976,6.74,7.40,7.82,
04-Aug-1976,6.73,7.45,7.81,
03-Aug-1976,6.72,7.50,7.82,
02-Aug-1976,6.75,7.54,7.85,
30-Jul-1976,6.74,7.47,7.86,
29-Jul-1976,6.75,7.43,7.85,
28-Jul-1976,6.79,7.48,7.85,
27-Jul-1976,6.76,7.44,7.85,
26-Jul-1976,6.86,7.51,7.87,
23-Jul-1976,6.90,7.50,7.84,
22-Jul-1976,6.91,7.52,7.86,
21-Jul-1976,6.90,7.51,7.86,
20-Jul-1976,6.91,7.52,7.87,
19-Jul-1976,6.89,7.51,7.86,
16-Jul-1976,6.85,7.47,7.83,
15-Jul-1976,6.72,7.38,7.77,
14-Jul-1976,6.76,7.43,7.79,
13-Jul-1976,6.74,7.42,7.77,
12-Jul-1976,6.72,7.40,7.76,
09-Jul-1976,6.77,7.45,7.78,
08-Jul-1976,6.92,7.52,7.82,
07-Jul-1976,6.99,7.57,7.84,
06-Jul-1976,6.96,7.55,7.82,
02-Jul-1976,6.99,7.57,7.84,
01-Jul-1976,7.02,7.59,7.88,
30-Jun-1976,7.02,7.58,7.86,
29-Jun-1976,7.02,7.59,7.86,
28-Jun-1976,7.02,7.58,7.86,
25-Jun-1976,7.02,7.56,7.83,
24-Jun-1976,6.99,7.53,7.81,
23-Jun-1976,7.01,7.53,7.81,
22-Jun-1976,7.01,7.53,7.81,
21-Jun-1976,6.95,7.51,7.80,
18-Jun-1976,6.99,7.54,7.81,
17-Jun-1976,7.06,7.60,7.85,
16-Jun-1976,7.06,7.62,7.87,
15-Jun-1976,7.02,7.59,7.85,
14-Jun-1976,7.01,7.56,7.84,
11-Jun-1976,7.03,7.58,7.86,
10-Jun-1976,7.00,7.61,7.86,
09-Jun-1976,7.08,7.66,7.90,
08-Jun-1976,7.11,7.67,7.90,
07-Jun-1976,7.09,7.64,7.88,
04-Jun-1976,7.12,7.67,7.89,
03-Jun-1976,7.22,7.75,7.92,
02-Jun-1976,7.23,7.74,7.94,
01-Jun-1976,7.26,7.71,7.94,
28-May-1976,,7.78,7.96,
27-May-1976,,7.82,7.99,
26-May-1976,,7.78,7.95,
25-May-1976,,7.72,7.94,
24-May-1976,,7.76,7.98,
21-May-1976,,7.81,8.00,
20-May-1976,,7.71,7.95,
19-May-1976,,7.64,7.94,
18-May-1976,,7.63,7.94,
17-May-1976,,7.63,7.94,
14-May-1976,,7.59,7.93,
13-May-1976,,7.53,7.92,
12-May-1976,,7.54,7.94,
11-May-1976,,7.52,7.92,
10-May-1976,,7.51,7.92,
07-May-1976,,7.45,7.87,
06-May-1976,,7.37,7.78,
05-May-1976,,7.34,7.68,
04-May-1976,,7.31,7.66,
03-May-1976,,7.36,7.69,
30-Apr-1976,,7.34,7.67,
29-Apr-1976,,7.25,7.61,
28-Apr-1976,,7.28,7.60,
27-Apr-1976,,7.31,7.62,
26-Apr-1976,,7.30,7.61,
23-Apr-1976,,7.31,7.59,
22-Apr-1976,,7.19,7.52,
21-Apr-1976,,7.12,7.47,
20-Apr-1976,,7.17,7.50,
19-Apr-1976,,7.18,7.51,
15-Apr-1976,,7.14,7.47,
14-Apr-1976,,7.14,7.47,
13-Apr-1976,,7.16,7.50,
12-Apr-1976,,7.20,7.52,
09-Apr-1976,,7.23,7.52,
08-Apr-1976,,7.24,7.55,
07-Apr-1976,,7.29,7.56,
06-Apr-1976,,7.31,7.59,
05-Apr-1976,,7.34,7.62,
02-Apr-1976,,7.38,7.67,
01-Apr-1976,,7.44,7.68,
31-Mar-1976,,7.39,7.66,
30-Mar-1976,,7.40,7.65,
29-Mar-1976,,7.37,7.64,
26-Mar-1976,,7.38,7.64,
25-Mar-1976,,7.38,7.64,
24-Mar-1976,,7.40,7.65,
23-Mar-1976,,7.41,7.67,
22-Mar-1976,,7.43,7.68,
19-Mar-1976,,7.49,7.74,
18-Mar-1976,,7.48,7.73,
17-Mar-1976,,7.52,7.76,
16-Mar-1976,,7.54,7.76,
15-Mar-1976,,7.52,7.74,
12-Mar-1976,,7.50,7.71,
11-Mar-1976,,7.56,7.77,
10-Mar-1976,,7.56,7.76,
09-Mar-1976,,7.56,7.78,
08-Mar-1976,,7.54,7.76,
05-Mar-1976,,7.56,7.80,
04-Mar-1976,,7.61,7.85,
03-Mar-1976,,7.56,7.82,
02-Mar-1976,,7.53,7.82,
01-Mar-1976,,7.57,7.86,
27-Feb-1976,,7.46,7.77,
26-Feb-1976,,7.37,7.68,
25-Feb-1976,,7.37,7.68,
24-Feb-1976,,7.39,7.69,
23-Feb-1976,,7.39,7.72,
20-Feb-1976,,7.41,7.77,
19-Feb-1976,,7.45,7.80,
18-Feb-1976,,7.47,7.79,
17-Feb-1976,,7.44,7.78,
13-Feb-1976,,7.50,7.82,
11-Feb-1976,,7.50,7.85,
10-Feb-1976,,7.49,7.88,
09-Feb-1976,,7.47,7.86,
06-Feb-1976,,7.49,7.88,
05-Feb-1976,,7.47,7.83,
04-Feb-1976,,7.50,7.85,
03-Feb-1976,,7.46,7.82,
02-Feb-1976,,7.44,7.80,
30-Jan-1976,,7.43,7.80,
29-Jan-1976,,7.46,7.82,
28-Jan-1976,,7.52,7.83,
27-Jan-1976,,7.48,7.80,
26-Jan-1976,,7.47,7.79,
23-Jan-1976,,7.45,7.78,
22-Jan-1976,,7.51,7.80,
21-Jan-1976,,7.48,7.78,
20-Jan-1976,,7.52,7.71,
19-Jan-1976,,7.46,7.76,
16-Jan-1976,,7.53,7.79,
15-Jan-1976,,7.47,7.73,
14-Jan-1976,,7.41,7.71,
13-Jan-1976,,7.34,7.64,
12-Jan-1976,,7.34,7.63,
09-Jan-1976,,7.37,7.64,
08-Jan-1976,,7.47,7.74,
07-Jan-1976,,7.43,7.69,
06-Jan-1976,,7.41,7.64,
05-Jan-1976,,7.50,7.74,
02-Jan-1976,,7.54,7.77,
31-Dec-1975,,7.50,7.76,
30-Dec-1975,,7.46,7.73,
29-Dec-1975,,7.51,7.75,
26-Dec-1975,,7.48,7.75,
24-Dec-1975,,7.59,7.82,
23-Dec-1975,,7.62,7.87,
22-Dec-1975,,7.64,7.87,
19-Dec-1975,,7.61,7.88,
18-Dec-1975,,7.73,7.96,
17-Dec-1975,,7.70,7.95,
16-Dec-1975,,7.82,8.00,
15-Dec-1975,,7.87,8.06,
12-Dec-1975,,7.91,8.12,
11-Dec-1975,,7.94,8.16,
10-Dec-1975,,8.00,8.23,
09-Dec-1975,,8.00,8.23,
08-Dec-1975,,7.97,8.19,
05-Dec-1975,,7.88,8.13,
04-Dec-1975,,7.89,8.15,
03-Dec-1975,,7.84,8.10,
02-Dec-1975,,7.86,8.10,
01-Dec-1975,,7.87,8.12,
28-Nov-1975,,7.90,8.14,
26-Nov-1975,,7.92,8.15,
25-Nov-1975,,7.93,8.16,
24-Nov-1975,,7.90,8.16,
21-Nov-1975,,8.01,8.21,
20-Nov-1975,,7.88,8.12,
19-Nov-1975,,7.94,8.14,
18-Nov-1975,,7.91,8.13,
17-Nov-1975,,7.87,8.08,
14-Nov-1975,,7.84,8.06,
13-Nov-1975,,7.68,7.97,
12-Nov-1975,,7.62,7.95,
10-Nov-1975,,7.54,7.90,
07-Nov-1975,,7.59,7.91,
06-Nov-1975,,7.69,7.94,
05-Nov-1975,,7.65,7.91,
03-Nov-1975,,7.75,7.97,
31-Oct-1975,,7.66,7.91,
30-Oct-1975,,7.62,7.92,
29-Oct-1975,,7.72,7.98,
28-Oct-1975,,7.80,7.99,
27-Oct-1975,,7.82,8.00,
24-Oct-1975,,7.79,8.00,
23-Oct-1975,,7.77,7.99,
22-Oct-1975,,7.87,8.05,
21-Oct-1975,,7.87,8.05,
20-Oct-1975,,7.92,8.07,
17-Oct-1975,,7.92,8.07,
16-Oct-1975,,7.91,8.07,
15-Oct-1975,,8.10,8.19,
14-Oct-1975,,8.10,8.19,
10-Oct-1975,,8.04,8.15,
09-Oct-1975,,8.15,8.23,
08-Oct-1975,,8.18,8.30,
07-Oct-1975,,8.19,8.33,
06-Oct-1975,,8.12,8.30,
03-Oct-1975,,8.13,8.33,
02-Oct-1975,,8.35,8.44,
01-Oct-1975,,8.40,8.47,
30-Sep-1975,,8.42,8.48,
29-Sep-1975,,8.40,8.46,
26-Sep-1975,,8.40,8.45,
25-Sep-1975,,8.30,8.38,
24-Sep-1975,,8.22,8.31,
23-Sep-1975,,8.27,8.35,
22-Sep-1975,,8.22,8.38,
19-Sep-1975,,8.34,8.42,
18-Sep-1975,,8.45,8.50,
17-Sep-1975,,8.48,8.53,
16-Sep-1975,,8.56,8.59,
15-Sep-1975,,8.56,8.58,
12-Sep-1975,,8.53,8.57,
11-Sep-1975,,8.52,8.55,
10-Sep-1975,,8.41,8.46,
09-Sep-1975,,8.35,8.40,
08-Sep-1975,,8.31,8.36,
05-Sep-1975,,8.31,8.35,
04-Sep-1975,,8.22,8.29,
03-Sep-1975,,8.21,8.29,
02-Sep-1975,,8.20,8.26,
29-Aug-1975,,8.16,8.22,
28-Aug-1975,,8.22,8.28,
27-Aug-1975,,8.27,8.37,
26-Aug-1975,,8.34,8.40,
25-Aug-1975,,8.42,8.46,
22-Aug-1975,,8.40,8.46,
21-Aug-1975,,8.46,8.48,
20-Aug-1975,,8.38,8.42,
19-Aug-1975,,8.36,8.42,
18-Aug-1975,,8.40,8.46,
15-Aug-1975,,8.44,8.48,
14-Aug-1975,,8.39,8.45,
13-Aug-1975,,8.33,8.39,
12-Aug-1975,,8.34,8.40,
11-Aug-1975,,8.25,8.38,
08-Aug-1975,,8.32,8.40,
07-Aug-1975,,8.40,8.48,
06-Aug-1975,,8.29,8.40,
05-Aug-1975,,8.28,8.37,
04-Aug-1975,,8.26,8.37,
01-Aug-1975,,8.18,8.26,
31-Jul-1975,,8.07,8.20,
30-Jul-1975,,8.03,8.16,
29-Jul-1975,,8.00,8.13,
28-Jul-1975,,7.98,8.12,
25-Jul-1975,,8.00,8.12,
24-Jul-1975,,7.96,8.09,
23-Jul-1975,,7.96,8.09,
22-Jul-1975,,7.98,8.10,
21-Jul-1975,,7.97,8.07,
18-Jul-1975,,7.92,8.06,
17-Jul-1975,,7.88,8.04,
16-Jul-1975,,7.89,8.03,
15-Jul-1975,,7.82,7.98,
14-Jul-1975,,7.77,7.99,
11-Jul-1975,,7.82,7.99,
10-Jul-1975,,7.92,8.02,
09-Jul-1975,,7.88,8.02,
08-Jul-1975,,7.86,8.01,
07-Jul-1975,,7.93,8.06,
03-Jul-1975,,7.94,8.05,
02-Jul-1975,,7.88,8.05,
01-Jul-1975,,7.85,7.97,
30-Jun-1975,,7.82,7.96,
27-Jun-1975,,7.78,7.95,
26-Jun-1975,,7.85,7.98,
25-Jun-1975,,7.83,8.02,
24-Jun-1975,,7.64,7.90,
23-Jun-1975,,7.64,7.90,
20-Jun-1975,,7.62,7.94,
19-Jun-1975,,7.44,7.80,
18-Jun-1975,,7.41,7.83,
17-Jun-1975,,7.30,7.72,
16-Jun-1975,,7.21,7.66,
13-Jun-1975,,7.22,7.69,
12-Jun-1975,,7.24,7.67,
11-Jun-1975,,7.23,7.65,
10-Jun-1975,,7.35,7.77,
09-Jun-1975,,7.36,7.78,
06-Jun-1975,,7.48,7.88,
05-Jun-1975,,7.52,7.97,
04-Jun-1975,,7.57,7.99,
03-Jun-1975,,7.62,8.00,
02-Jun-1975,,7.62,8.02,
30-May-1975,,7.61,8.04,
29-May-1975,,7.72,8.18,
28-May-1975,,7.64,8.02,
27-May-1975,,7.60,7.98,
23-May-1975,,7.61,8.02,
22-May-1975,,7.63,8.02,
21-May-1975,,7.60,7.98,
20-May-1975,,7.59,7.98,
19-May-1975,,7.62,8.00,
16-May-1975,,7.64,8.01,
15-May-1975,,7.68,8.02,
14-May-1975,,7.64,8.02,
13-May-1975,,7.70,8.06,
12-May-1975,,7.74,8.07,
09-May-1975,,7.79,8.08,
08-May-1975,,7.78,8.09,
07-May-1975,,7.82,8.07,
06-May-1975,,7.89,8.11,
05-May-1975,,7.83,8.08,
02-May-1975,,7.86,8.11,
01-May-1975,,8.13,8.31,
30-Apr-1975,,8.12,8.31,
29-Apr-1975,,8.12,8.34,
28-Apr-1975,,8.17,8.35,
25-Apr-1975,,8.07,8.25,
24-Apr-1975,,8.07,8.25,
23-Apr-1975,,8.09,8.27,
22-Apr-1975,,8.13,8.32,
21-Apr-1975,,8.16,8.32,
18-Apr-1975,,8.05,8.27,
17-Apr-1975,,7.99,8.21,
16-Apr-1975,,7.90,8.15,
15-Apr-1975,,7.90,8.16,
14-Apr-1975,,7.90,8.16,
11-Apr-1975,,7.96,8.22,
10-Apr-1975,,7.97,8.19,
09-Apr-1975,,7.93,8.17,
08-Apr-1975,,7.97,8.21,
07-Apr-1975,,8.06,8.26,
04-Apr-1975,,7.84,8.15,
03-Apr-1975,,7.83,8.13,
02-Apr-1975,,7.82,8.22,
01-Apr-1975,,7.65,8.08,
31-Mar-1975,,7.50,8.01,
27-Mar-1975,,7.46,8.08,
26-Mar-1975,,7.46,8.02,
25-Mar-1975,,7.43,8.03,
24-Mar-1975,,7.45,8.05,
21-Mar-1975,,7.40,7.84,
20-Mar-1975,,7.37,7.95,
19-Mar-1975,,7.39,7.80,
18-Mar-1975,,7.31,7.70,
17-Mar-1975,,7.32,7.70,
14-Mar-1975,,7.21,7.58,
13-Mar-1975,,7.19,7.56,
12-Mar-1975,,7.20,7.58,
11-Mar-1975,,7.20,7.58,
10-Mar-1975,,7.25,7.56,
07-Mar-1975,,7.21,7.52,
06-Mar-1975,,7.16,7.49,
05-Mar-1975,,7.14,7.48,
04-Mar-1975,,7.22,7.53,
03-Mar-1975,,7.20,7.50,
28-Feb-1975,,7.13,7.46,
27-Feb-1975,,7.17,7.47,
26-Feb-1975,,7.20,7.50,
25-Feb-1975,,7.13,7.43,
24-Feb-1975,,7.03,7.36,
21-Feb-1975,,7.03,7.22,
20-Feb-1975,,7.00,7.30,
19-Feb-1975,,6.93,7.26,
18-Feb-1975,,7.00,7.28,
14-Feb-1975,,7.07,7.35,
13-Feb-1975,,7.19,7.44,
11-Feb-1975,,7.19,7.42,
10-Feb-1975,,7.22,7.45,
07-Feb-1975,,7.11,7.38,
06-Feb-1975,,7.11,7.43,
05-Feb-1975,,7.08,7.35,
04-Feb-1975,,7.19,7.47,
03-Feb-1975,,7.25,7.49,
31-Jan-1975,,7.34,7.53,
30-Jan-1975,,7.35,7.54,
29-Jan-1975,,7.38,7.59,
28-Jan-1975,,7.42,7.61,
27-Jan-1975,,7.44,7.61,
24-Jan-1975,,7.45,7.64,
23-Jan-1975,,7.50,7.57,
22-Jan-1975,,7.45,7.51,
21-Jan-1975,,7.48,7.55,
20-Jan-1975,,7.54,7.59,
17-Jan-1975,,7.45,7.53,
16-Jan-1975,,7.48,7.54,
15-Jan-1975,,7.49,7.54,
14-Jan-1975,,7.41,7.49,
13-Jan-1975,,7.40,7.46,
10-Jan-1975,,7.34,7.37,
09-Jan-1975,,7.29,7.35,
08-Jan-1975,,7.32,7.39,
07-Jan-1975,,7.35,7.38,
06-Jan-1975,,7.34,7.39,
03-Jan-1975,,7.36,7.43,
02-Jan-1975,,7.34,7.42,
31-Dec-1974,,7.36,7.40,
30-Dec-1974,,7.34,7.39,
27-Dec-1974,,7.27,7.39,
26-Dec-1974,,7.27,7.37,
24-Dec-1974,,7.33,7.43,
23-Dec-1974,,7.29,7.41,
20-Dec-1974,,7.10,7.27,
19-Dec-1974,,7.10,7.25,
18-Dec-1974,,7.09,7.25,
17-Dec-1974,,7.13,7.28,
16-Dec-1974,,7.21,7.34,
13-Dec-1974,,7.20,7.38,
12-Dec-1974,,7.26,7.39,
11-Dec-1974,,7.22,7.38,
10-Dec-1974,,7.27,7.42,
09-Dec-1974,,7.25,7.40,
06-Dec-1974,,7.47,7.59,
05-Dec-1974,,7.52,7.64,
04-Dec-1974,,7.57,7.68,
03-Dec-1974,,7.64,7.74,
02-Dec-1974,,7.60,7.71,
29-Nov-1974,,7.56,7.64,
27-Nov-1974,,7.56,7.64,
26-Nov-1974,,7.56,7.63,
25-Nov-1974,,7.53,7.62,
22-Nov-1974,,7.54,7.60,
21-Nov-1974,,7.55,7.60,
20-Nov-1974,,7.55,7.59,
19-Nov-1974,,7.60,7.63,
18-Nov-1974,,7.61,7.63,
15-Nov-1974,,7.60,7.61,
14-Nov-1974,,7.70,7.72,
13-Nov-1974,,7.76,7.75,
12-Nov-1974,,7.76,7.78,
08-Nov-1974,,7.79,7.72,
07-Nov-1974,,7.81,7.74,
06-Nov-1974,,7.87,7.76,
04-Nov-1974,,7.91,7.80,
01-Nov-1974,,7.95,7.80,
31-Oct-1974,,7.94,7.79,
30-Oct-1974,,7.95,7.81,
29-Oct-1974,,7.95,7.84,
28-Oct-1974,,7.98,7.88,
25-Oct-1974,,7.92,7.86,
24-Oct-1974,,7.90,7.87,
23-Oct-1974,,7.88,7.85,
22-Oct-1974,,7.86,7.81,
21-Oct-1974,,7.85,7.81,
18-Oct-1974,,7.88,7.86,
17-Oct-1974,,7.98,7.88,
16-Oct-1974,,7.96,7.87,
15-Oct-1974,,7.92,7.87,
11-Oct-1974,,7.93,7.88,
10-Oct-1974,,7.99,7.93,
09-Oct-1974,,8.02,7.95,
08-Oct-1974,,7.97,7.95,
07-Oct-1974,,7.98,8.01,
04-Oct-1974,,8.05,8.02,
03-Oct-1974,,8.14,8.04,
02-Oct-1974,,8.13,7.98,
01-Oct-1974,,8.11,7.97,
30-Sep-1974,,8.05,7.94,
27-Sep-1974,,8.07,7.94,
26-Sep-1974,,8.11,7.96,
25-Sep-1974,,8.16,7.94,
24-Sep-1974,,8.16,7.94,
23-Sep-1974,,8.15,7.91,
20-Sep-1974,,8.26,8.02,
19-Sep-1974,,8.30,8.04,
18-Sep-1974,,8.35,8.08,
17-Sep-1974,,8.41,8.09,
16-Sep-1974,,8.45,8.10,
13-Sep-1974,,8.53,8.13,
12-Sep-1974,,8.57,8.13,
11-Sep-1974,,8.49,8.05,
10-Sep-1974,,8.50,8.04,
09-Sep-1974,,8.49,8.02,
06-Sep-1974,,8.57,8.09,
05-Sep-1974,,8.59,8.10,
04-Sep-1974,,8.63,8.12,
03-Sep-1974,,8.65,8.11,
30-Aug-1974,,8.63,8.11,
29-Aug-1974,,8.68,8.15,
28-Aug-1974,,8.71,8.15,
27-Aug-1974,,8.72,8.15,
26-Aug-1974,,8.77,8.16,
23-Aug-1974,,8.79,8.15,
22-Aug-1974,,8.74,8.09,
21-Aug-1974,,8.65,8.05,
20-Aug-1974,,8.56,7.99,
19-Aug-1974,,8.53,7.98,
16-Aug-1974,,8.53,8.00,
15-Aug-1974,,8.57,8.02,
14-Aug-1974,,8.58,8.05,
13-Aug-1974,,8.60,8.06,
12-Aug-1974,,8.58,8.05,
09-Aug-1974,,8.62,8.03,
08-Aug-1974,,8.59,7.97,
07-Aug-1974,,8.62,7.97,
06-Aug-1974,,8.53,7.97,
05-Aug-1974,,8.61,7.99,
02-Aug-1974,,8.68,7.96,
01-Aug-1974,,8.57,7.92,
31-Jul-1974,,8.46,7.89,
30-Jul-1974,,8.47,7.89,
29-Jul-1974,,8.32,7.85,
26-Jul-1974,,8.24,7.79,
25-Jul-1974,,8.04,7.75,
24-Jul-1974,,8.06,7.76,
23-Jul-1974,,8.15,7.79,
22-Jul-1974,,8.18,7.77,
19-Jul-1974,,8.29,7.87,
18-Jul-1974,,8.38,7.90,
17-Jul-1974,,8.38,7.91,
16-Jul-1974,,8.42,7.88,
15-Jul-1974,,8.42,7.86,
12-Jul-1974,,8.41,7.85,
11-Jul-1974,,8.54,7.84,
10-Jul-1974,,8.58,7.82,
09-Jul-1974,,8.63,7.81,
08-Jul-1974,,8.63,7.77,
05-Jul-1974,,8.51,7.71,
03-Jul-1974,,8.43,7.70,
02-Jul-1974,,8.35,7.65,
01-Jul-1974,,8.38,7.65,
28-Jun-1974,,8.33,7.64,
27-Jun-1974,,8.36,7.64,
26-Jun-1974,,8.25,7.62,
25-Jun-1974,,8.29,7.62,
24-Jun-1974,,8.22,7.58,
21-Jun-1974,,8.10,7.55,
20-Jun-1974,,8.07,7.55,
19-Jun-1974,,8.06,7.52,
18-Jun-1974,,8.06,7.52,
17-Jun-1974,,8.01,7.49,
14-Jun-1974,,8.06,7.50,
13-Jun-1974,,8.10,7.50,
12-Jun-1974,,8.03,7.50,
11-Jun-1974,,7.95,7.48,
10-Jun-1974,,7.93,7.47,
07-Jun-1974,,7.93,7.46,
06-Jun-1974,,8.00,7.50,
05-Jun-1974,,8.04,7.52,
04-Jun-1974,,8.02,7.52,
03-Jun-1974,,8.11,7.53,
31-May-1974,,8.06,7.52,
30-May-1974,,8.02,7.51,
29-May-1974,,8.06,7.52,
28-May-1974,,8.05,7.50,
24-May-1974,,7.94,7.49,
23-May-1974,,7.98,7.52,
22-May-1974,,8.07,7.56,
21-May-1974,,8.13,7.57,
20-May-1974,,8.21,7.58,
17-May-1974,,8.21,7.57,
16-May-1974,,8.12,7.54,
15-May-1974,,8.10,7.55,
14-May-1974,,8.13,7.57,
13-May-1974,,8.06,7.54,
10-May-1974,,8.19,7.63,
09-May-1974,,8.47,7.70,
08-May-1974,,8.46,7.65,
07-May-1974,,8.56,7.65,
06-May-1974,,8.42,7.65,
03-May-1974,,8.35,7.65,
02-May-1974,,8.20,7.58,
01-May-1974,,8.16,7.62,
30-Apr-1974,,8.21,7.66,
29-Apr-1974,,8.20,7.65,
26-Apr-1974,,8.11,7.64,
25-Apr-1974,,8.04,7.63,
24-Apr-1974,,7.95,7.58,
23-Apr-1974,,7.96,7.54,
22-Apr-1974,,7.95,7.52,
19-Apr-1974,,7.93,7.51,
18-Apr-1974,,7.97,7.50,
17-Apr-1974,,7.88,7.45,
16-Apr-1974,,7.88,7.43,
15-Apr-1974,,7.75,7.42,
11-Apr-1974,,7.83,7.45,
10-Apr-1974,,7.84,7.46,
09-Apr-1974,,7.92,7.49,
08-Apr-1974,,7.92,7.50,
05-Apr-1974,,7.97,7.54,
04-Apr-1974,,7.88,7.51,
03-Apr-1974,,7.75,7.43,
02-Apr-1974,,7.71,7.43,
01-Apr-1974,,7.67,7.42,
29-Mar-1974,,7.65,7.41,
28-Mar-1974,,7.67,7.38,
27-Mar-1974,,7.59,7.35,
26-Mar-1974,,7.62,7.38,
25-Mar-1974,,7.68,7.39,
22-Mar-1974,,7.65,7.35,
21-Mar-1974,,7.56,7.30,
20-Mar-1974,,7.40,7.27,
19-Mar-1974,,7.33,7.24,
18-Mar-1974,,7.32,7.23,
15-Mar-1974,,7.22,7.18,
14-Mar-1974,,7.14,7.13,
13-Mar-1974,,7.16,7.13,
12-Mar-1974,,7.12,7.09,
11-Mar-1974,,7.12,7.08,
08-Mar-1974,,7.09,7.06,
07-Mar-1974,,7.01,7.06,
06-Mar-1974,,7.02,7.09,
05-Mar-1974,,7.08,7.10,
04-Mar-1974,,7.08,7.09,
01-Mar-1974,,7.06,7.08,
28-Feb-1974,,6.98,7.01,
27-Feb-1974,,6.96,7.00,
26-Feb-1974,,6.94,6.98,
25-Feb-1974,,6.83,6.96,
22-Feb-1974,,6.82,6.97,
21-Feb-1974,,6.81,6.98,
20-Feb-1974,,6.77,6.96,
19-Feb-1974,,6.76,6.93,
15-Feb-1974,,6.74,6.93,
14-Feb-1974,,6.72,6.93,
13-Feb-1974,,6.76,6.93,
11-Feb-1974,,6.78,6.93,
08-Feb-1974,,6.79,6.93,
07-Feb-1974,,6.82,6.93,
06-Feb-1974,,6.77,6.93,
05-Feb-1974,,6.80,6.95,
04-Feb-1974,,6.80,6.98,
01-Feb-1974,,6.85,7.00,
31-Jan-1974,,6.91,7.00,
30-Jan-1974,,6.97,7.01,
29-Jan-1974,,7.00,7.02,
28-Jan-1974,,7.01,7.01,
25-Jan-1974,,7.06,7.02,
24-Jan-1974,,7.06,7.02,
23-Jan-1974,,7.08,7.01,
22-Jan-1974,,7.05,7.00,
21-Jan-1974,,6.99,6.99,
18-Jan-1974,,6.94,6.98,
17-Jan-1974,,6.93,6.97,
16-Jan-1974,,6.96,6.99,
15-Jan-1974,,6.94,6.99,
14-Jan-1974,,6.98,7.01,
11-Jan-1974,,6.96,7.01,
10-Jan-1974,,6.91,7.00,
09-Jan-1974,,6.87,6.96,
08-Jan-1974,,6.87,6.96,
07-Jan-1974,,6.86,6.96,
04-Jan-1974,,6.83,6.94,
03-Jan-1974,,6.83,6.96,
02-Jan-1974,,6.86,6.94,
31-Dec-1973,,6.83,6.90,
28-Dec-1973,,6.81,6.91,
27-Dec-1973,,6.84,6.88,
26-Dec-1973,,6.87,6.83,
21-Dec-1973,,6.75,6.78,
20-Dec-1973,,6.73,6.73,
19-Dec-1973,,6.75,6.71,
18-Dec-1973,,6.75,6.68,
17-Dec-1973,,6.71,6.67,
14-Dec-1973,,6.74,6.68,
13-Dec-1973,,6.76,6.68,
12-Dec-1973,,6.73,6.69,
11-Dec-1973,,6.77,6.69,
10-Dec-1973,,6.72,6.71,
07-Dec-1973,,6.88,6.74,
06-Dec-1973,,6.91,6.75,
05-Dec-1973,,6.90,6.72,
04-Dec-1973,,6.85,6.69,
03-Dec-1973,,6.84,6.69,
30-Nov-1973,,6.77,6.69,
29-Nov-1973,,6.80,6.70,
28-Nov-1973,,6.80,6.70,
27-Nov-1973,,6.77,6.70,
26-Nov-1973,,6.76,6.69,
23-Nov-1973,,6.81,6.70,
21-Nov-1973,,6.80,6.71,
20-Nov-1973,,6.90,6.72,
19-Nov-1973,,6.91,6.71,
16-Nov-1973,,7.05,6.72,
15-Nov-1973,,7.10,6.76,
14-Nov-1973,,7.19,6.79,
13-Nov-1973,,7.16,6.76,
12-Nov-1973,,7.03,6.76,
09-Nov-1973,,6.93,6.76,
08-Nov-1973,,6.91,6.77,
07-Nov-1973,,6.98,6.76,
05-Nov-1973,,7.00,6.74,
02-Nov-1973,,6.85,6.72,
01-Nov-1973,,6.83,6.71,
31-Oct-1973,,6.80,6.71,
30-Oct-1973,,6.75,6.72,
29-Oct-1973,,6.77,6.72,
26-Oct-1973,,6.76,6.72,
25-Oct-1973,,6.76,6.73,
24-Oct-1973,,6.81,6.75,
23-Oct-1973,,6.80,6.80,
19-Oct-1973,,6.75,6.80,
18-Oct-1973,,6.77,6.81,
17-Oct-1973,,6.79,6.82,
16-Oct-1973,,6.80,6.81,
15-Oct-1973,,6.75,6.77,
12-Oct-1973,,6.68,6.75,
11-Oct-1973,,6.74,6.78,
10-Oct-1973,,6.74,6.77,
09-Oct-1973,,6.68,6.78,
05-Oct-1973,,6.72,6.86,
04-Oct-1973,,6.88,6.88,
03-Oct-1973,,6.82,6.90,
02-Oct-1973,,6.88,6.89,
01-Oct-1973,,6.75,6.91,
28-Sep-1973,,6.72,6.90,
27-Sep-1973,,6.80,6.94,
26-Sep-1973,,6.82,6.97,
25-Sep-1973,,6.79,6.96,
24-Sep-1973,,6.81,7.00,
21-Sep-1973,,6.91,7.02,
20-Sep-1973,,6.95,7.09,
19-Sep-1973,,7.02,7.10,
18-Sep-1973,,6.99,7.08,
17-Sep-1973,,7.11,7.16,
14-Sep-1973,,7.29,7.21,
13-Sep-1973,,7.36,7.21,
12-Sep-1973,,7.33,7.20,
11-Sep-1973,,7.33,7.19,
10-Sep-1973,,7.23,7.16,
07-Sep-1973,,7.10,7.11,
06-Sep-1973,,7.12,7.10,
05-Sep-1973,,7.12,7.11,
04-Sep-1973,,7.22,7.21,
31-Aug-1973,,7.28,7.25,
30-Aug-1973,,7.26,7.25,
29-Aug-1973,,7.22,7.26,
28-Aug-1973,,7.31,7.29,
27-Aug-1973,,7.23,7.26,
24-Aug-1973,,7.15,7.23,
23-Aug-1973,,7.31,7.31,
22-Aug-1973,,7.51,7.39,
21-Aug-1973,,7.47,7.36,
20-Aug-1973,,7.50,7.38,
17-Aug-1973,,7.41,7.28,
16-Aug-1973,,7.54,7.37,
15-Aug-1973,,7.71,7.45,
14-Aug-1973,,7.81,7.46,
13-Aug-1973,,7.84,7.47,
10-Aug-1973,,7.96,7.52,
09-Aug-1973,,8.01,7.54,
08-Aug-1973,,7.97,7.52,
07-Aug-1973,,8.13,7.58,
06-Aug-1973,,8.06,7.54,
03-Aug-1973,,7.98,7.53,
02-Aug-1973,,7.86,7.52,
01-Aug-1973,,7.94,7.55,
31-Jul-1973,,7.87,7.43,
30-Jul-1973,,7.80,7.37,
27-Jul-1973,,7.78,7.35,
26-Jul-1973,,7.70,7.28,
25-Jul-1973,,7.56,7.19,
24-Jul-1973,,7.50,7.19,
23-Jul-1973,,7.45,7.17,
20-Jul-1973,,7.48,7.17,
19-Jul-1973,,7.39,7.11,
18-Jul-1973,,7.26,7.07,
17-Jul-1973,,7.22,7.06,
16-Jul-1973,,7.21,7.06,
13-Jul-1973,,7.17,7.05,
12-Jul-1973,,7.12,7.04,
11-Jul-1973,,7.11,7.05,
10-Jul-1973,,7.11,7.05,
09-Jul-1973,,7.18,7.05,
06-Jul-1973,,7.07,7.03,
05-Jul-1973,,7.02,7.01,
03-Jul-1973,,7.03,7.01,
02-Jul-1973,,7.00,7.01,
29-Jun-1973,,6.90,6.94,
28-Jun-1973,,6.82,6.92,
27-Jun-1973,,6.78,6.92,
26-Jun-1973,,6.76,6.93,
25-Jun-1973,,6.74,6.93,
22-Jun-1973,,6.70,6.91,
21-Jun-1973,,6.67,6.89,
20-Jun-1973,,6.66,6.89,
19-Jun-1973,,6.66,6.87,
18-Jun-1973,,6.65,6.87,
15-Jun-1973,,6.63,6.86,
14-Jun-1973,,6.62,6.85,
13-Jun-1973,,6.62,6.85,
12-Jun-1973,,6.61,6.86,
11-Jun-1973,,6.62,6.87,
08-Jun-1973,,6.59,6.87,
07-Jun-1973,,6.61,6.89,
06-Jun-1973,,6.57,6.89,
05-Jun-1973,,6.70,6.95,
04-Jun-1973,,6.80,6.98,
01-Jun-1973,,6.78,6.96,
31-May-1973,,6.78,6.93,
30-May-1973,,6.80,6.93,
29-May-1973,,6.80,6.93,
25-May-1973,,6.78,6.91,
24-May-1973,,6.80,6.91,
23-May-1973,,6.84,6.92,
22-May-1973,,6.86,6.90,
21-May-1973,,6.86,6.89,
18-May-1973,,6.83,6.86,
17-May-1973,,6.81,6.85,
16-May-1973,,6.76,6.84,
15-May-1973,,6.78,6.86,
14-May-1973,,6.80,6.83,
11-May-1973,,6.81,6.82,
10-May-1973,,6.77,6.81,
09-May-1973,,6.78,6.80,
08-May-1973,,6.80,6.80,
07-May-1973,,6.83,6.81,
04-May-1973,,6.83,6.79,
03-May-1973,,6.80,6.77,
02-May-1973,,6.78,6.76,
01-May-1973,,6.77,6.72,
30-Apr-1973,,6.73,6.70,
27-Apr-1973,,6.70,6.69,
26-Apr-1973,,6.67,6.68,
25-Apr-1973,,6.72,6.66,
24-Apr-1973,,6.73,6.66,
23-Apr-1973,,6.76,6.73,
19-Apr-1973,,6.71,6.66,
18-Apr-1973,,6.67,6.64,
17-Apr-1973,,6.66,6.64,
16-Apr-1973,,6.57,6.62,
13-Apr-1973,,6.55,6.63,
12-Apr-1973,,6.64,6.66,
11-Apr-1973,,6.63,6.65,
10-Apr-1973,,6.58,6.64,
09-Apr-1973,,6.55,6.62,
06-Apr-1973,,6.59,6.64,
05-Apr-1973,,6.70,6.68,
04-Apr-1973,,6.71,6.70,
03-Apr-1973,,6.77,6.73,
02-Apr-1973,,6.81,6.74,
30-Mar-1973,,6.81,6.73,
29-Mar-1973,,6.68,6.68,
28-Mar-1973,,6.69,6.67,
27-Mar-1973,,6.74,6.72,
26-Mar-1973,,6.76,6.73,
23-Mar-1973,,6.84,6.76,
22-Mar-1973,,6.84,6.76,
21-Mar-1973,,6.83,6.76,
20-Mar-1973,,6.85,6.76,
19-Mar-1973,,6.85,6.75,
16-Mar-1973,,6.92,6.77,
15-Mar-1973,,6.85,6.73,
14-Mar-1973,,6.82,6.71,
13-Mar-1973,,6.81,6.70,
12-Mar-1973,,6.84,6.68,
09-Mar-1973,,6.83,6.68,
08-Mar-1973,,6.83,6.67,
07-Mar-1973,,6.80,6.66,
06-Mar-1973,,6.83,6.68,
05-Mar-1973,,6.79,6.68,
02-Mar-1973,,6.77,6.67,
01-Mar-1973,,6.72,6.65,
28-Feb-1973,,6.73,6.64,
27-Feb-1973,,6.72,6.64,
26-Feb-1973,,6.72,6.65,
23-Feb-1973,,6.60,6.61,
22-Feb-1973,,6.64,6.65,
21-Feb-1973,,6.65,6.66,
20-Feb-1973,,6.65,6.66,
16-Feb-1973,,6.55,6.63,
15-Feb-1973,,6.53,6.62,
14-Feb-1973,,6.54,6.62,
13-Feb-1973,,6.54,6.61,
09-Feb-1973,,6.51,6.63,
08-Feb-1973,,6.55,6.66,
07-Feb-1973,,6.57,6.64,
06-Feb-1973,,6.58,6.64,
05-Feb-1973,,6.58,6.64,
02-Feb-1973,,6.58,6.64,
01-Feb-1973,,6.56,6.60,
31-Jan-1973,,6.45,6.54,
30-Jan-1973,,6.44,6.52,
29-Jan-1973,,6.44,6.55,
26-Jan-1973,,6.44,6.53,
25-Jan-1973,,6.41,6.51,
24-Jan-1973,,6.39,6.49,
23-Jan-1973,,6.35,6.48,
22-Jan-1973,,6.38,6.50,
19-Jan-1973,,6.36,6.49,
18-Jan-1973,,6.32,6.46,
17-Jan-1973,,6.30,6.45,
16-Jan-1973,,6.32,6.44,
15-Jan-1973,,6.31,6.44,
12-Jan-1973,,6.33,6.44,
11-Jan-1973,,6.31,6.43,
10-Jan-1973,,6.31,6.43,
09-Jan-1973,,6.30,6.42,
08-Jan-1973,,6.30,6.43,
05-Jan-1973,,6.27,6.42,
04-Jan-1973,,6.23,6.40,
03-Jan-1973,,6.26,6.42,
02-Jan-1973,,6.29,6.43,
29-Dec-1972,,6.26,6.41,
28-Dec-1972,,6.22,6.41,
27-Dec-1972,,6.20,6.40,
26-Dec-1972,,6.19,6.39,
22-Dec-1972,,6.19,6.40,
21-Dec-1972,,6.17,6.40,
20-Dec-1972,,6.18,6.40,
19-Dec-1972,,6.18,6.40,
18-Dec-1972,,6.18,6.38,
15-Dec-1972,,6.11,6.35,
14-Dec-1972,,6.11,6.35,
13-Dec-1972,,6.12,6.35,
12-Dec-1972,,6.13,6.35,
11-Dec-1972,,6.15,6.34,
08-Dec-1972,,6.14,6.32,
07-Dec-1972,,6.12,6.31,
06-Dec-1972,,6.13,6.31,
05-Dec-1972,,6.14,6.31,
04-Dec-1972,,6.13,6.30,
01-Dec-1972,,6.12,6.29,
30-Nov-1972,,6.12,6.28,
29-Nov-1972,,6.10,6.27,
28-Nov-1972,,6.12,6.29,
27-Nov-1972,,6.13,6.30,
24-Nov-1972,,6.10,6.27,
22-Nov-1972,,6.09,6.27,
21-Nov-1972,,6.09,6.26,
20-Nov-1972,,6.08,6.23,
17-Nov-1972,,6.10,6.24,
16-Nov-1972,,6.08,6.24,
15-Nov-1972,,6.06,6.23,
14-Nov-1972,,6.10,6.26,
13-Nov-1972,,6.11,6.27,
10-Nov-1972,,6.15,6.30,
09-Nov-1972,,6.16,6.30,
08-Nov-1972,,6.15,6.30,
06-Nov-1972,,6.11,6.27,
03-Nov-1972,,6.13,6.30,
02-Nov-1972,,6.15,6.34,
01-Nov-1972,,6.20,6.39,
31-Oct-1972,,6.20,6.41,
30-Oct-1972,,6.20,6.42,
27-Oct-1972,,6.18,6.42,
26-Oct-1972,,6.16,6.42,
25-Oct-1972,,6.17,6.44,
24-Oct-1972,,6.16,6.45,
20-Oct-1972,,6.19,6.47,
19-Oct-1972,,6.19,6.48,
18-Oct-1972,,6.19,6.49,
17-Oct-1972,,6.17,6.49,
16-Oct-1972,,6.17,6.49,
13-Oct-1972,,6.19,6.50,
12-Oct-1972,,6.19,6.50,
11-Oct-1972,,6.16,6.47,
10-Oct-1972,,6.15,6.48,
06-Oct-1972,,6.18,6.52,
05-Oct-1972,,6.19,6.53,
04-Oct-1972,,6.20,6.53,
03-Oct-1972,,6.23,6.54,
02-Oct-1972,,6.17,6.54,
29-Sep-1972,,6.18,6.54,
28-Sep-1972,,6.19,6.56,
27-Sep-1972,,6.21,6.59,
26-Sep-1972,,6.22,6.60,
25-Sep-1972,,6.27,6.62,
22-Sep-1972,,6.28,6.62,
21-Sep-1972,,6.25,6.59,
20-Sep-1972,,6.23,6.56,
19-Sep-1972,,6.22,6.55,
18-Sep-1972,,6.22,6.55,
15-Sep-1972,,6.27,6.56,
14-Sep-1972,,6.32,6.57,
13-Sep-1972,,6.31,6.54,
12-Sep-1972,,6.28,6.54,
11-Sep-1972,,6.28,6.54,
08-Sep-1972,,6.30,6.56,
07-Sep-1972,,6.28,6.52,
06-Sep-1972,,6.26,6.49,
05-Sep-1972,,6.24,6.46,
01-Sep-1972,,6.20,6.43,
31-Aug-1972,,6.21,6.42,
30-Aug-1972,,6.22,6.42,
29-Aug-1972,,6.19,6.34,
28-Aug-1972,,6.17,6.30,
25-Aug-1972,,6.13,6.26,
24-Aug-1972,,6.04,6.23,
23-Aug-1972,,6.02,6.22,
22-Aug-1972,,5.99,6.20,
21-Aug-1972,,5.98,6.21,
18-Aug-1972,,5.98,6.21,
17-Aug-1972,,5.96,6.20,
16-Aug-1972,,5.96,6.18,
15-Aug-1972,,5.96,6.17,
14-Aug-1972,,5.96,6.16,
11-Aug-1972,,5.95,6.14,
10-Aug-1972,,5.95,6.14,
09-Aug-1972,,5.94,6.14,
08-Aug-1972,,5.97,6.15,
07-Aug-1972,,5.98,6.16,
04-Aug-1972,,5.98,6.16,
03-Aug-1972,,5.96,6.15,
02-Aug-1972,,5.95,6.14,
01-Aug-1972,,5.98,6.14,
31-Jul-1972,,5.98,6.12,
28-Jul-1972,,6.00,6.12,
27-Jul-1972,,6.02,6.13,
26-Jul-1972,,5.98,6.08,
25-Jul-1972,,5.98,6.09,
24-Jul-1972,,5.99,6.10,
21-Jul-1972,,5.99,6.10,
20-Jul-1972,,5.97,6.09,
19-Jul-1972,,5.94,6.09,
18-Jul-1972,,5.96,6.11,
17-Jul-1972,,5.94,6.11,
14-Jul-1972,,5.93,6.10,
13-Jul-1972,,5.96,6.11,
12-Jul-1972,,5.97,6.12,
11-Jul-1972,,5.98,6.13,
10-Jul-1972,,5.98,6.13,
07-Jul-1972,,5.98,6.13,
06-Jul-1972,,5.93,6.13,
05-Jul-1972,,5.96,6.13,
03-Jul-1972,,6.00,6.14,
30-Jun-1972,,6.00,6.15,
29-Jun-1972,,6.00,6.14,
28-Jun-1972,,5.96,6.12,
27-Jun-1972,,5.98,6.12,
26-Jun-1972,,6.00,6.12,
23-Jun-1972,,5.98,6.10,
22-Jun-1972,,5.98,6.11,
21-Jun-1972,,5.94,6.09,
20-Jun-1972,,5.90,6.08,
19-Jun-1972,,5.88,6.08,
16-Jun-1972,,5.89,6.10,
15-Jun-1972,,5.86,6.10,
14-Jun-1972,,5.86,6.10,
13-Jun-1972,,5.87,6.10,
12-Jun-1972,,5.86,6.10,
09-Jun-1972,,5.86,6.11,
08-Jun-1972,,5.87,6.12,
07-Jun-1972,,5.86,6.12,
06-Jun-1972,,5.88,6.13,
05-Jun-1972,,5.86,6.10,
02-Jun-1972,,5.84,6.09,
01-Jun-1972,,5.82,6.07,
31-May-1972,,5.79,6.05,
30-May-1972,,5.75,6.05,
26-May-1972,,5.77,6.04,
25-May-1972,,5.77,6.04,
24-May-1972,,5.80,6.06,
23-May-1972,,5.78,6.05,
22-May-1972,,5.81,6.07,
19-May-1972,,5.84,6.10,
18-May-1972,,5.86,6.13,
17-May-1972,,5.88,6.15,
16-May-1972,,5.86,6.16,
15-May-1972,,5.84,6.16,
12-May-1972,,5.85,6.16,
11-May-1972,,5.90,6.19,
10-May-1972,,5.92,6.19,
09-May-1972,,5.95,6.20,
08-May-1972,,5.92,6.17,
05-May-1972,,5.91,6.17,
04-May-1972,,5.92,6.17,
03-May-1972,,5.91,6.17,
02-May-1972,,5.88,6.16,
01-May-1972,,5.85,6.14,
28-Apr-1972,,5.89,6.14,
27-Apr-1972,,5.90,6.11,
26-Apr-1972,,6.10,6.19,
25-Apr-1972,,6.14,6.21,
24-Apr-1972,,6.17,6.21,
21-Apr-1972,,6.18,6.20,
20-Apr-1972,,6.18,6.21,
19-Apr-1972,,6.20,6.22,
18-Apr-1972,,6.20,6.24,
17-Apr-1972,,6.21,6.24,
14-Apr-1972,,6.23,6.25,
13-Apr-1972,,6.28,6.25,
12-Apr-1972,,6.28,6.21,
11-Apr-1972,,6.23,6.18,
10-Apr-1972,,6.18,6.17,
07-Apr-1972,,6.22,6.18,
06-Apr-1972,,6.22,6.18,
05-Apr-1972,,6.21,6.18,
04-Apr-1972,,6.24,6.18,
03-Apr-1972,,6.15,6.14,
30-Mar-1972,,6.10,6.12,
29-Mar-1972,,6.09,6.12,
28-Mar-1972,,6.03,6.11,
27-Mar-1972,,5.99,6.10,
24-Mar-1972,,6.00,6.12,
23-Mar-1972,,5.95,6.10,
22-Mar-1972,,5.88,6.08,
21-Mar-1972,,5.92,6.08,
20-Mar-1972,,5.97,6.09,
17-Mar-1972,,5.98,6.08,
16-Mar-1972,,5.94,6.08,
15-Mar-1972,,5.98,6.11,
14-Mar-1972,,5.91,6.06,
13-Mar-1972,,5.90,6.07,
10-Mar-1972,,5.81,6.03,
09-Mar-1972,,5.74,6.02,
08-Mar-1972,,5.70,6.02,
07-Mar-1972,,5.68,6.02,
06-Mar-1972,,5.66,6.01,
03-Mar-1972,,5.64,6.02,
02-Mar-1972,,5.62,6.03,
01-Mar-1972,,5.66,6.04,
29-Feb-1972,,5.68,6.04,
28-Feb-1972,,5.66,6.04,
25-Feb-1972,,5.65,6.06,
24-Feb-1972,,5.66,6.07,
23-Feb-1972,,5.68,6.07,
22-Feb-1972,,5.64,6.06,
18-Feb-1972,,5.64,6.06,
17-Feb-1972,,5.63,6.06,
16-Feb-1972,,5.63,6.08,
15-Feb-1972,,5.67,6.10,
14-Feb-1972,,5.68,6.10,
11-Feb-1972,,5.70,6.12,
10-Feb-1972,,5.69,6.11,
09-Feb-1972,,5.73,6.12,
08-Feb-1972,,5.74,6.11,
07-Feb-1972,,5.73,6.09,
04-Feb-1972,,5.72,6.08,
03-Feb-1972,,5.77,6.08,
02-Feb-1972,,5.75,6.08,
01-Feb-1972,,5.78,6.09,
31-Jan-1972,,5.75,6.09,
28-Jan-1972,,5.74,6.08,
27-Jan-1972,,5.72,6.05,
26-Jan-1972,,5.66,6.01,
25-Jan-1972,,5.68,6.02,
24-Jan-1972,,5.72,6.02,
21-Jan-1972,,5.68,5.99,
20-Jan-1972,,5.66,5.98,
19-Jan-1972,,5.64,5.96,
18-Jan-1972,,5.56,5.92,
17-Jan-1972,,5.52,5.89,
14-Jan-1972,,5.48,5.85,
13-Jan-1972,,5.47,5.86,
12-Jan-1972,,5.50,5.88,
11-Jan-1972,,5.50,5.88,
10-Jan-1972,,5.48,5.86,
07-Jan-1972,,5.51,5.88,
06-Jan-1972,,5.53,5.90,
05-Jan-1972,,5.56,5.91,
04-Jan-1972,,5.55,5.93,
03-Jan-1972,,5.55,5.94,
31-Dec-1971,,5.50,5.89,
30-Dec-1971,,5.52,5.90,
29-Dec-1971,,5.54,5.90,
28-Dec-1971,,5.49,5.86,
27-Dec-1971,,5.55,5.91,
23-Dec-1971,,5.64,5.97,
22-Dec-1971,,5.71,6.01,
21-Dec-1971,,5.73,6.00,
20-Dec-1971,,5.73,5.97,
17-Dec-1971,,5.70,5.93,
16-Dec-1971,,5.73,5.95,
15-Dec-1971,,5.76,5.96,
14-Dec-1971,,5.75,5.94,
13-Dec-1971,,5.71,5.90,
10-Dec-1971,,5.77,5.93,
09-Dec-1971,,5.79,5.94,
08-Dec-1971,,5.75,5.92,
07-Dec-1971,,5.78,5.92,
06-Dec-1971,,5.74,5.88,
03-Dec-1971,,5.72,5.88,
02-Dec-1971,,5.76,5.90,
01-Dec-1971,,5.80,5.92,
30-Nov-1971,,5.84,5.93,
29-Nov-1971,,5.86,5.95,
26-Nov-1971,,5.85,5.94,
24-Nov-1971,,5.93,5.95,
23-Nov-1971,,5.90,5.89,
22-Nov-1971,,5.81,5.82,
19-Nov-1971,,5.76,5.79,
18-Nov-1971,,5.71,5.77,
17-Nov-1971,,5.71,5.75,
16-Nov-1971,,5.71,5.76,
15-Nov-1971,,5.71,5.77,
12-Nov-1971,,5.73,5.77,
11-Nov-1971,,5.80,5.79,
10-Nov-1971,,5.83,5.82,
09-Nov-1971,,5.77,5.77,
08-Nov-1971,,5.77,5.77,
05-Nov-1971,,5.72,5.72,
04-Nov-1971,,5.74,5.72,
03-Nov-1971,,5.72,5.72,
01-Nov-1971,,5.75,5.80,
29-Oct-1971,,5.78,5.87,
28-Oct-1971,,5.83,5.90,
27-Oct-1971,,5.86,5.92,
26-Oct-1971,,5.84,5.89,
22-Oct-1971,,5.84,5.90,
21-Oct-1971,,5.84,5.88,
20-Oct-1971,,5.84,5.92,
19-Oct-1971,,5.92,5.96,
18-Oct-1971,,5.92,5.95,
15-Oct-1971,,5.88,5.90,
14-Oct-1971,,5.87,5.88,
13-Oct-1971,,5.88,5.86,
12-Oct-1971,,5.95,5.88,
08-Oct-1971,,6.03,5.94,
07-Oct-1971,,6.07,5.97,
06-Oct-1971,,6.06,5.98,
05-Oct-1971,,6.10,6.01,
04-Oct-1971,,6.04,5.98,
01-Oct-1971,,6.04,6.00,
30-Sep-1971,,6.06,6.00,
29-Sep-1971,,6.14,6.08,
28-Sep-1971,,6.18,6.12,
27-Sep-1971,,6.17,6.13,
24-Sep-1971,,6.19,6.16,
23-Sep-1971,,6.21,6.20,
22-Sep-1971,,6.22,6.19,
21-Sep-1971,,6.19,6.17,
20-Sep-1971,,6.16,6.15,
17-Sep-1971,,6.09,6.13,
16-Sep-1971,,6.13,6.14,
15-Sep-1971,,6.16,6.17,
14-Sep-1971,,6.21,6.18,
13-Sep-1971,,6.24,6.20,
10-Sep-1971,,6.17,6.12,
09-Sep-1971,,6.15,6.13,
08-Sep-1971,,6.05,6.08,
07-Sep-1971,,6.00,6.07,
03-Sep-1971,,6.02,6.12,
02-Sep-1971,,6.05,6.17,
01-Sep-1971,,6.09,6.22,
31-Aug-1971,,6.07,6.28,
30-Aug-1971,,6.15,6.32,
27-Aug-1971,,6.16,6.33,
26-Aug-1971,,6.20,6.37,
25-Aug-1971,,6.22,6.40,
24-Aug-1971,,6.19,6.38,
23-Aug-1971,,6.33,6.48,
20-Aug-1971,,6.19,6.37,
19-Aug-1971,,6.15,6.34,
18-Aug-1971,,6.22,6.35,
17-Aug-1971,,6.17,6.30,
16-Aug-1971,,6.39,6.41,
13-Aug-1971,,6.78,6.68,
12-Aug-1971,,6.90,6.80,
11-Aug-1971,,7.00,6.86,
10-Aug-1971,,7.03,6.89,
09-Aug-1971,,7.01,6.88,
06-Aug-1971,,6.98,6.86,
05-Aug-1971,,6.98,6.86,
04-Aug-1971,,7.01,6.89,
03-Aug-1971,,7.02,6.91,
02-Aug-1971,,6.94,6.86,
30-Jul-1971,,6.96,6.85,
29-Jul-1971,,7.00,6.88,
28-Jul-1971,,7.03,6.95,
27-Jul-1971,,7.02,6.91,
26-Jul-1971,,7.00,6.86,
23-Jul-1971,,6.97,6.84,
22-Jul-1971,,6.93,6.79,
21-Jul-1971,,6.85,6.70,
20-Jul-1971,,6.85,6.70,
19-Jul-1971,,6.88,6.71,
16-Jul-1971,,6.79,6.66,
15-Jul-1971,,6.71,6.59,
14-Jul-1971,,6.71,6.60,
13-Jul-1971,,6.70,6.61,
12-Jul-1971,,6.68,6.60,
09-Jul-1971,,6.80,6.68,
08-Jul-1971,,6.77,6.67,
07-Jul-1971,,6.76,6.66,
06-Jul-1971,,6.80,6.68,
02-Jul-1971,,6.81,6.69,
01-Jul-1971,,6.83,6.69,
30-Jun-1971,,6.86,6.70,
29-Jun-1971,,6.82,6.67,
28-Jun-1971,,6.73,6.64,
25-Jun-1971,,6.66,6.62,
24-Jun-1971,,6.61,6.61,
23-Jun-1971,,6.58,6.61,
22-Jun-1971,,6.61,6.62,
21-Jun-1971,,6.51,6.53,
18-Jun-1971,,6.61,6.58,
17-Jun-1971,,6.67,6.68,
16-Jun-1971,,6.66,6.68,
15-Jun-1971,,6.76,6.73,
14-Jun-1971,,6.66,6.63,
11-Jun-1971,,6.50,6.50,
10-Jun-1971,,6.48,6.48,
09-Jun-1971,,6.45,6.44,
08-Jun-1971,,6.37,6.38,
07-Jun-1971,,6.36,6.34,
04-Jun-1971,,6.22,6.26,
03-Jun-1971,,6.13,6.19,
02-Jun-1971,,6.13,6.24,
01-Jun-1971,,6.27,6.36,
28-May-1971,,6.24,6.38,
27-May-1971,,6.16,6.35,
26-May-1971,,6.18,6.37,
25-May-1971,,6.30,6.44,
24-May-1971,,6.37,6.49,
21-May-1971,,6.41,6.53,
20-May-1971,,6.32,6.49,
19-May-1971,,6.49,6.60,
18-May-1971,,6.60,6.65,
17-May-1971,,6.50,6.57,
14-May-1971,,6.38,6.49,
13-May-1971,,6.33,6.47,
12-May-1971,,6.25,6.35,
11-May-1971,,6.17,6.26,
10-May-1971,,6.13,6.22,
07-May-1971,,6.18,6.25,
06-May-1971,,6.20,6.28,
05-May-1971,,6.20,6.26,
04-May-1971,,6.14,6.25,
03-May-1971,,6.09,6.15,
30-Apr-1971,,6.08,6.08,
29-Apr-1971,,6.14,6.07,
28-Apr-1971,,5.99,5.99,
27-Apr-1971,,5.97,6.00,
26-Apr-1971,,5.89,6.00,
23-Apr-1971,,5.86,6.01,
22-Apr-1971,,5.85,6.02,
21-Apr-1971,,5.88,6.04,
20-Apr-1971,,5.78,5.97,
19-Apr-1971,,5.66,5.88,
16-Apr-1971,,5.61,5.82,
15-Apr-1971,,5.58,5.80,
14-Apr-1971,,5.58,5.77,
13-Apr-1971,,5.54,5.72,
12-Apr-1971,,5.63,5.73,
08-Apr-1971,,5.42,5.62,
07-Apr-1971,,5.29,5.58,
06-Apr-1971,,5.27,5.60,
05-Apr-1971,,5.30,5.63,
02-Apr-1971,,5.22,5.60,
01-Apr-1971,,5.16,5.58,
31-Mar-1971,,5.06,5.53,
30-Mar-1971,,5.04,5.50,
29-Mar-1971,,5.07,5.54,
26-Mar-1971,,4.98,5.48,
25-Mar-1971,,4.86,5.43,
24-Mar-1971,,4.82,5.41,
23-Mar-1971,,4.77,5.38,
22-Mar-1971,,4.74,5.42,
19-Mar-1971,,4.79,5.51,
18-Mar-1971,,4.78,5.55,
17-Mar-1971,,4.83,5.61,
16-Mar-1971,,4.90,5.68,
15-Mar-1971,,4.93,5.70,
12-Mar-1971,,4.97,5.72,
11-Mar-1971,,4.88,5.69,
10-Mar-1971,,4.99,5.80,
09-Mar-1971,,5.04,5.90,
08-Mar-1971,,5.16,5.99,
05-Mar-1971,,5.22,6.03,
04-Mar-1971,,5.25,6.05,
03-Mar-1971,,5.31,6.05,
02-Mar-1971,,5.35,6.09,
01-Mar-1971,,5.35,6.12,
26-Feb-1971,,5.36,6.14,
25-Feb-1971,,5.34,6.11,
24-Feb-1971,,5.38,6.16,
23-Feb-1971,,5.41,6.18,
22-Feb-1971,,5.39,6.15,
19-Feb-1971,,5.36,6.12,
18-Feb-1971,,5.42,6.11,
17-Feb-1971,,5.51,6.11,
16-Feb-1971,,5.59,6.11,
11-Feb-1971,,5.61,6.08,
10-Feb-1971,,5.64,6.08,
09-Feb-1971,,5.62,6.07,
08-Feb-1971,,5.69,6.09,
05-Feb-1971,,5.72,6.10,
04-Feb-1971,,5.74,6.10,
03-Feb-1971,,5.78,6.11,
02-Feb-1971,,5.77,6.11,
01-Feb-1971,,5.79,6.09,
29-Jan-1971,,5.78,6.09,
28-Jan-1971,,5.78,6.08,
27-Jan-1971,,5.79,6.09,
26-Jan-1971,,5.80,6.07,
25-Jan-1971,,5.76,6.05,
22-Jan-1971,,5.77,6.06,
21-Jan-1971,,5.75,6.09,
20-Jan-1971,,5.82,6.15,
19-Jan-1971,,5.86,6.17,
18-Jan-1971,,5.86,6.16,
15-Jan-1971,,5.84,6.22,
14-Jan-1971,,5.85,6.22,
13-Jan-1971,,5.91,6.29,
12-Jan-1971,,5.98,6.35,
11-Jan-1971,,6.01,6.39,
08-Jan-1971,,6.06,6.44,
07-Jan-1971,,6.06,6.45,
06-Jan-1971,,6.06,6.47,
05-Jan-1971,,6.04,6.47,
04-Jan-1971,,5.98,6.46,
31-Dec-1970,,5.98,6.50,
30-Dec-1970,,5.98,6.51,
29-Dec-1970,,6.03,6.56,
28-Dec-1970,,6.00,6.54,
24-Dec-1970,,5.98,6.53,
23-Dec-1970,,6.05,6.57,
22-Dec-1970,,6.07,6.52,
21-Dec-1970,,6.02,6.45,
18-Dec-1970,,5.94,6.33,
17-Dec-1970,,5.90,6.30,
16-Dec-1970,,5.90,6.29,
15-Dec-1970,,5.90,6.29,
14-Dec-1970,,5.87,6.26,
11-Dec-1970,,5.89,6.31,
10-Dec-1970,,5.95,6.34,
09-Dec-1970,,5.97,6.34,
08-Dec-1970,,5.92,6.29,
07-Dec-1970,,5.89,6.27,
04-Dec-1970,,5.85,6.21,
03-Dec-1970,,5.88,6.31,
02-Dec-1970,,5.95,6.41,
01-Dec-1970,,6.00,6.48,
30-Nov-1970,,5.99,6.49,
27-Nov-1970,,5.97,6.48,
25-Nov-1970,,5.97,6.48,
24-Nov-1970,,6.06,6.45,
23-Nov-1970,,5.91,6.32,
20-Nov-1970,,6.01,6.48,
19-Nov-1970,,6.29,6.72,
18-Nov-1970,,6.43,6.86,
17-Nov-1970,,6.58,6.93,
16-Nov-1970,,6.63,6.96,
13-Nov-1970,,6.69,7.00,
12-Nov-1970,,6.75,7.03,
10-Nov-1970,,6.76,7.06,
09-Nov-1970,,6.73,7.06,
06-Nov-1970,,6.86,7.15,
05-Nov-1970,,6.89,7.20,
04-Nov-1970,,6.96,7.23,
02-Nov-1970,,6.95,7.24,
30-Oct-1970,,7.04,7.33,
29-Oct-1970,,7.03,7.31,
28-Oct-1970,,7.07,7.38,
27-Oct-1970,,7.11,7.42,
26-Oct-1970,,7.17,7.44,
23-Oct-1970,,7.17,7.44,
22-Oct-1970,,7.18,7.46,
21-Oct-1970,,7.15,7.42,
20-Oct-1970,,7.14,7.37,
19-Oct-1970,,7.16,7.35,
16-Oct-1970,,7.11,7.31,
15-Oct-1970,,7.10,7.30,
14-Oct-1970,,7.08,7.30,
13-Oct-1970,,7.07,7.25,
09-Oct-1970,,7.07,7.25,
08-Oct-1970,,7.10,7.25,
07-Oct-1970,,7.07,7.23,
06-Oct-1970,,7.09,7.24,
05-Oct-1970,,7.15,7.26,
02-Oct-1970,,7.17,7.26,
01-Oct-1970,,7.19,7.29,
30-Sep-1970,,7.18,7.29,
29-Sep-1970,,7.18,7.30,
28-Sep-1970,,7.19,7.31,
25-Sep-1970,,7.14,7.28,
24-Sep-1970,,7.13,7.26,
23-Sep-1970,,7.10,7.24,
22-Sep-1970,,7.19,7.28,
21-Sep-1970,,7.22,7.29,
18-Sep-1970,,7.24,7.31,
17-Sep-1970,,7.24,7.32,
16-Sep-1970,,7.31,7.40,
15-Sep-1970,,7.37,7.46,
14-Sep-1970,,7.38,7.48,
11-Sep-1970,,7.40,7.50,
10-Sep-1970,,7.43,7.52,
09-Sep-1970,,7.44,7.54,
08-Sep-1970,,7.40,7.50,
04-Sep-1970,,7.37,7.47,
03-Sep-1970,,7.42,7.48,
02-Sep-1970,,7.43,7.48,
01-Sep-1970,,7.43,7.47,
31-Aug-1970,,7.45,7.49,
28-Aug-1970,,7.45,7.49,
27-Aug-1970,,7.45,7.48,
26-Aug-1970,,7.42,7.45,
25-Aug-1970,,7.42,7.46,
24-Aug-1970,,7.44,7.48,
21-Aug-1970,,7.53,7.60,
20-Aug-1970,,7.57,7.64,
19-Aug-1970,,7.59,7.65,
18-Aug-1970,,7.65,7.68,
17-Aug-1970,,7.68,7.71,
14-Aug-1970,,7.66,7.67,
13-Aug-1970,,7.62,7.58,
12-Aug-1970,,7.64,7.56,
11-Aug-1970,,7.67,7.54,
10-Aug-1970,,7.69,7.50,
07-Aug-1970,,7.63,7.45,
06-Aug-1970,,7.62,7.43,
05-Aug-1970,,7.62,7.42,
04-Aug-1970,,7.62,7.40,
03-Aug-1970,,7.60,7.39,
31-Jul-1970,,7.58,7.38,
30-Jul-1970,,7.59,7.38,
29-Jul-1970,,7.61,7.39,
28-Jul-1970,,7.62,7.41,
27-Jul-1970,,7.59,7.36,
24-Jul-1970,,7.54,7.34,
23-Jul-1970,,7.47,7.32,
22-Jul-1970,,7.56,7.43,
21-Jul-1970,,7.58,7.45,
20-Jul-1970,,7.59,7.46,
17-Jul-1970,,7.52,7.45,
16-Jul-1970,,7.48,7.46,
15-Jul-1970,,7.54,7.49,
14-Jul-1970,,7.59,7.53,
13-Jul-1970,,7.62,7.55,
10-Jul-1970,,7.64,7.54,
09-Jul-1970,,7.64,7.49,
08-Jul-1970,,7.65,7.49,
07-Jul-1970,,7.63,7.46,
06-Jul-1970,,7.62,7.49,
02-Jul-1970,,7.62,7.55,
01-Jul-1970,,7.69,7.64,
30-Jun-1970,,7.77,7.68,
29-Jun-1970,,7.80,7.76,
26-Jun-1970,,7.84,7.78,
25-Jun-1970,,7.83,7.76,
24-Jun-1970,,7.84,7.74,
23-Jun-1970,,7.84,7.79,
22-Jun-1970,,7.88,7.86,
19-Jun-1970,,7.94,7.90,
18-Jun-1970,,7.96,7.90,
17-Jun-1970,,7.96,7.90,
16-Jun-1970,,7.90,7.87,
15-Jun-1970,,7.98,7.98,
12-Jun-1970,,7.98,7.98,
11-Jun-1970,,7.89,7.92,
10-Jun-1970,,7.82,7.87,
09-Jun-1970,,7.83,7.88,
08-Jun-1970,,7.87,7.89,
05-Jun-1970,,7.88,7.88,
04-Jun-1970,,7.76,7.80,
03-Jun-1970,,7.74,7.76,
02-Jun-1970,,7.74,7.78,
01-Jun-1970,,7.73,7.84,
29-May-1970,,7.83,7.95,
28-May-1970,,7.86,7.98,
27-May-1970,,7.92,8.02,
26-May-1970,,8.04,8.22,
25-May-1970,,8.08,8.15,
22-May-1970,,8.02,7.99,
21-May-1970,,8.00,7.90,
20-May-1970,,7.98,7.85,
19-May-1970,,7.92,7.80,
18-May-1970,,7.93,7.80,
15-May-1970,,7.96,7.83,
14-May-1970,,8.01,7.86,
13-May-1970,,7.98,7.85,
12-May-1970,,7.97,7.84,
11-May-1970,,7.97,7.82,
08-May-1970,,7.88,7.78,
07-May-1970,,7.94,7.82,
06-May-1970,,8.01,7.86,
05-May-1970,,8.02,7.92,
04-May-1970,,8.05,7.94,
01-May-1970,,7.98,7.85,
30-Apr-1970,,7.95,7.82,
29-Apr-1970,,7.83,7.78,
28-Apr-1970,,7.82,7.79,
27-Apr-1970,,7.80,7.74,
24-Apr-1970,,7.79,7.72,
23-Apr-1970,,7.66,7.64,
22-Apr-1970,,7.66,7.61,
21-Apr-1970,,7.57,7.50,
20-Apr-1970,,7.49,7.44,
17-Apr-1970,,7.49,7.40,
16-Apr-1970,,7.49,7.34,
15-Apr-1970,,7.42,7.27,
14-Apr-1970,,7.36,7.22,
13-Apr-1970,,7.36,7.20,
10-Apr-1970,,7.29,7.17,
09-Apr-1970,,7.29,7.18,
08-Apr-1970,,7.30,7.17,
07-Apr-1970,,7.35,7.18,
06-Apr-1970,,7.38,7.17,
03-Apr-1970,,7.31,7.14,
02-Apr-1970,,7.24,7.08,
01-Apr-1970,,7.18,7.04,
31-Mar-1970,,7.24,7.08,
30-Mar-1970,,7.22,7.05,
26-Mar-1970,,7.12,6.98,
25-Mar-1970,,7.05,6.96,
24-Mar-1970,,7.08,7.02,
23-Mar-1970,,7.17,7.05,
20-Mar-1970,,7.22,7.06,
19-Mar-1970,,7.22,7.07,
18-Mar-1970,,7.41,7.28,
17-Mar-1970,,7.48,7.36,
16-Mar-1970,,7.30,7.24,
13-Mar-1970,,7.30,7.23,
12-Mar-1970,,7.16,7.16,
11-Mar-1970,,7.11,7.11,
10-Mar-1970,,7.00,7.04,
09-Mar-1970,,7.04,6.99,
06-Mar-1970,,7.06,6.96,
05-Mar-1970,,7.18,6.98,
04-Mar-1970,,7.27,6.97,
03-Mar-1970,,7.35,6.99,
02-Mar-1970,,7.43,6.95,
27-Feb-1970,,7.31,6.90,
26-Feb-1970,,7.37,6.94,
25-Feb-1970,,7.49,7.04,
24-Feb-1970,,7.61,7.14,
20-Feb-1970,,7.58,7.12,
19-Feb-1970,,7.56,7.09,
18-Feb-1970,,7.63,7.12,
17-Feb-1970,,7.70,7.15,
16-Feb-1970,,7.80,7.17,
13-Feb-1970,,7.82,7.15,
11-Feb-1970,,8.05,7.33,
10-Feb-1970,,8.07,7.32,
09-Feb-1970,,8.04,7.28,
06-Feb-1970,,8.13,7.36,
05-Feb-1970,,8.18,7.45,
04-Feb-1970,,8.17,7.50,
03-Feb-1970,,8.15,7.58,
02-Feb-1970,,8.18,7.65,
30-Jan-1970,,8.27,7.75,
29-Jan-1970,,8.28,7.77,
28-Jan-1970,,8.20,7.70,
27-Jan-1970,,8.16,7.70,
26-Jan-1970,,8.15,7.71,
23-Jan-1970,,8.10,7.69,
22-Jan-1970,,8.06,7.67,
21-Jan-1970,,8.06,7.69,
20-Jan-1970,,8.08,7.72,
19-Jan-1970,,8.03,7.69,
16-Jan-1970,,8.08,7.75,
15-Jan-1970,,8.19,7.85,
14-Jan-1970,,8.16,7.86,
13-Jan-1970,,8.13,7.81,
12-Jan-1970,,8.16,7.82,
09-Jan-1970,,8.18,7.86,
08-Jan-1970,,8.25,7.96,
07-Jan-1970,,8.30,7.99,
06-Jan-1970,,8.26,7.96,
05-Jan-1970,,8.19,7.88,
02-Jan-1970,,8.19,7.86,
31-Dec-1969,,8.22,7.88,
30-Dec-1969,,8.26,7.97,
29-Dec-1969,,8.33,8.05,
26-Dec-1969,,8.14,7.87,
24-Dec-1969,,8.12,7.89,
23-Dec-1969,,8.08,7.82,
22-Dec-1969,,8.00,7.76,
19-Dec-1969,,8.02,7.79,
18-Dec-1969,,8.07,7.81,
17-Dec-1969,,8.07,7.76,
16-Dec-1969,,8.02,7.72,
15-Dec-1969,,7.95,7.63,
12-Dec-1969,,7.95,7.60,
11-Dec-1969,,7.99,7.62,
10-Dec-1969,,7.97,7.59,
09-Dec-1969,,7.87,7.50,
08-Dec-1969,,7.75,7.40,
05-Dec-1969,,7.71,7.35,
04-Dec-1969,,7.70,7.35,
03-Dec-1969,,7.72,7.39,
02-Dec-1969,,7.63,7.35,
01-Dec-1969,,7.56,7.29,
28-Nov-1969,,7.61,7.29,
26-Nov-1969,,7.66,7.30,
25-Nov-1969,,7.64,7.28,
24-Nov-1969,,7.66,7.27,
21-Nov-1969,,7.71,7.28,
20-Nov-1969,,7.73,7.31,
19-Nov-1969,,7.64,7.25,
18-Nov-1969,,7.63,7.22,
17-Nov-1969,,7.55,7.13,
14-Nov-1969,,7.46,7.08,
13-Nov-1969,,7.50,7.12,
12-Nov-1969,,7.43,7.06,
10-Nov-1969,,7.35,6.99,
07-Nov-1969,,7.35,6.99,
06-Nov-1969,,7.39,7.01,
05-Nov-1969,,7.35,6.97,
03-Nov-1969,,7.29,6.90,
31-Oct-1969,,7.33,6.94,
30-Oct-1969,,7.34,6.96,
29-Oct-1969,,7.34,7.00,
28-Oct-1969,,7.33,7.00,
27-Oct-1969,,7.28,6.93,
24-Oct-1969,,7.26,6.90,
23-Oct-1969,,7.25,6.90,
22-Oct-1969,,7.17,6.80,
21-Oct-1969,,7.12,6.77,
20-Oct-1969,,7.18,6.83,
17-Oct-1969,,7.34,6.99,
16-Oct-1969,,7.44,7.04,
15-Oct-1969,,7.55,7.12,
14-Oct-1969,,7.54,7.10,
10-Oct-1969,,7.67,7.22,
09-Oct-1969,,7.77,7.30,
08-Oct-1969,,7.75,7.29,
07-Oct-1969,,7.75,7.31,
06-Oct-1969,,7.82,7.35,
03-Oct-1969,,7.87,7.38,
02-Oct-1969,,7.98,7.45,
01-Oct-1969,,8.04,7.52,
30-Sep-1969,,8.02,7.51,
29-Sep-1969,,7.94,7.45,
26-Sep-1969,,7.88,7.40,
25-Sep-1969,,7.78,7.30,
24-Sep-1969,,7.74,7.27,
23-Sep-1969,,7.71,7.26,
22-Sep-1969,,7.72,7.26,
19-Sep-1969,,7.72,7.28,
18-Sep-1969,,7.71,7.27,
17-Sep-1969,,7.56,7.14,
16-Sep-1969,,7.54,7.14,
15-Sep-1969,,7.50,7.09,
12-Sep-1969,,7.48,7.08,
11-Sep-1969,,7.44,7.05,
10-Sep-1969,,7.38,7.02,
09-Sep-1969,,7.40,7.04,
08-Sep-1969,,7.39,7.03,
05-Sep-1969,,7.33,6.99,
04-Sep-1969,,7.26,6.96,
03-Sep-1969,,7.24,6.94,
02-Sep-1969,,7.17,6.87,
29-Aug-1969,,7.13,6.83,
28-Aug-1969,,7.14,6.83,
27-Aug-1969,,7.11,6.79,
26-Aug-1969,,7.09,6.76,
25-Aug-1969,,7.04,6.72,
22-Aug-1969,,7.03,6.71,
21-Aug-1969,,7.01,6.68,
20-Aug-1969,,6.99,6.66,
19-Aug-1969,,7.00,6.65,
18-Aug-1969,,7.01,6.66,
15-Aug-1969,,7.05,6.68,
14-Aug-1969,,7.05,6.68,
13-Aug-1969,,7.07,6.70,
12-Aug-1969,,7.07,6.70,
11-Aug-1969,,7.04,6.69,
08-Aug-1969,,6.98,6.64,
07-Aug-1969,,6.95,6.63,
06-Aug-1969,,6.94,6.62,
05-Aug-1969,,6.91,6.60,
04-Aug-1969,,6.94,6.63,
01-Aug-1969,,6.98,6.66,
31-Jul-1969,,6.98,6.66,
30-Jul-1969,,7.06,6.72,
29-Jul-1969,,7.07,6.72,
28-Jul-1969,,7.07,6.73,
25-Jul-1969,,7.07,6.71,
24-Jul-1969,,7.06,6.70,
23-Jul-1969,,7.05,6.68,
22-Jul-1969,,7.04,6.66,
18-Jul-1969,,6.97,6.70,
17-Jul-1969,,6.95,6.69,
16-Jul-1969,,6.92,6.67,
15-Jul-1969,,6.97,6.72,
14-Jul-1969,,6.94,6.69,
11-Jul-1969,,6.88,6.64,
10-Jul-1969,,7.04,6.78,
09-Jul-1969,,7.08,6.82,
08-Jul-1969,,7.04,6.79,
07-Jul-1969,,7.02,6.76,
03-Jul-1969,,7.01,6.75,
02-Jul-1969,,7.04,6.77,
01-Jul-1969,,7.02,6.75,
30-Jun-1969,,6.98,6.73,
27-Jun-1969,,6.88,6.66,
26-Jun-1969,,6.84,6.62,
25-Jun-1969,,6.85,6.63,
24-Jun-1969,,6.82,6.63,
23-Jun-1969,,6.78,6.60,
20-Jun-1969,,6.76,6.59,
19-Jun-1969,,6.74,6.57,
18-Jun-1969,,6.68,6.53,
17-Jun-1969,,6.68,6.52,
16-Jun-1969,,6.64,6.49,
13-Jun-1969,,6.66,6.51,
12-Jun-1969,,6.70,6.54,
11-Jun-1969,,6.73,6.56,
10-Jun-1969,,6.72,6.56,
09-Jun-1969,,6.76,6.59,
06-Jun-1969,,6.68,6.52,
05-Jun-1969,,6.69,6.54,
04-Jun-1969,,6.71,6.56,
03-Jun-1969,,6.69,6.55,
02-Jun-1969,,6.69,6.56,
29-May-1969,,6.69,6.56,
28-May-1969,,6.68,6.56,
27-May-1969,,6.67,6.54,
26-May-1969,,6.62,6.44,
23-May-1969,,6.59,6.38,
22-May-1969,,6.56,6.36,
21-May-1969,,6.55,6.36,
20-May-1969,,6.57,6.36,
19-May-1969,,6.58,6.36,
16-May-1969,,6.54,6.31,
15-May-1969,,6.49,6.26,
14-May-1969,,6.46,6.24,
13-May-1969,,6.49,6.25,
12-May-1969,,6.52,6.27,
09-May-1969,,6.48,6.23,
08-May-1969,,6.46,6.20,
07-May-1969,,6.47,6.22,
06-May-1969,,6.46,6.22,
05-May-1969,,6.45,6.19,
02-May-1969,,6.45,6.23,
01-May-1969,,6.46,6.25,
30-Apr-1969,,6.37,6.20,
29-Apr-1969,,6.38,6.21,
28-Apr-1969,,6.34,6.19,
25-Apr-1969,,6.30,6.15,
24-Apr-1969,,6.29,6.14,
23-Apr-1969,,6.26,6.12,
22-Apr-1969,,6.26,6.12,
21-Apr-1969,,6.28,6.14,
18-Apr-1969,,6.30,6.16,
17-Apr-1969,,6.27,6.13,
16-Apr-1969,,6.24,6.10,
15-Apr-1969,,6.26,6.11,
14-Apr-1969,,6.20,6.06,
11-Apr-1969,,6.26,6.15,
10-Apr-1969,,6.27,6.18,
09-Apr-1969,,6.26,6.19,
08-Apr-1969,,6.33,6.25,
07-Apr-1969,,6.37,6.28,
03-Apr-1969,,6.34,6.26,
02-Apr-1969,,6.32,6.25,
01-Apr-1969,,6.32,6.25,
28-Mar-1969,,6.36,6.30,
27-Mar-1969,,6.38,6.33,
26-Mar-1969,,6.37,6.32,
25-Mar-1969,,6.38,6.30,
24-Mar-1969,,6.35,6.28,
21-Mar-1969,,6.37,6.29,
20-Mar-1969,,6.39,6.31,
19-Mar-1969,,6.40,6.32,
18-Mar-1969,,6.44,6.35,
17-Mar-1969,,6.44,6.35,
14-Mar-1969,,6.39,6.31,
13-Mar-1969,,6.42,6.32,
12-Mar-1969,,6.42,6.31,
11-Mar-1969,,6.45,6.30,
10-Mar-1969,,6.45,6.27,
07-Mar-1969,,6.45,6.27,
06-Mar-1969,,6.45,6.26,
05-Mar-1969,,6.43,6.24,
04-Mar-1969,,6.42,6.24,
03-Mar-1969,,6.45,6.25,
28-Feb-1969,,6.44,6.26,
27-Feb-1969,,6.45,6.27,
26-Feb-1969,,6.40,6.24,
25-Feb-1969,,6.38,6.24,
24-Feb-1969,,6.35,6.22,
21-Feb-1969,,6.37,6.24,
20-Feb-1969,,6.37,6.23,
19-Feb-1969,,6.36,6.20,
18-Feb-1969,,6.34,6.16,
17-Feb-1969,,6.32,6.14,
14-Feb-1969,,6.29,6.11,
13-Feb-1969,,6.27,6.09,
11-Feb-1969,,6.27,6.10,
10-Feb-1969,,6.30,6.14,
07-Feb-1969,,6.30,6.14,
06-Feb-1969,,6.34,6.20,
05-Feb-1969,,6.32,6.19,
04-Feb-1969,,6.30,6.20,
03-Feb-1969,,6.32,6.22,
31-Jan-1969,,6.30,6.19,
30-Jan-1969,,6.28,6.14,
29-Jan-1969,,6.24,6.09,
28-Jan-1969,,6.22,6.05,
27-Jan-1969,,6.20,6.03,
24-Jan-1969,,6.19,6.01,
23-Jan-1969,,6.21,6.02,
22-Jan-1969,,6.21,6.03,
21-Jan-1969,,6.15,5.97,
20-Jan-1969,,6.11,5.95,
17-Jan-1969,,6.14,5.97,
16-Jan-1969,,6.11,5.98,
15-Jan-1969,,6.19,6.02,
14-Jan-1969,,6.27,6.04,
13-Jan-1969,,6.30,6.04,
10-Jan-1969,,6.32,6.03,
09-Jan-1969,,6.34,6.04,
08-Jan-1969,,6.38,6.09,
07-Jan-1969,,6.43,6.14,
06-Jan-1969,,6.34,6.04,
03-Jan-1969,,6.28,6.01,
02-Jan-1969,,6.29,6.04,
31-Dec-1968,,6.33,6.16,
30-Dec-1968,,6.36,6.21,
27-Dec-1968,,6.32,6.20,
26-Dec-1968,,6.28,6.17,
24-Dec-1968,,6.34,6.27,
23-Dec-1968,,6.32,6.23,
20-Dec-1968,,6.24,6.14,
19-Dec-1968,,6.17,6.07,
18-Dec-1968,,6.11,6.00,
17-Dec-1968,,6.06,5.97,
16-Dec-1968,,6.05,5.96,
13-Dec-1968,,6.02,5.93,
12-Dec-1968,,6.05,5.94,
11-Dec-1968,,6.01,5.93,
10-Dec-1968,,6.04,5.93,
09-Dec-1968,,6.01,5.92,
06-Dec-1968,,5.97,5.91,
05-Dec-1968,,5.98,5.93,
04-Dec-1968,,5.99,5.95,
03-Dec-1968,,5.96,5.96,
02-Dec-1968,,5.85,5.89,
29-Nov-1968,,5.72,5.78,
27-Nov-1968,,5.71,5.76,
26-Nov-1968,,5.71,5.76,
25-Nov-1968,,5.70,5.75,
22-Nov-1968,,5.69,5.74,
21-Nov-1968,,5.68,5.73,
20-Nov-1968,,5.69,5.74,
19-Nov-1968,,5.70,5.74,
18-Nov-1968,,5.68,5.71,
15-Nov-1968,,5.66,5.68,
14-Nov-1968,,5.63,5.66,
13-Nov-1968,,5.63,5.66,
12-Nov-1968,,5.66,5.68,
08-Nov-1968,,5.64,5.65,
07-Nov-1968,,5.61,5.63,
06-Nov-1968,,5.59,5.62,
04-Nov-1968,,5.60,5.63,
01-Nov-1968,,5.56,5.61,
31-Oct-1968,,5.57,5.61,
30-Oct-1968,,5.59,5.63,
29-Oct-1968,,5.60,5.62,
28-Oct-1968,,5.58,5.61,
25-Oct-1968,,5.58,5.60,
24-Oct-1968,,5.60,5.61,
23-Oct-1968,,5.55,5.58,
22-Oct-1968,,5.56,5.58,
21-Oct-1968,,5.56,5.58,
18-Oct-1968,,5.53,5.57,
17-Oct-1968,,5.53,5.58,
16-Oct-1968,,5.57,5.62,
15-Oct-1968,,5.60,5.65,
14-Oct-1968,,5.57,5.62,
11-Oct-1968,,5.55,5.61,
10-Oct-1968,,5.57,5.61,
09-Oct-1968,,5.57,5.60,
08-Oct-1968,,5.56,5.57,
07-Oct-1968,,5.54,5.55,
04-Oct-1968,,5.50,5.52,
03-Oct-1968,,5.49,5.50,
02-Oct-1968,,5.48,5.49,
01-Oct-1968,,5.48,5.49,
30-Sep-1968,,5.48,5.49,
27-Sep-1968,,5.46,5.46,
26-Sep-1968,,5.45,5.45,
25-Sep-1968,,5.44,5.44,
24-Sep-1968,,5.44,5.44,
23-Sep-1968,,5.46,5.45,
20-Sep-1968,,5.46,5.45,
19-Sep-1968,,5.43,5.43,
18-Sep-1968,,5.44,5.42,
17-Sep-1968,,5.47,5.46,
16-Sep-1968,,5.48,5.46,
13-Sep-1968,,5.49,5.48,
12-Sep-1968,,5.52,5.49,
11-Sep-1968,,5.52,5.50,
10-Sep-1968,,5.54,5.51,
09-Sep-1968,,5.52,5.49,
06-Sep-1968,,5.51,5.48,
05-Sep-1968,,5.49,5.46,
04-Sep-1968,,5.46,5.43,
03-Sep-1968,,5.46,5.41,
30-Aug-1968,,5.48,5.42,
29-Aug-1968,,5.49,5.43,
28-Aug-1968,,5.50,5.45,
27-Aug-1968,,5.51,5.46,
26-Aug-1968,,5.51,5.46,
23-Aug-1968,,5.52,5.47,
22-Aug-1968,,5.55,5.50,
21-Aug-1968,,5.52,5.46,
20-Aug-1968,,5.50,5.43,
19-Aug-1968,,5.49,5.43,
16-Aug-1968,,5.49,5.42,
15-Aug-1968,,5.52,5.45,
14-Aug-1968,,5.51,5.43,
13-Aug-1968,,5.52,5.43,
12-Aug-1968,,5.52,5.42,
09-Aug-1968,,5.47,5.39,
08-Aug-1968,,5.46,5.37,
07-Aug-1968,,5.45,5.36,
06-Aug-1968,,5.50,5.38,
05-Aug-1968,,5.48,5.37,
02-Aug-1968,,5.43,5.34,
01-Aug-1968,,5.47,5.38,
31-Jul-1968,,5.50,5.39,
30-Jul-1968,,5.53,5.41,
29-Jul-1968,,5.53,5.41,
26-Jul-1968,,5.50,5.39,
25-Jul-1968,,5.46,5.37,
24-Jul-1968,,5.46,5.39,
23-Jul-1968,,5.43,5.38,
22-Jul-1968,,5.47,5.45,
19-Jul-1968,,5.56,5.53,
18-Jul-1968,,5.62,5.56,
17-Jul-1968,,5.64,5.55,
16-Jul-1968,,5.68,5.57,
15-Jul-1968,,5.68,5.56,
12-Jul-1968,,5.65,5.53,
11-Jul-1968,,5.65,5.52,
10-Jul-1968,,5.64,5.52,
09-Jul-1968,,5.61,5.51,
08-Jul-1968,,5.65,5.53,
05-Jul-1968,,5.70,5.56,
03-Jul-1968,,5.71,5.57,
02-Jul-1968,,5.73,5.58,
01-Jul-1968,,5.77,5.62,
28-Jun-1968,,5.79,5.64,
27-Jun-1968,,5.81,5.65,
26-Jun-1968,,5.81,5.64,
25-Jun-1968,,5.81,5.64,
24-Jun-1968,,5.77,5.61,
21-Jun-1968,,5.74,5.60,
20-Jun-1968,,5.73,5.62,
19-Jun-1968,,5.78,5.67,
18-Jun-1968,,5.82,5.71,
17-Jun-1968,,5.81,5.71,
14-Jun-1968,,5.82,5.72,
13-Jun-1968,,5.88,5.76,
12-Jun-1968,,5.90,5.77,
11-Jun-1968,,5.91,5.79,
10-Jun-1968,,5.92,5.80,
07-Jun-1968,,5.93,5.82,
06-Jun-1968,,5.95,5.83,
05-Jun-1968,,5.94,5.81,
04-Jun-1968,,5.90,5.78,
03-Jun-1968,,5.91,5.79,
31-May-1968,,5.97,5.86,
29-May-1968,,6.08,5.95,
28-May-1968,,6.06,5.94,
27-May-1968,,6.02,5.92,
24-May-1968,,6.08,5.96,
23-May-1968,,6.13,5.98,
22-May-1968,,6.20,6.02,
21-May-1968,,6.21,6.02,
20-May-1968,,6.15,5.96,
17-May-1968,,6.11,5.92,
16-May-1968,,6.07,5.90,
15-May-1968,,6.02,5.85,
14-May-1968,,6.00,5.82,
13-May-1968,,5.97,5.79,
10-May-1968,,5.97,5.79,
09-May-1968,,5.97,5.79,
08-May-1968,,5.99,5.80,
07-May-1968,,5.97,5.79,
06-May-1968,,5.98,5.78,
03-May-1968,,6.01,5.80,
02-May-1968,,5.95,5.76,
01-May-1968,,5.92,5.73,
30-Apr-1968,,5.96,5.74,
29-Apr-1968,,5.96,5.73,
26-Apr-1968,,5.84,5.71,
25-Apr-1968,,5.85,5.72,
24-Apr-1968,,5.84,5.72,
23-Apr-1968,,5.84,5.73,
22-Apr-1968,,5.93,5.78,
19-Apr-1968,,5.90,5.76,
18-Apr-1968,,5.72,5.64,
17-Apr-1968,,5.67,5.62,
16-Apr-1968,,5.66,5.62,
15-Apr-1968,,5.62,5.60,
11-Apr-1968,,5.53,5.54,
10-Apr-1968,,5.48,5.53,
08-Apr-1968,,5.49,5.54,
05-Apr-1968,,5.48,5.52,
04-Apr-1968,,5.47,5.52,
03-Apr-1968,,5.43,5.49,
02-Apr-1968,,5.58,5.62,
01-Apr-1968,,5.64,5.64,
29-Mar-1968,,5.76,5.76,
28-Mar-1968,,5.79,5.78,
27-Mar-1968,,5.77,5.78,
26-Mar-1968,,5.78,5.78,
25-Mar-1968,,5.74,5.74,
22-Mar-1968,,5.74,5.74,
21-Mar-1968,,5.78,5.76,
20-Mar-1968,,5.71,5.73,
19-Mar-1968,,5.78,5.77,
18-Mar-1968,,5.78,5.76,
15-Mar-1968,,5.88,5.84,
14-Mar-1968,,6.00,5.95,
13-Mar-1968,,5.90,5.86,
12-Mar-1968,,5.82,5.79,
11-Mar-1968,,5.78,5.75,
08-Mar-1968,,5.78,5.75,
07-Mar-1968,,5.71,5.67,
06-Mar-1968,,5.63,5.61,
05-Mar-1968,,5.61,5.59,
04-Mar-1968,,5.59,5.57,
01-Mar-1968,,5.57,5.56,
29-Feb-1968,,5.57,5.56,
28-Feb-1968,,5.58,5.57,
27-Feb-1968,,5.60,5.58,
26-Feb-1968,,5.61,5.58,
23-Feb-1968,,5.58,5.56,
21-Feb-1968,,5.55,5.54,
20-Feb-1968,,5.55,5.54,
19-Feb-1968,,5.54,5.53,
16-Feb-1968,,5.49,5.50,
15-Feb-1968,,5.53,5.51,
14-Feb-1968,,5.56,5.54,
13-Feb-1968,,5.58,5.55,
09-Feb-1968,,5.63,5.59,
08-Feb-1968,,5.65,5.60,
07-Feb-1968,,5.63,5.59,
06-Feb-1968,,5.65,5.61,
05-Feb-1968,,5.64,5.60,
02-Feb-1968,,5.60,5.58,
01-Feb-1968,,5.60,5.58,
31-Jan-1968,,5.55,5.54,
30-Jan-1968,,5.55,5.53,
29-Jan-1968,,5.54,5.53,
26-Jan-1968,,5.55,5.53,
25-Jan-1968,,5.52,5.52,
24-Jan-1968,,5.58,5.56,
23-Jan-1968,,5.56,5.56,
22-Jan-1968,,5.61,5.61,
19-Jan-1968,,5.59,5.59,
18-Jan-1968,,5.55,5.55,
17-Jan-1968,,5.46,5.48,
16-Jan-1968,,5.51,5.52,
15-Jan-1968,,5.47,5.49,
12-Jan-1968,,5.42,5.43,
11-Jan-1968,,5.43,5.46,
10-Jan-1968,,5.45,5.46,
09-Jan-1968,,5.54,5.52,
08-Jan-1968,,5.53,5.50,
05-Jan-1968,,5.50,5.48,
04-Jan-1968,,5.54,5.51,
03-Jan-1968,,5.67,5.63,
02-Jan-1968,,5.68,5.63,
29-Dec-1967,,5.78,5.70,
28-Dec-1967,,5.79,5.70,
27-Dec-1967,,5.70,5.64,
26-Dec-1967,,5.70,5.64,
22-Dec-1967,,5.74,5.69,
21-Dec-1967,,5.70,5.64,
20-Dec-1967,,5.66,5.62,
19-Dec-1967,,5.70,5.66,
18-Dec-1967,,5.75,5.68,
15-Dec-1967,,5.79,5.71,
14-Dec-1967,,5.77,5.70,
13-Dec-1967,,5.74,5.71,
12-Dec-1967,,5.81,5.75,
11-Dec-1967,,5.81,5.74,
08-Dec-1967,,5.78,5.72,
07-Dec-1967,,5.76,5.71,
06-Dec-1967,,5.72,5.69,
05-Dec-1967,,5.77,5.74,
04-Dec-1967,,5.80,5.76,
01-Dec-1967,,5.82,5.78,
30-Nov-1967,,5.77,5.74,
29-Nov-1967,,5.69,5.67,
28-Nov-1967,,5.65,5.65,
27-Nov-1967,,5.78,5.76,
24-Nov-1967,,5.78,5.78,
22-Nov-1967,,5.68,5.70,
21-Nov-1967,,5.72,5.71,
20-Nov-1967,,5.87,5.85,
17-Nov-1967,,5.72,5.75,
16-Nov-1967,,5.68,5.72,
15-Nov-1967,,5.78,5.78,
14-Nov-1967,,5.81,5.81,
13-Nov-1967,,5.91,5.87,
10-Nov-1967,,5.87,5.83,
09-Nov-1967,,5.83,5.78,
08-Nov-1967,,5.81,5.74,
06-Nov-1967,,5.83,5.77,
03-Nov-1967,,5.80,5.75,
02-Nov-1967,,5.76,5.71,
01-Nov-1967,,5.76,5.70,
31-Oct-1967,,5.72,5.64,
30-Oct-1967,,5.67,5.60,
27-Oct-1967,,5.64,5.57,
26-Oct-1967,,5.65,5.58,
25-Oct-1967,,5.63,5.57,
24-Oct-1967,,5.63,5.56,
23-Oct-1967,,5.61,5.56,
20-Oct-1967,,5.57,5.52,
19-Oct-1967,,5.59,5.53,
18-Oct-1967,,5.60,5.52,
17-Oct-1967,,5.61,5.49,
16-Oct-1967,,5.60,5.47,
13-Oct-1967,,5.56,5.45,
11-Oct-1967,,5.53,5.42,
10-Oct-1967,,5.52,5.42,
09-Oct-1967,,5.49,5.39,
06-Oct-1967,,5.48,5.37,
05-Oct-1967,,5.47,5.37,
04-Oct-1967,,5.47,5.37,
03-Oct-1967,,5.44,5.35,
02-Oct-1967,,5.43,5.35,
29-Sep-1967,,5.38,5.31,
28-Sep-1967,,5.44,5.36,
27-Sep-1967,,5.47,5.37,
26-Sep-1967,,5.47,5.37,
25-Sep-1967,,5.48,5.38,
22-Sep-1967,,5.46,5.36,
21-Sep-1967,,5.45,5.36,
20-Sep-1967,,5.43,5.34,
19-Sep-1967,,5.47,5.35,
18-Sep-1967,,5.42,5.30,
15-Sep-1967,,5.40,5.29,
14-Sep-1967,,5.39,5.28,
13-Sep-1967,,5.37,5.27,
12-Sep-1967,,5.40,5.29,
11-Sep-1967,,5.38,5.28,
08-Sep-1967,,5.37,5.26,
07-Sep-1967,,5.30,5.20,
06-Sep-1967,,5.28,5.20,
05-Sep-1967,,5.29,5.22,
01-Sep-1967,,5.32,5.25,
31-Aug-1967,,5.34,5.27,
30-Aug-1967,,5.34,5.28,
29-Aug-1967,,5.32,5.27,
28-Aug-1967,,5.34,5.29,
25-Aug-1967,,5.38,5.32,
24-Aug-1967,,5.37,5.31,
23-Aug-1967,,5.40,5.31,
22-Aug-1967,,5.38,5.30,
21-Aug-1967,,5.37,5.30,
18-Aug-1967,,5.34,5.28,
17-Aug-1967,,5.32,5.28,
16-Aug-1967,,5.31,5.28,
15-Aug-1967,,5.31,5.29,
14-Aug-1967,,5.32,5.29,
11-Aug-1967,,5.32,5.29,
10-Aug-1967,,5.30,5.28,
09-Aug-1967,,5.28,5.27,
08-Aug-1967,,5.29,5.28,
07-Aug-1967,,5.31,5.30,
04-Aug-1967,,5.25,5.26,
03-Aug-1967,,5.19,5.20,
02-Aug-1967,,5.22,5.21,
01-Aug-1967,,5.18,5.18,
31-Jul-1967,,5.12,5.16,
28-Jul-1967,,5.13,5.18,
27-Jul-1967,,5.17,5.20,
26-Jul-1967,,5.22,5.23,
25-Jul-1967,,5.28,5.23,
24-Jul-1967,,5.31,5.23,
21-Jul-1967,,5.25,5.20,
20-Jul-1967,,5.25,5.20,
19-Jul-1967,,5.22,5.18,
18-Jul-1967,,5.20,5.16,
17-Jul-1967,,5.16,5.09,
14-Jul-1967,,5.16,5.08,
13-Jul-1967,,5.16,5.08,
12-Jul-1967,,5.16,5.06,
11-Jul-1967,,5.22,5.09,
10-Jul-1967,,5.29,5.16,
07-Jul-1967,,5.30,5.15,
06-Jul-1967,,5.25,5.11,
05-Jul-1967,,5.29,5.17,
03-Jul-1967,,5.36,5.22,
30-Jun-1967,,5.35,5.22,
29-Jun-1967,,5.27,5.20,
28-Jun-1967,,5.23,5.18,
27-Jun-1967,,5.24,5.21,
26-Jun-1967,,5.18,5.16,
23-Jun-1967,,5.15,5.14,
22-Jun-1967,,5.12,5.13,
21-Jun-1967,,5.14,5.14,
20-Jun-1967,,5.17,5.14,
19-Jun-1967,,5.10,5.07,
16-Jun-1967,,5.10,5.07,
15-Jun-1967,,5.02,5.02,
14-Jun-1967,,5.02,5.02,
13-Jun-1967,,4.92,4.95,
12-Jun-1967,,4.89,4.94,
09-Jun-1967,,4.84,4.89,
08-Jun-1967,,4.80,4.86,
07-Jun-1967,,4.77,4.84,
06-Jun-1967,,4.77,4.84,
05-Jun-1967,,4.76,4.85,
02-Jun-1967,,4.73,4.82,
01-Jun-1967,,4.72,4.81,
31-May-1967,,4.72,4.81,
29-May-1967,,4.74,4.84,
26-May-1967,,4.78,4.86,
25-May-1967,,4.81,4.92,
24-May-1967,,4.83,4.93,
23-May-1967,,4.85,4.94,
22-May-1967,,4.82,4.94,
19-May-1967,,4.78,4.89,
18-May-1967,,4.75,4.88,
17-May-1967,,4.76,4.88,
16-May-1967,,4.76,4.87,
15-May-1967,,4.72,4.86,
12-May-1967,,4.68,4.82,
11-May-1967,,4.71,4.84,
10-May-1967,,4.75,4.87,
09-May-1967,,4.77,4.87,
08-May-1967,,4.76,4.83,
05-May-1967,,4.72,4.77,
04-May-1967,,4.69,4.76,
03-May-1967,,4.68,4.75,
02-May-1967,,4.68,4.75,
01-May-1967,,4.70,4.77,
28-Apr-1967,,4.72,4.78,
27-Apr-1967,,4.67,4.73,
26-Apr-1967,,4.63,4.73,
25-Apr-1967,,4.61,4.71,
24-Apr-1967,,4.58,4.68,
21-Apr-1967,,4.54,4.66,
20-Apr-1967,,4.52,4.63,
19-Apr-1967,,4.52,4.63,
18-Apr-1967,,4.55,4.63,
17-Apr-1967,,4.54,4.61,
14-Apr-1967,,4.49,4.56,
13-Apr-1967,,4.48,4.54,
12-Apr-1967,,4.43,4.51,
11-Apr-1967,,4.41,4.51,
10-Apr-1967,,4.38,4.50,
07-Apr-1967,,4.38,4.48,
06-Apr-1967,,4.40,4.49,
05-Apr-1967,,4.43,4.50,
04-Apr-1967,,4.42,4.49,
03-Apr-1967,,4.42,4.50,
31-Mar-1967,,4.42,4.50,
30-Mar-1967,,4.44,4.50,
29-Mar-1967,,4.48,4.52,
28-Mar-1967,,4.48,4.52,
27-Mar-1967,,4.50,4.52,
23-Mar-1967,,4.47,4.50,
22-Mar-1967,,4.50,4.52,
21-Mar-1967,,4.49,4.51,
20-Mar-1967,,4.44,4.45,
17-Mar-1967,,4.47,4.47,
16-Mar-1967,,4.44,4.45,
15-Mar-1967,,4.51,4.49,
14-Mar-1967,,4.57,4.53,
13-Mar-1967,,4.59,4.56,
10-Mar-1967,,4.60,4.58,
09-Mar-1967,,4.60,4.57,
08-Mar-1967,,4.63,4.61,
07-Mar-1967,,4.62,4.60,
06-Mar-1967,,4.62,4.61,
03-Mar-1967,,4.62,4.62,
02-Mar-1967,,4.64,4.63,
01-Mar-1967,,4.70,4.66,
28-Feb-1967,,4.78,4.72,
27-Feb-1967,,4.78,4.72,
24-Feb-1967,,4.79,4.73,
23-Feb-1967,,4.83,4.74,
21-Feb-1967,,4.81,4.71,
20-Feb-1967,,4.80,4.70,
17-Feb-1967,,4.79,4.68,
16-Feb-1967,,4.78,4.67,
15-Feb-1967,,4.78,4.69,
14-Feb-1967,,4.74,4.64,
10-Feb-1967,,4.72,4.59,
09-Feb-1967,,4.66,4.53,
08-Feb-1967,,4.67,4.54,
07-Feb-1967,,4.68,4.54,
06-Feb-1967,,4.66,4.53,
03-Feb-1967,,4.66,4.52,
02-Feb-1967,,4.65,4.51,
01-Feb-1967,,4.68,4.52,
31-Jan-1967,,4.67,4.52,
30-Jan-1967,,4.61,4.48,
27-Jan-1967,,4.61,4.47,
26-Jan-1967,,4.63,4.50,
25-Jan-1967,,4.74,4.62,
24-Jan-1967,,4.75,4.65,
23-Jan-1967,,4.70,4.60,
20-Jan-1967,,4.70,4.60,
19-Jan-1967,,4.69,4.58,
18-Jan-1967,,4.64,4.53,
17-Jan-1967,,4.61,4.51,
16-Jan-1967,,4.60,4.49,
13-Jan-1967,,4.66,4.51,
12-Jan-1967,,4.70,4.55,
11-Jan-1967,,4.69,4.54,
10-Jan-1967,,4.81,4.69,
09-Jan-1967,,4.82,4.71,
06-Jan-1967,,4.76,4.64,
05-Jan-1967,,4.75,4.63,
04-Jan-1967,,4.80,4.65,
03-Jan-1967,,4.84,4.69,
30-Dec-1966,,4.80,4.64,
29-Dec-1966,,4.80,4.66,
28-Dec-1966,,4.76,4.64,
27-Dec-1966,,4.87,4.71,
23-Dec-1966,,4.84,4.67,
22-Dec-1966,,4.85,4.68,
21-Dec-1966,,4.84,4.66,
20-Dec-1966,,4.85,4.69,
19-Dec-1966,,4.86,4.72,
16-Dec-1966,,4.92,4.78,
15-Dec-1966,,4.91,4.76,
14-Dec-1966,,5.03,4.83,
13-Dec-1966,,5.05,4.86,
12-Dec-1966,,5.10,4.93,
09-Dec-1966,,5.18,5.05,
08-Dec-1966,,5.24,5.10,
07-Dec-1966,,5.22,5.07,
06-Dec-1966,,5.25,5.07,
05-Dec-1966,,5.24,5.06,
02-Dec-1966,,5.22,5.03,
01-Dec-1966,,5.25,5.09,
30-Nov-1966,,5.28,5.12,
29-Nov-1966,,5.31,5.15,
28-Nov-1966,,5.35,5.19,
25-Nov-1966,,5.39,5.23,
23-Nov-1966,,5.39,5.22,
22-Nov-1966,,5.38,5.20,
21-Nov-1966,,5.36,5.17,
18-Nov-1966,,5.41,5.22,
17-Nov-1966,,5.42,5.23,
16-Nov-1966,,5.42,5.22,
15-Nov-1966,,5.41,5.21,
14-Nov-1966,,5.41,5.19,
10-Nov-1966,,5.39,5.17,
09-Nov-1966,,5.35,5.12,
07-Nov-1966,,5.36,5.11,
04-Nov-1966,,5.37,5.11,
03-Nov-1966,,5.33,5.06,
02-Nov-1966,,5.32,5.04,
01-Nov-1966,,5.26,4.99,
31-Oct-1966,,5.22,4.97,
28-Oct-1966,,5.22,4.97,
27-Oct-1966,,5.28,4.99,
26-Oct-1966,,5.27,4.96,
25-Oct-1966,,5.24,4.94,
24-Oct-1966,,5.23,4.94,
21-Oct-1966,,5.23,4.94,
20-Oct-1966,,5.28,5.02,
19-Oct-1966,,5.25,5.00,
18-Oct-1966,,5.24,4.99,
17-Oct-1966,,5.26,5.04,
14-Oct-1966,,5.29,5.06,
13-Oct-1966,,5.29,5.07,
11-Oct-1966,,5.29,5.05,
10-Oct-1966,,5.30,5.05,
07-Oct-1966,,5.26,5.02,
06-Oct-1966,,5.24,5.03,
05-Oct-1966,,5.27,5.05,
04-Oct-1966,,5.32,5.06,
03-Oct-1966,,5.37,5.08,
30-Sep-1966,,5.34,5.02,
29-Sep-1966,,5.25,4.99,
28-Sep-1966,,5.35,5.09,
27-Sep-1966,,5.39,5.13,
26-Sep-1966,,5.44,5.17,
23-Sep-1966,,5.47,5.17,
22-Sep-1966,,5.47,5.15,
21-Sep-1966,,5.53,5.21,
20-Sep-1966,,5.60,5.27,
19-Sep-1966,,5.64,5.32,
16-Sep-1966,,5.55,5.24,
15-Sep-1966,,5.56,5.25,
14-Sep-1966,,5.54,5.21,
13-Sep-1966,,5.48,5.16,
12-Sep-1966,,5.51,5.18,
09-Sep-1966,,5.51,5.17,
08-Sep-1966,,5.53,5.18,
07-Sep-1966,,5.54,5.20,
06-Sep-1966,,5.53,5.19,
02-Sep-1966,,5.55,5.23,
01-Sep-1966,,5.63,5.30,
31-Aug-1966,,5.68,5.36,
30-Aug-1966,,5.85,5.48,
29-Aug-1966,,5.89,5.51,
26-Aug-1966,,5.83,5.48,
25-Aug-1966,,5.73,5.39,
24-Aug-1966,,5.68,5.36,
23-Aug-1966,,5.63,5.33,
22-Aug-1966,,5.58,5.29,
19-Aug-1966,,5.62,5.31,
18-Aug-1966,,5.60,5.29,
17-Aug-1966,,5.54,5.24,
16-Aug-1966,,5.49,5.18,
15-Aug-1966,,5.42,5.15,
12-Aug-1966,,5.37,5.11,
11-Aug-1966,,5.35,5.11,
10-Aug-1966,,5.33,5.10,
09-Aug-1966,,5.32,5.10,
08-Aug-1966,,5.30,5.08,
05-Aug-1966,,5.30,5.07,
04-Aug-1966,,5.28,5.07,
03-Aug-1966,,5.28,5.06,
02-Aug-1966,,5.25,5.04,
01-Aug-1966,,5.26,5.05,
29-Jul-1966,,5.26,5.05,
28-Jul-1966,,5.24,5.03,
27-Jul-1966,,5.19,4.99,
26-Jul-1966,,5.18,4.99,
25-Jul-1966,,5.17,4.99,
22-Jul-1966,,5.18,5.02,
21-Jul-1966,,5.18,5.04,
20-Jul-1966,,5.16,5.02,
19-Jul-1966,,5.15,5.03,
18-Jul-1966,,5.16,5.04,
15-Jul-1966,,5.21,5.09,
14-Jul-1966,,5.22,5.10,
13-Jul-1966,,5.20,5.07,
12-Jul-1966,,5.19,5.05,
11-Jul-1966,,5.19,5.03,
08-Jul-1966,,5.13,4.97,
07-Jul-1966,,5.10,4.95,
06-Jul-1966,,5.08,4.95,
05-Jul-1966,,5.09,4.96,
01-Jul-1966,,5.11,4.99,
30-Jun-1966,,5.09,4.97,
29-Jun-1966,,5.01,4.90,
28-Jun-1966,,5.02,4.89,
27-Jun-1966,,4.98,4.83,
24-Jun-1966,,4.94,4.80,
23-Jun-1966,,4.88,4.77,
22-Jun-1966,,4.89,4.76,
21-Jun-1966,,4.88,4.75,
20-Jun-1966,,4.88,4.76,
17-Jun-1966,,4.90,4.80,
16-Jun-1966,,4.90,4.81,
15-Jun-1966,,4.93,4.79,
14-Jun-1966,,5.00,4.83,
13-Jun-1966,,5.00,4.83,
10-Jun-1966,,5.01,4.83,
09-Jun-1966,,5.02,4.83,
08-Jun-1966,,5.02,4.83,
07-Jun-1966,,5.01,4.81,
06-Jun-1966,,5.01,4.79,
03-Jun-1966,,5.01,4.78,
02-Jun-1966,,4.99,4.77,
01-Jun-1966,,5.02,4.79,
31-May-1966,,5.00,4.80,
27-May-1966,,5.00,4.81,
26-May-1966,,4.99,4.80,
25-May-1966,,4.97,4.78,
24-May-1966,,4.96,4.79,
23-May-1966,,4.92,4.77,
20-May-1966,,4.88,4.75,
19-May-1966,,4.86,4.75,
18-May-1966,,4.84,4.75,
17-May-1966,,4.84,4.75,
16-May-1966,,4.85,4.77,
13-May-1966,,4.85,4.77,
12-May-1966,,4.84,4.77,
11-May-1966,,4.85,4.77,
10-May-1966,,4.82,4.75,
09-May-1966,,4.82,4.75,
06-May-1966,,4.86,4.79,
05-May-1966,,4.87,4.81,
04-May-1966,,4.86,4.81,
03-May-1966,,4.86,4.81,
02-May-1966,,4.86,4.80,
29-Apr-1966,,4.85,4.79,
28-Apr-1966,,4.84,4.78,
27-Apr-1966,,4.85,4.78,
26-Apr-1966,,4.86,4.79,
25-Apr-1966,,4.84,4.78,
22-Apr-1966,,4.83,4.77,
21-Apr-1966,,4.83,4.77,
20-Apr-1966,,4.85,4.80,
19-Apr-1966,,4.83,4.76,
18-Apr-1966,,4.84,4.76,
15-Apr-1966,,4.86,4.77,
14-Apr-1966,,4.84,4.76,
13-Apr-1966,,4.84,4.74,
12-Apr-1966,,4.83,4.73,
11-Apr-1966,,4.83,4.73,
07-Apr-1966,,4.83,4.73,
06-Apr-1966,,4.79,4.71,
05-Apr-1966,,4.76,4.66,
04-Apr-1966,,4.81,4.69,
01-Apr-1966,,4.81,4.70,
31-Mar-1966,,4.84,4.71,
30-Mar-1966,,4.81,4.70,
29-Mar-1966,,4.91,4.80,
28-Mar-1966,,4.93,4.81,
25-Mar-1966,,4.95,4.82,
24-Mar-1966,,4.88,4.76,
23-Mar-1966,,4.81,4.73,
22-Mar-1966,,4.84,4.78,
21-Mar-1966,,4.84,4.81,
18-Mar-1966,,4.88,4.84,
17-Mar-1966,,4.88,4.86,
16-Mar-1966,,4.91,4.90,
15-Mar-1966,,4.91,4.91,
14-Mar-1966,,4.95,4.94,
11-Mar-1966,,4.99,4.96,
10-Mar-1966,,4.98,4.95,
09-Mar-1966,,4.96,4.93,
08-Mar-1966,,4.95,4.93,
07-Mar-1966,,4.97,4.96,
04-Mar-1966,,4.97,4.98,
03-Mar-1966,,4.99,5.00,
02-Mar-1966,,5.00,5.00,
01-Mar-1966,,5.02,5.01,
28-Feb-1966,,5.03,5.02,
25-Feb-1966,,5.02,4.97,
24-Feb-1966,,4.99,4.93,
23-Feb-1966,,5.00,4.92,
21-Feb-1966,,5.00,4.92,
18-Feb-1966,,4.98,4.90,
17-Feb-1966,,4.97,4.88,
16-Feb-1966,,5.00,4.89,
15-Feb-1966,,5.00,4.88,
14-Feb-1966,,5.00,4.87,
11-Feb-1966,,5.01,4.86,
10-Feb-1966,,4.98,4.78,
09-Feb-1966,,4.97,4.74,
08-Feb-1966,,4.97,4.72,
07-Feb-1966,,4.99,4.73,
04-Feb-1966,,4.95,4.71,
03-Feb-1966,,4.95,4.70,
02-Feb-1966,,4.95,4.70,
01-Feb-1966,,4.94,4.69,
31-Jan-1966,,4.98,4.69,
28-Jan-1966,,4.95,4.65,
27-Jan-1966,,4.92,4.63,
26-Jan-1966,,4.91,4.61,
25-Jan-1966,,4.90,4.61,
24-Jan-1966,,4.88,4.60,
21-Jan-1966,,4.85,4.59,
20-Jan-1966,,4.84,4.60,
19-Jan-1966,,4.83,4.61,
18-Jan-1966,,4.83,4.61,
17-Jan-1966,,4.84,4.61,
14-Jan-1966,,4.82,4.59,
13-Jan-1966,,4.79,4.58,
12-Jan-1966,,4.77,4.56,
11-Jan-1966,,4.83,4.60,
10-Jan-1966,,4.84,4.61,
07-Jan-1966,,4.83,4.60,
06-Jan-1966,,4.84,4.60,
05-Jan-1966,,4.87,4.63,
04-Jan-1966,,4.89,4.65,
03-Jan-1966,,4.88,4.63,
31-Dec-1965,,4.88,4.65,
30-Dec-1965,,4.84,4.63,
29-Dec-1965,,4.81,4.62,
28-Dec-1965,,4.79,4.61,
27-Dec-1965,,4.77,4.62,
23-Dec-1965,,4.78,4.65,
22-Dec-1965,,4.76,4.65,
21-Dec-1965,,4.74,4.64,
20-Dec-1965,,4.71,4.61,
17-Dec-1965,,4.75,4.65,
16-Dec-1965,,4.76,4.66,
15-Dec-1965,,4.77,4.67,
14-Dec-1965,,4.77,4.67,
13-Dec-1965,,4.74,4.65,
10-Dec-1965,,4.69,4.60,
09-Dec-1965,,4.69,4.60,
08-Dec-1965,,4.69,4.60,
07-Dec-1965,,4.67,4.59,
06-Dec-1965,,4.69,4.61,
03-Dec-1965,,4.52,4.52,
02-Dec-1965,,4.51,4.52,
01-Dec-1965,,4.52,4.52,
30-Nov-1965,,4.47,4.48,
29-Nov-1965,,4.45,4.46,
26-Nov-1965,,4.44,4.45,
24-Nov-1965,,4.44,4.45,
23-Nov-1965,,4.45,4.45,
22-Nov-1965,,4.45,4.45,
19-Nov-1965,,4.46,4.46,
18-Nov-1965,,4.45,4.45,
17-Nov-1965,,4.46,4.45,
16-Nov-1965,,4.46,4.44,
15-Nov-1965,,4.47,4.45,
12-Nov-1965,,4.47,4.44,
10-Nov-1965,,4.49,4.46,
09-Nov-1965,,4.50,4.47,
08-Nov-1965,,4.50,4.45,
05-Nov-1965,,4.48,4.43,
04-Nov-1965,,4.45,4.43,
03-Nov-1965,,4.44,4.43,
01-Nov-1965,,4.43,4.43,
29-Oct-1965,,4.40,4.41,
28-Oct-1965,,4.39,4.40,
27-Oct-1965,,4.37,4.39,
26-Oct-1965,,4.37,4.38,
25-Oct-1965,,4.37,4.38,
22-Oct-1965,,4.34,4.36,
21-Oct-1965,,4.35,4.37,
20-Oct-1965,,4.35,4.36,
19-Oct-1965,,4.34,4.35,
18-Oct-1965,,4.34,4.34,
15-Oct-1965,,4.33,4.34,
14-Oct-1965,,4.31,4.31,
13-Oct-1965,,4.30,4.30,
11-Oct-1965,,4.31,4.31,
08-Oct-1965,,4.31,4.32,
07-Oct-1965,,4.31,4.31,
06-Oct-1965,,4.31,4.32,
05-Oct-1965,,4.32,4.33,
04-Oct-1965,,4.33,4.35,
01-Oct-1965,,4.34,4.36,
30-Sep-1965,,4.33,4.35,
29-Sep-1965,,4.34,4.36,
28-Sep-1965,,4.30,4.33,
27-Sep-1965,,4.27,4.31,
24-Sep-1965,,4.27,4.31,
23-Sep-1965,,4.26,4.30,
22-Sep-1965,,4.25,4.29,
21-Sep-1965,,4.24,4.28,
20-Sep-1965,,4.23,4.27,
17-Sep-1965,,4.23,4.27,
16-Sep-1965,,4.23,4.27,
15-Sep-1965,,4.24,4.28,
14-Sep-1965,,4.23,4.28,
13-Sep-1965,,4.23,4.28,
10-Sep-1965,,4.24,4.28,
09-Sep-1965,,4.24,4.27,
08-Sep-1965,,4.23,4.27,
07-Sep-1965,,4.23,4.27,
03-Sep-1965,,4.22,4.27,
02-Sep-1965,,4.23,4.28,
01-Sep-1965,,4.23,4.28,
31-Aug-1965,,4.22,4.27,
30-Aug-1965,,4.22,4.27,
27-Aug-1965,,4.22,4.27,
26-Aug-1965,,4.22,4.27,
25-Aug-1965,,4.21,4.26,
24-Aug-1965,,4.22,4.27,
23-Aug-1965,,4.21,4.26,
20-Aug-1965,,4.20,4.26,
19-Aug-1965,,4.21,4.26,
18-Aug-1965,,4.22,4.26,
17-Aug-1965,,4.22,4.27,
16-Aug-1965,,4.20,4.26,
13-Aug-1965,,4.20,4.25,
12-Aug-1965,,4.20,4.25,
11-Aug-1965,,4.20,4.25,
10-Aug-1965,,4.19,4.24,
09-Aug-1965,,4.19,4.24,
06-Aug-1965,,4.19,4.24,
05-Aug-1965,,4.19,4.23,
04-Aug-1965,,4.18,4.23,
03-Aug-1965,,4.18,4.22,
02-Aug-1965,,4.18,4.22,
30-Jul-1965,,4.18,4.22,
29-Jul-1965,,4.17,4.21,
28-Jul-1965,,4.15,4.20,
27-Jul-1965,,4.15,4.20,
26-Jul-1965,,4.15,4.20,
23-Jul-1965,,4.15,4.20,
22-Jul-1965,,4.15,4.20,
21-Jul-1965,,4.14,4.20,
20-Jul-1965,,4.14,4.20,
19-Jul-1965,,4.14,4.20,
16-Jul-1965,,4.15,4.20,
15-Jul-1965,,4.15,4.20,
14-Jul-1965,,4.15,4.21,
13-Jul-1965,,4.15,4.21,
12-Jul-1965,,4.15,4.21,
09-Jul-1965,,4.15,4.21,
08-Jul-1965,,4.14,4.20,
07-Jul-1965,,4.14,4.21,
06-Jul-1965,,4.16,4.21,
02-Jul-1965,,4.16,4.21,
01-Jul-1965,,4.15,4.20,
30-Jun-1965,,4.14,4.20,
29-Jun-1965,,4.14,4.20,
28-Jun-1965,,4.14,4.19,
25-Jun-1965,,4.13,4.19,
24-Jun-1965,,4.13,4.19,
23-Jun-1965,,4.13,4.20,
22-Jun-1965,,4.15,4.20,
21-Jun-1965,,4.15,4.20,
18-Jun-1965,,4.15,4.21,
17-Jun-1965,,4.15,4.21,
16-Jun-1965,,4.15,4.21,
15-Jun-1965,,4.15,4.21,
14-Jun-1965,,4.15,4.21,
11-Jun-1965,,4.16,4.23,
10-Jun-1965,,4.16,4.23,
09-Jun-1965,,4.16,4.23,
08-Jun-1965,,4.16,4.23,
07-Jun-1965,,4.15,4.23,
04-Jun-1965,,4.15,4.23,
03-Jun-1965,,4.15,4.23,
02-Jun-1965,,4.16,4.23,
01-Jun-1965,,4.15,4.23,
28-May-1965,,4.15,4.23,
27-May-1965,,4.14,4.22,
26-May-1965,,4.14,4.22,
25-May-1965,,4.15,4.22,
24-May-1965,,4.15,4.22,
21-May-1965,,4.15,4.22,
20-May-1965,,4.15,4.22,
19-May-1965,,4.15,4.22,
18-May-1965,,4.15,4.22,
17-May-1965,,4.15,4.21,
14-May-1965,,4.15,4.21,
13-May-1965,,4.16,4.21,
12-May-1965,,4.16,4.20,
11-May-1965,,4.15,4.20,
10-May-1965,,4.15,4.20,
07-May-1965,,4.14,4.20,
06-May-1965,,4.14,4.20,
05-May-1965,,4.14,4.20,
04-May-1965,,4.14,4.20,
03-May-1965,,4.16,4.21,
30-Apr-1965,,4.16,4.21,
29-Apr-1965,,4.16,4.21,
28-Apr-1965,,4.16,4.21,
27-Apr-1965,,4.16,4.21,
26-Apr-1965,,4.16,4.21,
23-Apr-1965,,4.16,4.21,
22-Apr-1965,,4.16,4.21,
21-Apr-1965,,4.16,4.21,
20-Apr-1965,,4.16,4.21,
19-Apr-1965,,4.16,4.21,
15-Apr-1965,,4.15,4.20,
14-Apr-1965,,4.14,4.19,
13-Apr-1965,,4.14,4.20,
12-Apr-1965,,4.15,4.20,
09-Apr-1965,,4.15,4.20,
08-Apr-1965,,4.13,4.19,
07-Apr-1965,,4.14,4.20,
06-Apr-1965,,4.14,4.20,
05-Apr-1965,,4.15,4.20,
02-Apr-1965,,4.15,4.20,
01-Apr-1965,,4.14,4.20,
31-Mar-1965,,4.14,4.20,
30-Mar-1965,,4.14,4.20,
29-Mar-1965,,4.15,4.20,
26-Mar-1965,,4.14,4.20,
25-Mar-1965,,4.13,4.19,
24-Mar-1965,,4.12,4.18,
23-Mar-1965,,4.13,4.19,
22-Mar-1965,,4.13,4.19,
19-Mar-1965,,4.13,4.20,
18-Mar-1965,,4.13,4.20,
17-Mar-1965,,4.12,4.20,
16-Mar-1965,,4.14,4.21,
15-Mar-1965,,4.15,4.21,
12-Mar-1965,,4.16,4.22,
11-Mar-1965,,4.16,4.22,
10-Mar-1965,,4.17,4.23,
09-Mar-1965,,4.18,4.23,
08-Mar-1965,,4.17,4.23,
05-Mar-1965,,4.17,4.23,
04-Mar-1965,,4.17,4.22,
03-Mar-1965,,4.17,4.23,
02-Mar-1965,,4.18,4.24,
01-Mar-1965,,4.16,4.22,
26-Feb-1965,,4.16,4.22,
25-Feb-1965,,4.15,4.21,
24-Feb-1965,,4.15,4.22,
23-Feb-1965,,4.15,4.21,
19-Feb-1965,,4.16,4.22,
18-Feb-1965,,4.15,4.21,
17-Feb-1965,,4.14,4.21,
16-Feb-1965,,4.15,4.21,
15-Feb-1965,,4.15,4.22,
11-Feb-1965,,4.15,4.21,
10-Feb-1965,,4.15,4.21,
09-Feb-1965,,4.15,4.21,
08-Feb-1965,,4.15,4.21,
05-Feb-1965,,4.16,4.22,
04-Feb-1965,,4.15,4.21,
03-Feb-1965,,4.13,4.20,
02-Feb-1965,,4.12,4.20,
01-Feb-1965,,4.12,4.20,
29-Jan-1965,,4.11,4.19,
28-Jan-1965,,4.10,4.19,
27-Jan-1965,,4.09,4.19,
26-Jan-1965,,4.09,4.19,
25-Jan-1965,,4.08,4.18,
22-Jan-1965,,4.08,4.17,
21-Jan-1965,,4.08,4.17,
20-Jan-1965,,4.09,4.18,
19-Jan-1965,,4.10,4.18,
18-Jan-1965,,4.11,4.19,
15-Jan-1965,,4.11,4.19,
14-Jan-1965,,4.10,4.19,
13-Jan-1965,,4.10,4.19,
12-Jan-1965,,4.11,4.19,
11-Jan-1965,,4.12,4.20,
08-Jan-1965,,4.12,4.20,
07-Jan-1965,,4.12,4.20,
06-Jan-1965,,4.11,4.20,
05-Jan-1965,,4.11,4.20,
04-Jan-1965,,4.12,4.20,
31-Dec-1964,,4.12,4.21,
30-Dec-1964,,4.09,4.20,
29-Dec-1964,,4.09,4.19,
28-Dec-1964,,4.09,4.19,
24-Dec-1964,,4.09,4.19,
23-Dec-1964,,4.09,4.19,
22-Dec-1964,,4.09,4.18,
21-Dec-1964,,4.09,4.18,
18-Dec-1964,,4.09,4.19,
17-Dec-1964,,4.08,4.18,
16-Dec-1964,,4.08,4.18,
15-Dec-1964,,4.08,4.17,
14-Dec-1964,,4.08,4.16,
11-Dec-1964,,4.07,4.15,
10-Dec-1964,,4.06,4.15,
09-Dec-1964,,4.06,4.16,
08-Dec-1964,,4.06,4.16,
07-Dec-1964,,4.07,4.17,
04-Dec-1964,,4.08,4.18,
03-Dec-1964,,4.09,4.18,
02-Dec-1964,,4.12,4.19,
01-Dec-1964,,4.13,4.20,
30-Nov-1964,,4.13,4.20,
27-Nov-1964,,4.11,4.19,
25-Nov-1964,,4.10,4.19,
24-Nov-1964,,4.09,4.18,
23-Nov-1964,,4.08,4.18,
20-Nov-1964,,4.01,4.13,
19-Nov-1964,,4.01,4.13,
18-Nov-1964,,4.01,4.14,
17-Nov-1964,,4.01,4.14,
16-Nov-1964,,4.01,4.13,
13-Nov-1964,,4.00,4.13,
12-Nov-1964,,3.99,4.12,
10-Nov-1964,,4.01,4.14,
09-Nov-1964,,4.03,4.15,
06-Nov-1964,,4.04,4.15,
05-Nov-1964,,4.04,4.15,
04-Nov-1964,,4.04,4.15,
02-Nov-1964,,4.04,4.15,
30-Oct-1964,,4.05,4.16,
29-Oct-1964,,4.04,4.16,
28-Oct-1964,,4.05,4.17,
27-Oct-1964,,4.06,4.18,
26-Oct-1964,,4.07,4.19,
23-Oct-1964,,4.07,4.19,
22-Oct-1964,,4.07,4.19,
21-Oct-1964,,4.07,4.19,
20-Oct-1964,,4.08,4.20,
19-Oct-1964,,4.09,4.21,
16-Oct-1964,,4.09,4.21,
15-Oct-1964,,4.08,4.20,
14-Oct-1964,,4.08,4.19,
13-Oct-1964,,4.08,4.19,
09-Oct-1964,,4.08,4.19,
08-Oct-1964,,4.07,4.19,
07-Oct-1964,,4.07,4.19,
06-Oct-1964,,4.07,4.19,
05-Oct-1964,,4.07,4.20,
02-Oct-1964,,4.07,4.18,
01-Oct-1964,,4.05,4.18,
30-Sep-1964,,4.05,4.18,
29-Sep-1964,,4.05,4.18,
28-Sep-1964,,4.04,4.17,
25-Sep-1964,,4.06,4.19,
24-Sep-1964,,4.06,4.19,
23-Sep-1964,,4.06,4.19,
22-Sep-1964,,4.06,4.19,
21-Sep-1964,,4.06,4.19,
18-Sep-1964,,4.07,4.20,
17-Sep-1964,,4.08,4.20,
16-Sep-1964,,4.09,4.21,
15-Sep-1964,,4.10,4.22,
14-Sep-1964,,4.09,4.22,
11-Sep-1964,,4.09,4.22,
10-Sep-1964,,4.09,4.22,
09-Sep-1964,,4.10,4.22,
08-Sep-1964,,4.10,4.22,
04-Sep-1964,,4.09,4.22,
03-Sep-1964,,4.09,4.22,
02-Sep-1964,,4.09,4.22,
01-Sep-1964,,4.08,4.21,
31-Aug-1964,,4.07,4.21,
28-Aug-1964,,4.07,4.21,
27-Aug-1964,,4.06,4.20,
26-Aug-1964,,4.06,4.20,
25-Aug-1964,,4.06,4.20,
24-Aug-1964,,4.06,4.19,
21-Aug-1964,,4.05,4.19,
20-Aug-1964,,4.05,4.19,
19-Aug-1964,,4.05,4.19,
18-Aug-1964,,4.05,4.19,
17-Aug-1964,,4.05,4.19,
14-Aug-1964,,4.05,4.19,
13-Aug-1964,,4.06,4.19,
12-Aug-1964,,4.06,4.20,
11-Aug-1964,,4.07,4.20,
10-Aug-1964,,4.06,4.19,
07-Aug-1964,,4.05,4.19,
06-Aug-1964,,4.04,4.18,
05-Aug-1964,,4.04,4.19,
04-Aug-1964,,4.04,4.19,
03-Aug-1964,,4.04,4.19,
31-Jul-1964,,4.04,4.19,
30-Jul-1964,,4.05,4.19,
29-Jul-1964,,4.05,4.20,
28-Jul-1964,,4.04,4.20,
27-Jul-1964,,4.03,4.20,
24-Jul-1964,,4.03,4.20,
23-Jul-1964,,4.03,4.20,
22-Jul-1964,,4.04,4.21,
21-Jul-1964,,4.05,4.20,
20-Jul-1964,,4.05,4.21,
17-Jul-1964,,4.04,4.20,
16-Jul-1964,,4.03,4.19,
15-Jul-1964,,4.02,4.19,
14-Jul-1964,,4.02,4.19,
13-Jul-1964,,4.02,4.19,
10-Jul-1964,,4.01,4.19,
09-Jul-1964,,4.01,4.18,
08-Jul-1964,,4.00,4.15,
07-Jul-1964,,4.00,4.15,
06-Jul-1964,,4.01,4.16,
02-Jul-1964,,4.01,4.15,
01-Jul-1964,,4.01,4.15,
30-Jun-1964,,4.01,4.15,
29-Jun-1964,,4.01,4.15,
26-Jun-1964,,4.01,4.15,
25-Jun-1964,,4.02,4.15,
24-Jun-1964,,4.03,4.15,
23-Jun-1964,,4.02,4.15,
22-Jun-1964,,4.00,4.15,
19-Jun-1964,,4.01,4.16,
18-Jun-1964,,4.01,4.17,
17-Jun-1964,,4.02,4.18,
16-Jun-1964,,4.02,4.18,
15-Jun-1964,,4.02,4.18,
12-Jun-1964,,4.02,4.18,
11-Jun-1964,,4.02,4.18,
10-Jun-1964,,4.02,4.17,
09-Jun-1964,,4.01,4.17,
08-Jun-1964,,4.02,4.18,
05-Jun-1964,,4.02,4.18,
04-Jun-1964,,4.03,4.19,
03-Jun-1964,,4.03,4.19,
02-Jun-1964,,4.03,4.19,
01-Jun-1964,,4.03,4.19,
28-May-1964,,4.03,4.19,
27-May-1964,,4.03,4.20,
26-May-1964,,4.03,4.19,
25-May-1964,,4.03,4.19,
22-May-1964,,4.04,4.20,
21-May-1964,,4.05,4.20,
20-May-1964,,4.05,4.20,
19-May-1964,,4.02,4.19,
18-May-1964,,4.02,4.19,
15-May-1964,,4.02,4.19,
14-May-1964,,4.01,4.19,
13-May-1964,,4.02,4.19,
12-May-1964,,4.03,4.19,
11-May-1964,,4.04,4.19,
08-May-1964,,4.06,4.20,
07-May-1964,,4.09,4.22,
06-May-1964,,4.10,4.22,
05-May-1964,,4.10,4.22,
04-May-1964,,4.10,4.22,
01-May-1964,,4.12,4.22,
30-Apr-1964,,4.13,4.22,
29-Apr-1964,,4.14,4.22,
28-Apr-1964,,4.15,4.23,
27-Apr-1964,,4.15,4.23,
24-Apr-1964,,4.15,4.23,
23-Apr-1964,,4.14,4.23,
22-Apr-1964,,4.14,4.23,
21-Apr-1964,,4.14,4.23,
20-Apr-1964,,4.14,4.24,
17-Apr-1964,,4.14,4.24,
16-Apr-1964,,4.14,4.23,
15-Apr-1964,,4.15,4.23,
14-Apr-1964,,4.16,4.24,
13-Apr-1964,,4.16,4.23,
10-Apr-1964,,4.15,4.22,
09-Apr-1964,,4.14,4.22,
08-Apr-1964,,4.16,4.22,
07-Apr-1964,,4.18,4.25,
06-Apr-1964,,4.19,4.25,
03-Apr-1964,,4.20,4.25,
02-Apr-1964,,4.18,4.24,
01-Apr-1964,,4.17,4.23,
31-Mar-1964,,4.16,4.23,
30-Mar-1964,,4.18,4.25,
26-Mar-1964,,4.19,4.25,
25-Mar-1964,,4.20,4.26,
24-Mar-1964,,4.21,4.26,
23-Mar-1964,,4.19,4.25,
20-Mar-1964,,4.17,4.25,
19-Mar-1964,,4.16,4.24,
18-Mar-1964,,4.14,4.23,
17-Mar-1964,,4.12,4.22,
16-Mar-1964,,4.11,4.21,
13-Mar-1964,,4.11,4.22,
12-Mar-1964,,4.12,4.21,
11-Mar-1964,,4.12,4.21,
10-Mar-1964,,4.11,4.20,
09-Mar-1964,,4.10,4.20,
06-Mar-1964,,4.11,4.19,
05-Mar-1964,,4.10,4.19,
04-Mar-1964,,4.11,4.19,
03-Mar-1964,,4.10,4.18,
02-Mar-1964,,4.10,4.17,
28-Feb-1964,,4.10,4.18,
27-Feb-1964,,4.07,4.17,
26-Feb-1964,,4.05,4.15,
25-Feb-1964,,4.06,4.15,
24-Feb-1964,,4.05,4.15,
20-Feb-1964,,4.04,4.14,
19-Feb-1964,,4.03,4.14,
18-Feb-1964,,4.03,4.14,
17-Feb-1964,,4.02,4.13,
14-Feb-1964,,4.02,4.13,
13-Feb-1964,,4.02,4.13,
11-Feb-1964,,4.02,4.14,
10-Feb-1964,,4.02,4.14,
07-Feb-1964,,4.01,4.14,
06-Feb-1964,,4.01,4.14,
05-Feb-1964,,4.02,4.15,
04-Feb-1964,,4.03,4.15,
03-Feb-1964,,4.02,4.15,
31-Jan-1964,,4.03,4.15,
30-Jan-1964,,4.05,4.16,
29-Jan-1964,,4.06,4.17,
28-Jan-1964,,4.06,4.17,
27-Jan-1964,,4.06,4.18,
24-Jan-1964,,4.06,4.18,
23-Jan-1964,,4.05,4.16,
22-Jan-1964,,4.05,4.16,
21-Jan-1964,,4.05,4.16,
20-Jan-1964,,4.06,4.16,
17-Jan-1964,,4.07,4.17,
16-Jan-1964,,4.08,4.17,
15-Jan-1964,,4.09,4.18,
14-Jan-1964,,4.08,4.18,
13-Jan-1964,,4.08,4.18,
10-Jan-1964,,4.10,4.18,
09-Jan-1964,,4.09,4.18,
08-Jan-1964,,4.09,4.18,
07-Jan-1964,,4.08,4.15,
06-Jan-1964,,4.08,4.16,
03-Jan-1964,,4.07,4.15,
02-Jan-1964,,4.07,4.14,
31-Dec-1963,,4.06,4.14,
30-Dec-1963,,4.05,4.14,
27-Dec-1963,,4.05,4.15,
26-Dec-1963,,4.06,4.15,
24-Dec-1963,,4.07,4.15,
23-Dec-1963,,4.07,4.15,
20-Dec-1963,,4.07,4.15,
19-Dec-1963,,4.06,4.14,
18-Dec-1963,,4.06,4.15,
17-Dec-1963,,4.07,4.15,
16-Dec-1963,,4.07,4.15,
13-Dec-1963,,4.05,4.13,
12-Dec-1963,,4.04,4.12,
11-Dec-1963,,4.03,4.12,
10-Dec-1963,,4.02,4.10,
09-Dec-1963,,4.01,4.10,
06-Dec-1963,,4.01,4.11,
05-Dec-1963,,4.01,4.11,
04-Dec-1963,,4.01,4.10,
03-Dec-1963,,4.02,4.10,
02-Dec-1963,,4.01,4.09,
29-Nov-1963,,3.99,4.08,
27-Nov-1963,,3.99,4.08,
26-Nov-1963,,3.98,4.08,
22-Nov-1963,,4.00,4.09,
21-Nov-1963,,4.00,4.10,
20-Nov-1963,,4.00,4.09,
19-Nov-1963,,4.00,4.10,
18-Nov-1963,,4.00,4.11,
15-Nov-1963,,4.00,4.11,
14-Nov-1963,,4.02,4.12,
13-Nov-1963,,4.04,4.15,
12-Nov-1963,,4.03,4.16,
08-Nov-1963,,4.05,4.16,
07-Nov-1963,,4.04,4.17,
06-Nov-1963,,4.04,4.17,
04-Nov-1963,,4.02,4.15,
01-Nov-1963,,4.01,4.15,
31-Oct-1963,,4.01,4.15,
30-Oct-1963,,4.00,4.14,
29-Oct-1963,,4.00,4.13,
28-Oct-1963,,3.98,4.12,
25-Oct-1963,,3.98,4.12,
24-Oct-1963,,3.97,4.11,
23-Oct-1963,,3.98,4.12,
22-Oct-1963,,3.98,4.11,
21-Oct-1963,,3.99,4.12,
18-Oct-1963,,3.99,4.12,
17-Oct-1963,,3.98,4.12,
16-Oct-1963,,3.97,4.11,
15-Oct-1963,,3.97,4.11,
14-Oct-1963,,3.96,4.10,
11-Oct-1963,,3.96,4.10,
10-Oct-1963,,3.97,4.10,
09-Oct-1963,,3.97,4.10,
08-Oct-1963,,3.96,4.09,
07-Oct-1963,,3.95,4.08,
04-Oct-1963,,3.94,4.08,
03-Oct-1963,,3.93,4.07,
02-Oct-1963,,3.93,4.07,
01-Oct-1963,,3.93,4.07,
30-Sep-1963,,3.94,4.07,
27-Sep-1963,,3.94,4.07,
26-Sep-1963,,3.95,4.08,
25-Sep-1963,,3.95,4.08,
24-Sep-1963,,3.95,4.08,
23-Sep-1963,,3.94,4.07,
20-Sep-1963,,3.94,4.07,
19-Sep-1963,,3.95,4.08,
18-Sep-1963,,3.96,4.08,
17-Sep-1963,,3.97,4.09,
16-Sep-1963,,3.97,4.09,
13-Sep-1963,,3.97,4.09,
12-Sep-1963,,3.97,4.09,
11-Sep-1963,,3.96,4.09,
10-Sep-1963,,3.97,4.09,
09-Sep-1963,,3.97,4.09,
06-Sep-1963,,3.97,4.09,
05-Sep-1963,,3.97,4.08,
04-Sep-1963,,3.94,4.04,
03-Sep-1963,,3.94,4.03,
30-Aug-1963,,3.93,4.02,
29-Aug-1963,,3.91,4.01,
28-Aug-1963,,3.90,4.00,
27-Aug-1963,,3.90,4.00,
26-Aug-1963,,3.89,4.00,
23-Aug-1963,,3.89,4.00,
22-Aug-1963,,3.89,4.00,
21-Aug-1963,,3.89,4.00,
20-Aug-1963,,3.88,3.99,
19-Aug-1963,,3.88,3.99,
16-Aug-1963,,3.89,4.00,
15-Aug-1963,,3.89,4.01,
14-Aug-1963,,3.90,4.02,
13-Aug-1963,,3.90,4.02,
12-Aug-1963,,3.90,4.01,
09-Aug-1963,,3.88,4.00,
08-Aug-1963,,3.88,4.00,
07-Aug-1963,,3.88,4.01,
06-Aug-1963,,3.87,4.00,
05-Aug-1963,,3.87,3.99,
02-Aug-1963,,3.86,3.99,
01-Aug-1963,,3.87,3.99,
31-Jul-1963,,3.88,4.00,
30-Jul-1963,,3.88,4.00,
29-Jul-1963,,3.87,3.99,
26-Jul-1963,,3.88,3.99,
25-Jul-1963,,3.89,4.01,
24-Jul-1963,,3.90,4.01,
23-Jul-1963,,3.91,4.02,
22-Jul-1963,,3.91,4.02,
19-Jul-1963,,3.90,4.02,
18-Jul-1963,,3.91,4.02,
17-Jul-1963,,3.92,4.03,
16-Jul-1963,,3.91,4.02,
15-Jul-1963,,3.90,4.02,
12-Jul-1963,,3.90,4.03,
11-Jul-1963,,3.91,4.04,
10-Jul-1963,,3.90,4.03,
09-Jul-1963,,3.91,4.04,
08-Jul-1963,,3.92,4.05,
05-Jul-1963,,3.89,4.04,
03-Jul-1963,,3.86,4.03,
02-Jul-1963,,3.86,4.03,
01-Jul-1963,,3.82,4.01,
28-Jun-1963,,3.82,4.00,
27-Jun-1963,,3.82,4.00,
26-Jun-1963,,3.82,4.00,
25-Jun-1963,,3.82,4.00,
24-Jun-1963,,3.82,4.00,
21-Jun-1963,,3.82,4.00,
20-Jun-1963,,3.82,4.00,
19-Jun-1963,,3.83,4.00,
18-Jun-1963,,3.83,4.00,
17-Jun-1963,,3.83,4.00,
14-Jun-1963,,3.82,3.99,
13-Jun-1963,,3.81,3.99,
12-Jun-1963,,3.81,3.99,
11-Jun-1963,,3.79,3.98,
10-Jun-1963,,3.80,3.99,
07-Jun-1963,,3.81,3.99,
06-Jun-1963,,3.80,3.99,
05-Jun-1963,,3.80,3.98,
04-Jun-1963,,3.80,3.98,
03-Jun-1963,,3.81,3.98,
31-May-1963,,3.78,3.96,
29-May-1963,,3.78,3.96,
28-May-1963,,3.77,3.96,
27-May-1963,,3.75,3.95,
24-May-1963,,3.75,3.95,
23-May-1963,,3.71,3.93,
22-May-1963,,3.70,3.92,
21-May-1963,,3.70,3.92,
20-May-1963,,3.71,3.93,
17-May-1963,,3.69,3.92,
16-May-1963,,3.68,3.90,
15-May-1963,,3.69,3.91,
14-May-1963,,3.70,3.91,
13-May-1963,,3.70,3.92,
10-May-1963,,3.71,3.93,
09-May-1963,,3.71,3.93,
08-May-1963,,3.70,3.92,
07-May-1963,,3.68,3.91,
06-May-1963,,3.69,3.92,
03-May-1963,,3.71,3.93,
02-May-1963,,3.72,3.94,
01-May-1963,,3.72,3.94,
30-Apr-1963,,3.73,3.95,
29-Apr-1963,,3.74,3.95,
26-Apr-1963,,3.73,3.95,
25-Apr-1963,,3.75,3.95,
24-Apr-1963,,3.76,3.96,
23-Apr-1963,,3.76,3.97,
22-Apr-1963,,3.76,3.97,
19-Apr-1963,,3.75,3.97,
18-Apr-1963,,3.76,3.99,
17-Apr-1963,,3.77,4.00,
16-Apr-1963,,3.76,4.00,
15-Apr-1963,,3.77,4.01,
11-Apr-1963,,3.74,4.00,
10-Apr-1963,,3.76,4.00,
09-Apr-1963,,3.73,3.98,
08-Apr-1963,,3.72,3.97,
05-Apr-1963,,3.70,3.95,
04-Apr-1963,,3.70,3.95,
03-Apr-1963,,3.71,3.96,
02-Apr-1963,,3.70,3.96,
01-Apr-1963,,3.70,3.95,
29-Mar-1963,,3.71,3.95,
28-Mar-1963,,3.71,3.96,
27-Mar-1963,,3.72,3.96,
26-Mar-1963,,3.71,3.96,
25-Mar-1963,,3.69,3.94,
22-Mar-1963,,3.68,3.93,
21-Mar-1963,,3.68,3.92,
20-Mar-1963,,3.68,3.92,
19-Mar-1963,,3.68,3.92,
18-Mar-1963,,3.68,3.92,
15-Mar-1963,,3.68,3.92,
14-Mar-1963,,3.68,3.92,
13-Mar-1963,,3.68,3.92,
12-Mar-1963,,3.68,3.92,
11-Mar-1963,,3.68,3.92,
08-Mar-1963,,3.67,3.92,
07-Mar-1963,,3.67,3.92,
06-Mar-1963,,3.67,3.91,
05-Mar-1963,,3.67,3.92,
04-Mar-1963,,3.67,3.92,
01-Mar-1963,,3.67,3.93,
28-Feb-1963,,3.68,3.94,
27-Feb-1963,,3.68,3.95,
26-Feb-1963,,3.68,3.95,
25-Feb-1963,,3.68,3.95,
21-Feb-1963,,3.68,3.95,
20-Feb-1963,,3.66,3.94,
19-Feb-1963,,3.66,3.93,
18-Feb-1963,,3.64,3.91,
15-Feb-1963,,3.64,3.91,
14-Feb-1963,,3.65,3.91,
13-Feb-1963,,3.65,3.92,
11-Feb-1963,,3.65,3.92,
08-Feb-1963,,3.65,3.91,
07-Feb-1963,,3.65,3.91,
06-Feb-1963,,3.65,3.91,
05-Feb-1963,,3.66,3.90,
04-Feb-1963,,3.66,3.89,
01-Feb-1963,,3.66,3.88,
31-Jan-1963,,3.65,3.87,
30-Jan-1963,,3.63,3.86,
29-Jan-1963,,3.63,3.86,
28-Jan-1963,,3.62,3.86,
25-Jan-1963,,3.61,3.85,
24-Jan-1963,,3.62,3.86,
23-Jan-1963,,3.62,3.86,
22-Jan-1963,,3.62,3.86,
21-Jan-1963,,3.60,3.85,
18-Jan-1963,,3.57,3.84,
17-Jan-1963,,3.56,3.82,
16-Jan-1963,,3.53,3.80,
15-Jan-1963,,3.53,3.80,
14-Jan-1963,,3.54,3.81,
11-Jan-1963,,3.54,3.80,
10-Jan-1963,,3.55,3.81,
09-Jan-1963,,3.56,3.82,
08-Jan-1963,,3.56,3.81,
07-Jan-1963,,3.57,3.83,
04-Jan-1963,,3.56,3.84,
03-Jan-1963,,3.53,3.81,
02-Jan-1963,,3.53,3.82,
31-Dec-1962,,3.56,3.85,
28-Dec-1962,,3.56,3.84,
27-Dec-1962,,3.52,3.81,
26-Dec-1962,,3.50,3.79,
24-Dec-1962,,3.50,3.79,
21-Dec-1962,,3.51,3.81,
20-Dec-1962,,3.54,3.83,
19-Dec-1962,,3.55,3.84,
18-Dec-1962,,3.55,3.83,
17-Dec-1962,,3.56,3.85,
14-Dec-1962,,3.57,3.87,
13-Dec-1962,,3.57,3.88,
12-Dec-1962,,3.57,3.88,
11-Dec-1962,,3.57,3.89,
10-Dec-1962,,3.58,3.90,
07-Dec-1962,,3.59,3.91,
06-Dec-1962,,3.60,3.92,
05-Dec-1962,,3.61,3.93,
04-Dec-1962,,3.61,3.94,
03-Dec-1962,,3.60,3.93,
30-Nov-1962,,3.59,3.92,
29-Nov-1962,,3.59,3.92,
28-Nov-1962,,3.59,3.92,
27-Nov-1962,,3.60,3.92,
26-Nov-1962,,3.60,3.93,
23-Nov-1962,,3.59,3.92,
21-Nov-1962,,3.59,3.92,
20-Nov-1962,,3.61,3.93,
19-Nov-1962,,3.62,3.93,
16-Nov-1962,,3.63,3.93,
15-Nov-1962,,3.59,3.91,
14-Nov-1962,,3.59,3.91,
13-Nov-1962,,3.58,3.90,
09-Nov-1962,,3.57,3.89,
08-Nov-1962,,3.59,3.90,
07-Nov-1962,,3.60,3.91,
05-Nov-1962,,3.61,3.91,
02-Nov-1962,,3.62,3.91,
01-Nov-1962,,3.63,3.92,
31-Oct-1962,,3.64,3.92,
30-Oct-1962,,3.63,3.92,
29-Oct-1962,,3.64,3.92,
26-Oct-1962,,3.65,3.93,
25-Oct-1962,,3.67,3.94,
24-Oct-1962,,3.67,3.94,
23-Oct-1962,,3.67,3.94,
22-Oct-1962,,3.64,3.91,
19-Oct-1962,,3.62,3.88,
18-Oct-1962,,3.63,3.92,
17-Oct-1962,,3.64,3.94,
16-Oct-1962,,3.63,3.94,
15-Oct-1962,,3.63,3.94,
11-Oct-1962,,3.63,3.94,
10-Oct-1962,,3.62,3.93,
09-Oct-1962,,3.64,3.95,
08-Oct-1962,,3.64,3.93,
05-Oct-1962,,3.62,3.92,
04-Oct-1962,,3.60,3.90,
03-Oct-1962,,3.60,3.90,
02-Oct-1962,,3.62,3.92,
01-Oct-1962,,3.64,3.93,
28-Sep-1962,,3.66,3.94,
27-Sep-1962,,3.67,3.95,
26-Sep-1962,,3.67,3.95,
25-Sep-1962,,3.68,3.96,
24-Sep-1962,,3.69,3.97,
21-Sep-1962,,3.71,3.98,
20-Sep-1962,,3.71,3.98,
19-Sep-1962,,3.71,3.99,
18-Sep-1962,,3.71,3.98,
17-Sep-1962,,3.71,3.99,
14-Sep-1962,,3.72,3.99,
13-Sep-1962,,3.72,3.99,
12-Sep-1962,,3.72,4.00,
11-Sep-1962,,3.72,4.00,
10-Sep-1962,,3.72,4.00,
07-Sep-1962,,3.74,4.01,
06-Sep-1962,,3.72,3.99,
05-Sep-1962,,3.68,3.97,
04-Sep-1962,,3.67,3.96,
31-Aug-1962,,3.66,3.96,
30-Aug-1962,,3.66,3.95,
29-Aug-1962,,3.67,3.96,
28-Aug-1962,,3.67,3.96,
27-Aug-1962,,3.67,3.95,
24-Aug-1962,,3.66,3.95,
23-Aug-1962,,3.66,3.95,
22-Aug-1962,,3.66,3.95,
21-Aug-1962,,3.66,3.94,
20-Aug-1962,,3.66,3.94,
17-Aug-1962,,3.69,3.96,
16-Aug-1962,,3.69,3.96,
15-Aug-1962,,3.72,3.98,
14-Aug-1962,,3.73,3.98,
13-Aug-1962,,3.74,3.99,
10-Aug-1962,,3.76,3.99,
09-Aug-1962,,3.76,3.99,
08-Aug-1962,,3.78,4.01,
07-Aug-1962,,3.79,4.02,
06-Aug-1962,,3.76,4.01,
03-Aug-1962,,3.77,4.01,
02-Aug-1962,,3.76,4.00,
01-Aug-1962,,3.80,4.03,
31-Jul-1962,,3.82,4.04,
30-Jul-1962,,3.81,4.03,
27-Jul-1962,,3.79,4.02,
26-Jul-1962,,3.82,4.01,
25-Jul-1962,,3.83,4.02,
24-Jul-1962,,3.82,4.01,
23-Jul-1962,,3.81,4.00,
20-Jul-1962,,3.82,4.01,
19-Jul-1962,,3.83,4.02,
18-Jul-1962,,3.83,4.02,
17-Jul-1962,,3.82,4.03,
16-Jul-1962,,3.80,4.01,
13-Jul-1962,,3.78,4.00,
12-Jul-1962,,3.78,4.00,
11-Jul-1962,,3.77,3.99,
10-Jul-1962,,3.81,4.02,
09-Jul-1962,,3.83,4.05,
06-Jul-1962,,3.79,4.02,
05-Jul-1962,,3.78,4.00,
03-Jul-1962,,3.76,4.00,
02-Jul-1962,,3.77,4.00,
29-Jun-1962,,3.76,4.00,
28-Jun-1962,,3.76,3.98,
27-Jun-1962,,3.68,3.96,
26-Jun-1962,,3.71,3.97,
25-Jun-1962,,3.68,3.95,
22-Jun-1962,,3.61,3.90,
21-Jun-1962,,3.61,3.90,
20-Jun-1962,,3.63,3.92,
19-Jun-1962,,3.64,3.93,
18-Jun-1962,,3.61,3.91,
15-Jun-1962,,3.60,3.89,
14-Jun-1962,,3.60,3.90,
13-Jun-1962,,3.57,3.87,
12-Jun-1962,,3.57,3.86,
11-Jun-1962,,3.59,3.87,
08-Jun-1962,,3.60,3.86,
07-Jun-1962,,3.60,3.87,
06-Jun-1962,,3.62,3.89,
05-Jun-1962,,3.64,3.89,
04-Jun-1962,,3.63,3.88,
01-Jun-1962,,3.64,3.89,
31-May-1962,,3.66,3.90,
29-May-1962,,3.66,3.89,
28-May-1962,,3.65,3.87,
25-May-1962,,3.66,3.88,
24-May-1962,,3.68,3.90,
23-May-1962,,3.69,3.91,
22-May-1962,,3.71,3.93,
21-May-1962,,3.74,3.94,
18-May-1962,,3.72,3.93,
17-May-1962,,3.67,3.87,
16-May-1962,,3.67,3.86,
15-May-1962,,3.67,3.87,
14-May-1962,,3.63,3.85,
11-May-1962,,3.61,3.82,
10-May-1962,,3.61,3.83,
09-May-1962,,3.60,3.82,
08-May-1962,,3.62,3.85,
07-May-1962,,3.64,3.86,
04-May-1962,,3.64,3.87,
03-May-1962,,3.64,3.86,
02-May-1962,,3.64,3.86,
01-May-1962,,3.63,3.85,
30-Apr-1962,,3.64,3.86,
27-Apr-1962,,3.64,3.86,
26-Apr-1962,,3.66,3.89,
25-Apr-1962,,3.66,3.88,
24-Apr-1962,,3.65,3.87,
23-Apr-1962,,3.63,3.86,
19-Apr-1962,,3.60,3.82,
18-Apr-1962,,3.60,3.81,
17-Apr-1962,,3.60,3.82,
16-Apr-1962,,3.60,3.83,
13-Apr-1962,,3.60,3.85,
12-Apr-1962,,3.61,3.86,
11-Apr-1962,,3.61,3.87,
10-Apr-1962,,3.57,3.83,
09-Apr-1962,,3.57,3.83,
06-Apr-1962,,3.55,3.81,
05-Apr-1962,,3.56,3.84,
04-Apr-1962,,3.51,3.78,
03-Apr-1962,,3.55,3.83,
02-Apr-1962,,3.58,3.86,
30-Mar-1962,,3.61,3.86,
29-Mar-1962,,3.64,3.90,
28-Mar-1962,,3.64,3.90,
27-Mar-1962,,3.65,3.90,
26-Mar-1962,,3.65,3.89,
23-Mar-1962,,3.62,3.87,
22-Mar-1962,,3.58,3.83,
21-Mar-1962,,3.61,3.86,
20-Mar-1962,,3.67,3.91,
19-Mar-1962,,3.71,3.93,
16-Mar-1962,,3.72,3.96,
15-Mar-1962,,3.73,3.96,
14-Mar-1962,,3.72,3.93,
13-Mar-1962,,3.70,3.92,
12-Mar-1962,,3.73,3.94,
09-Mar-1962,,3.71,3.96,
08-Mar-1962,,3.72,3.98,
07-Mar-1962,,3.74,4.00,
06-Mar-1962,,3.74,4.01,
05-Mar-1962,,3.74,4.00,
02-Mar-1962,,3.72,3.98,
01-Mar-1962,,3.71,3.98,
28-Feb-1962,,3.77,4.00,
27-Feb-1962,,3.80,4.01,
26-Feb-1962,,3.80,4.00,
23-Feb-1962,,3.83,4.02,
21-Feb-1962,,3.86,4.03,
20-Feb-1962,,3.88,4.05,
19-Feb-1962,,3.86,4.01,
16-Feb-1962,,3.88,4.02,
15-Feb-1962,,3.90,4.02,
14-Feb-1962,,3.90,4.03,
13-Feb-1962,,3.91,4.03,
09-Feb-1962,,3.91,4.05,
08-Feb-1962,,3.93,4.07,
07-Feb-1962,,3.95,4.07,
06-Feb-1962,,3.96,4.06,
05-Feb-1962,,3.96,4.07,
02-Feb-1962,,3.97,4.08,
01-Feb-1962,,4.00,4.09,
31-Jan-1962,,3.99,4.10,
30-Jan-1962,,3.98,4.11,
29-Jan-1962,,3.98,4.12,
26-Jan-1962,,3.97,4.11,
25-Jan-1962,,3.94,4.11,
24-Jan-1962,,3.93,4.10,
23-Jan-1962,,3.94,4.11,
22-Jan-1962,,3.93,4.09,
19-Jan-1962,,3.95,4.11,
18-Jan-1962,,3.96,4.11,
17-Jan-1962,,3.97,4.12,
16-Jan-1962,,3.98,4.13,
15-Jan-1962,,3.96,4.10,
12-Jan-1962,,3.95,4.08,
11-Jan-1962,,3.94,4.08,
10-Jan-1962,,3.94,4.07,
09-Jan-1962,,3.93,4.05,
08-Jan-1962,,3.91,4.03,
05-Jan-1962,,3.89,4.02,
04-Jan-1962,,3.86,3.99,
03-Jan-1962,,3.87,4.03,
02-Jan-1962,,3.88,4.06,
